"ID","Source","Family","Species","CommonName","Island","FirstRecorded","Notes"
"1603","Insects of Micronesia 6(7)","Margarodidae","Drosicha littorea Beardsley",NULL,"Ulithi","1952",NULL
"1604","Insects of Micronesia 6(7)","Margarodidae","Drosicha littorea Beardsley",NULL,"Kayangel","1956",NULL
"1605","Insects of Micronesia 6(7)","Margarodidae","Drosicha littorea Beardsley",NULL,"Koror","1947",NULL
"1606","Insects of Micronesia 6(7)","Margarodidae","Drosicha littorea Beardsley",NULL,"Ngulu","1952",NULL
"1607","Insects of Micronesia 6(7)","Margarodidae","Drosicha littorea Beardsley",NULL,"Sorol","1952",NULL
"1608","Insects of Micronesia 6(7)","Margarodidae","Drosicha littorea Beardsley",NULL,"Satawal","1952",NULL
"1609","Insects of Micronesia 6(7)","Margarodidae","Crypticerya jacobsoni (Green)",NULL,"Saipan","1936",NULL
"1610","Insects of Micronesia 6(7)","Margarodidae","Crypticerya jacobsoni (Green)",NULL,"Palau Islands","1939",NULL
"1611","Insects of Micronesia 6(7)","Margarodidae","Crypticerya jacobsoni (Green)",NULL,"Yap","1941",NULL
"1612","Insects of Micronesia 6(7)","Margarodidae","Icerya aegyptiaca (Douglas)",NULL,"Pagan","1959",NULL
"1613","Insects of Micronesia 6(7)","Margarodidae","Icerya aegyptiaca (Douglas)",NULL,"Anatahan","1951",NULL
"1614","Insects of Micronesia 6(7)","Margarodidae","Icerya aegyptiaca (Douglas)",NULL,"Tinian","1946",NULL
"1615","Insects of Micronesia 6(7)","Margarodidae","Icerya aegyptiaca (Douglas)",NULL,"Aguiguan","1952",NULL
"1616","Insects of Micronesia 6(7)","Margarodidae","Icerya aegyptiaca (Douglas)",NULL,"Rota","1946",NULL
"1617","Insects of Micronesia 6(7)","Margarodidae","Icerya aegyptiaca (Douglas)",NULL,"Guam","1945",NULL
"1618","Insects of Micronesia 6(7)","Margarodidae","Icerya aegyptiaca (Douglas)",NULL,"Koror","1948",NULL
"1619","Insects of Micronesia 6(7)","Margarodidae","Icerya aegyptiaca (Douglas)",NULL,"Ngerkabesang","1956",NULL
"1620","Insects of Micronesia 6(7)","Margarodidae","Icerya aegyptiaca (Douglas)",NULL,"Peleliu","1945",NULL
"1621","Insects of Micronesia 6(7)","Margarodidae","Icerya aegyptiaca (Douglas)",NULL,"Angaur","1954",NULL
"1622","Insects of Micronesia 6(7)","Margarodidae","Icerya aegyptiaca (Douglas)",NULL,"Yap","1946",NULL
"1623","Insects of Micronesia 6(7)","Margarodidae","Icerya aegyptiaca (Douglas)",NULL,"Ulithi","1946",NULL
"1624","Insects of Micronesia 6(7)","Margarodidae","Icerya aegyptiaca (Douglas)",NULL,"Fais","1952",NULL
"1625","Insects of Micronesia 6(7)","Margarodidae","Icerya aegyptiaca (Douglas)",NULL,"Nomwin","1946",NULL
"1626","Insects of Micronesia 6(7)","Margarodidae","Icerya aegyptiaca (Douglas)",NULL,"East Fayu","1952",NULL
"1627","Insects of Micronesia 6(7)","Margarodidae","Icerya aegyptiaca (Douglas)",NULL,"Wena(Moen)","1948",NULL
"1628","Insects of Micronesia 6(7)","Margarodidae","Icerya aegyptiaca (Douglas)",NULL,"Ponape","1948",NULL
"1629","Insects of Micronesia 6(7)","Margarodidae","Icerya aegyptiaca (Douglas)",NULL,"Wake","1959",NULL
"1630","Insects of Micronesia 6(7)","Margarodidae","Icerya aegyptiaca (Douglas)",NULL,"Kwajalein","1948",NULL
"1631","Insects of Micronesia 6(7)","Margarodidae","Icerya aegyptiaca (Douglas)",NULL,"Ailiglapalap","1946",NULL
"1632","Insects of Micronesia 6(7)","Margarodidae","Icerya aegyptiaca (Douglas)",NULL,"Jaluit","1946",NULL
"1633","Insects of Micronesia 6(7)","Margarodidae","Icerya aegyptiaca (Douglas)",NULL,"Likiep","1946",NULL
"1634","Insects of Micronesia 6(7)","Margarodidae","Icerya aegyptiaca (Douglas)",NULL,"Majuro","1958",NULL
"1635","Insects of Micronesia 6(7)","Margarodidae","Icerya aegyptiaca (Douglas)",NULL,"Butaritari","1957",NULL
"1636","Insects of Micronesia 6(7)","Margarodidae","Icerya aegyptiaca (Douglas)",NULL,"Tarawa","1957",NULL
"1637","Insects of Micronesia 6(7)","Margarodidae","Icerya purchasi Maskell",NULL,"Guam","1937",NULL
"1638","Insects of Micronesia 6(7)","Margarodidae","Icerya purchasi Maskell",NULL,"Wake","1957",NULL
"1639","Insects of Micronesia 6(7)","Margarodidae","Icerya purchasi Maskell",NULL,"Eniwetok","1957",NULL
"1640","Insects of Micronesia 6(7)","Margarodidae","Icerya purchasi Maskell",NULL,"Kwajalein","1958",NULL
"1641","Insects of Micronesia 6(7)","Margarodidae","Icerya purchasi Maskell",NULL,"Majuro","1958",NULL
"1642","Insects of Micronesia 6(7)","Margarodidae","Icerya purchasi Maskell",NULL,"Tarawa","1957",NULL
"1643","Insects of Micronesia 6(7)","Margarodidae","Iserya seychellarum (Westwood)",NULL,"Palau Islands","1936",NULL
"1644","Insects of Micronesia 6(7)","Margarodidae","Iserya seychellarum (Westwood)",NULL,"Yap","1946",NULL
"1645","Insects of Micronesia 6(7)","Margarodidae","Iserya seychellarum (Westwood)",NULL,"Ulithi","1944",NULL
"1646","Insects of Micronesia 6(7)","Margarodidae","Iserya seychellarum (Westwood)",NULL,"Ocean Island","1957",NULL
"1647","Insects of Micronesia 6(7)","Margarodidae","Steatococcus samaraius Morrison",NULL,"Babelthuap","1947",NULL
"1648","Insects of Micronesia 6(7)","Margarodidae","Steatococcus samaraius Morrison",NULL,"Yap","1963",NULL
"1649","Insects of Micronesia 6(7)","Ortheziidae","Nipponorthezia guadalcanalia Morrison",NULL,"Babelthuap","1952",NULL
"1650","Insects of Micronesia 6(7)","Ortheziidae","Nipponorthezia guadalcanalia Morrison",NULL,"Yap","1950",NULL
"1651","Insects of Micronesia 6(7)","Ortheziidae","Nipponorthezia guadalcanalia Morrison",NULL,"Ton(Tol)","1953",NULL
"1652","Insects of Micronesia 6(7)","Ortheziidae","Nipponorthezia guadalcanalia Morrison",NULL,"Kusaie","1953",NULL
"1653","Insects of Micronesia 6(7)","Pseudococcidae","Antonina graminis (Maskell)",NULL,"Guam","1911",NULL
"1654","Insects of Micronesia 6(7)","Pseudococcidae","Antonina graminis (Maskell)",NULL,"Saipan","1941",NULL
"1655","Insects of Micronesia 6(7)","Pseudococcidae","Antonina graminis (Maskell)",NULL,"Koror","1953",NULL
"1656","Insects of Micronesia 6(7)","Pseudococcidae","Antonina graminis (Maskell)",NULL,"Tonoas(Dublon)","1952",NULL
"1657","Insects of Micronesia 6(7)","Pseudococcidae","Antonina graminis (Maskell)",NULL,"Wake","1959",NULL
"1658","Insects of Micronesia 6(7)","Pseudococcidae","Antonina graminis (Maskell)",NULL,"Kwajalein","1946",NULL
"1659","Insects of Micronesia 6(7)","Pseudococcidae","Antonina graminis (Maskell)",NULL,"Johnston I.","1946",NULL
"1660","Insects of Micronesia 6(7)","Pseudococcidae","Chaetococcus bambusae (Maskell)",NULL,"Saipan","1946",NULL
"1661","Insects of Micronesia 6(7)","Pseudococcidae","Chaetococcus bambusae (Maskell)",NULL,"Koror","1946",NULL
"1662","Insects of Micronesia 6(7)","Pseudococcidae","Chaetococcus bambusae (Maskell)",NULL,"Yap","1956",NULL
"1663","Insects of Micronesia 6(7)","Pseudococcidae","Dysmicoccus boninsis (Kuwana)",NULL,"Guam","1911",NULL
"1664","Insects of Micronesia 6(7)","Pseudococcidae","Dysmicoccus boninsis (Kuwana)",NULL,"Babelthuap","1946",NULL
"1665","Insects of Micronesia 6(7)","Pseudococcidae","Dysmicoccus boninsis (Kuwana)",NULL,"Koror","1948",NULL
"1666","Insects of Micronesia 6(7)","Pseudococcidae","Dysmicoccus boninsis (Kuwana)",NULL,"Fais","1964",NULL
"1667","Insects of Micronesia 6(7)","Pseudococcidae","Dysmicoccus boninsis (Kuwana)",NULL,"Woleai","1946",NULL
"1668","Insects of Micronesia 6(7)","Pseudococcidae","Dysmicoccus boninsis (Kuwana)",NULL,"Faraulep","1964",NULL
"1669","Insects of Micronesia 6(7)","Pseudococcidae","Dysmicoccus boninsis (Kuwana)",NULL,"Ton(Tol)","1946",NULL
"1670","Insects of Micronesia 6(7)","Pseudococcidae","Dysmicoccus boninsis (Kuwana)",NULL,"Ponape","1948",NULL
"1671","Insects of Micronesia 6(7)","Pseudococcidae","Dysmicoccus brevipes (Cockerell)",NULL,"Saipan","1946",NULL
"1672","Insects of Micronesia 6(7)","Pseudococcidae","Dysmicoccus brevipes (Cockerell)",NULL,"Tinian","1945",NULL
"1673","Insects of Micronesia 6(7)","Pseudococcidae","Dysmicoccus brevipes (Cockerell)",NULL,"Aguiguan","1952",NULL
"1674","Insects of Micronesia 6(7)","Pseudococcidae","Dysmicoccus brevipes (Cockerell)",NULL,"Rota","1946",NULL
"1675","Insects of Micronesia 6(7)","Pseudococcidae","Dysmicoccus brevipes (Cockerell)",NULL,"Guam","1911",NULL
"1676","Insects of Micronesia 6(7)","Pseudococcidae","Dysmicoccus brevipes (Cockerell)",NULL,"Koror","1938",NULL
"1677","Insects of Micronesia 6(7)","Pseudococcidae","Dysmicoccus brevipes (Cockerell)",NULL,"Yap","1950",NULL
"1678","Insects of Micronesia 6(7)","Pseudococcidae","Dysmicoccus brevipes (Cockerell)",NULL,"Utot","1949",NULL
"1679","Insects of Micronesia 6(7)","Pseudococcidae","Dysmicoccus brevipes (Cockerell)",NULL,"Ton(Tol)","1949",NULL
"1680","Insects of Micronesia 6(7)","Pseudococcidae","Dysmicoccus brevipes (Cockerell)",NULL,"Ponape","1946",NULL
"1681","Insects of Micronesia 6(7)","Pseudococcidae","Dysmicoccus brevipes (Cockerell)",NULL,"Majuro","1950",NULL
"1682","Insects of Micronesia 6(7)","Pseudococcidae","Dysmicoccus brevipes (Cockerell)",NULL,"Jaluit","1946",NULL
"1683","Insects of Micronesia 6(7)","Pseudococcidae","Dysmicoccus brevipes (Cockerell)",NULL,"Ebon","1953",NULL
"1684","Insects of Micronesia 6(7)","Pseudococcidae","Dysmiccocus neobrevipes Beardsley",NULL,"Rota","1946",NULL
"1685","Insects of Micronesia 6(7)","Pseudococcidae","Dysmiccocus neobrevipes Beardsley",NULL,"Guam","1936",NULL
"1686","Insects of Micronesia 6(7)","Pseudococcidae","Dysmiccocus neobrevipes Beardsley",NULL,"Tarawa","1956",NULL
"1687","Insects of Micronesia 6(7)","Pseudococcidae","Dysmicoccus saipanensis (Shiraiwa)",NULL,"Pagan","1959",NULL
"1688","Insects of Micronesia 6(7)","Pseudococcidae","Dysmicoccus saipanensis (Shiraiwa)",NULL,"Alamagan","1948",NULL
"1689","Insects of Micronesia 6(7)","Pseudococcidae","Dysmicoccus saipanensis (Shiraiwa)",NULL,"Saipan","1946",NULL
"1690","Insects of Micronesia 6(7)","Pseudococcidae","Dysmicoccus saipanensis (Shiraiwa)",NULL,"Guam","1908",NULL
"1691","Insects of Micronesia 6(7)","Pseudococcidae","Dysmicoccus saipanensis (Shiraiwa)",NULL,"Map","1950",NULL
"1692","Insects of Micronesia 6(7)","Pseudococcidae","Dysmicoccus saipanensis (Shiraiwa)",NULL,"Yap","1949",NULL
"1693","Insects of Micronesia 6(7)","Pseudococcidae","Dysmicoccus saipanensis (Shiraiwa)",NULL,"Lamotrek","1950",NULL
"1694","Insects of Micronesia 6(7)","Pseudococcidae","Dysmicoccus saipanensis (Shiraiwa)",NULL,"Faraulep","1964",NULL
"1695","Insects of Micronesia 6(7)","Pseudococcidae","Dysmicoccus saipanensis (Shiraiwa)",NULL,"Woleai","1946",NULL
"1696","Insects of Micronesia 6(7)","Pseudococcidae","Dysmicoccus saipanensis (Shiraiwa)",NULL,"Ifaluk","1953",NULL
"1697","Insects of Micronesia 6(7)","Pseudococcidae","Dysmicoccus saipanensis (Shiraiwa)",NULL,"Nukuoru","1946",NULL
"1698","Insects of Micronesia 6(7)","Pseudococcidae","Dysmicoccus saipanensis (Shiraiwa)",NULL,"Nomwin","1954",NULL
"1699","Insects of Micronesia 6(7)","Pseudococcidae","Dysmicoccus saipanensis (Shiraiwa)",NULL,"Nama","1952",NULL
"1700","Insects of Micronesia 6(7)","Pseudococcidae","Dysmicoccus saipanensis (Shiraiwa)",NULL,"Fefan","1946",NULL
"1701","Insects of Micronesia 6(7)","Pseudococcidae","Dysmicoccus saipanensis (Shiraiwa)",NULL,"Pis","1946",NULL
"1702","Insects of Micronesia 6(7)","Pseudococcidae","Dysmicoccus saipanensis (Shiraiwa)",NULL,"Ponape","1946",NULL
"1703","Insects of Micronesia 6(7)","Pseudococcidae","Dysmicoccus saipanensis (Shiraiwa)",NULL,"Kusaie","1953",NULL
"1704","Insects of Micronesia 6(7)","Pseudococcidae","Dysmicoccus saipanensis (Shiraiwa)",NULL,"Lae","1953",NULL
"1705","Insects of Micronesia 6(7)","Pseudococcidae","Dysmicoccus saipanensis (Shiraiwa)",NULL,"Ailiglapalap","1946",NULL
"1706","Insects of Micronesia 6(7)","Pseudococcidae","Dysmicoccus saipanensis (Shiraiwa)",NULL,"Majuro","1946",NULL
"1707","Insects of Micronesia 6(7)","Pseudococcidae","Dysmicoccus saipanensis (Shiraiwa)",NULL,"Jaluit","1946",NULL
"1708","Insects of Micronesia 6(7)","Pseudococcidae","Dysmicoccus wisteriae (Green)",NULL,"Butaritari","1957",NULL
"1709","Insects of Micronesia 6(7)","Pseudococcidae","Ferrisia virgata (Cockerell)",NULL,"Saipan","1946",NULL
"1710","Insects of Micronesia 6(7)","Pseudococcidae","Ferrisia virgata (Cockerell)",NULL,"Tinian","1946",NULL
"1711","Insects of Micronesia 6(7)","Pseudococcidae","Ferrisia virgata (Cockerell)",NULL,"Guam","1911",NULL
"1712","Insects of Micronesia 6(7)","Pseudococcidae","Ferrisia virgata (Cockerell)",NULL,"Koror","1948",NULL
"1713","Insects of Micronesia 6(7)","Pseudococcidae","Ferrisia virgata (Cockerell)",NULL,"Yap","1948",NULL
"1714","Insects of Micronesia 6(7)","Pseudococcidae","Ferrisia virgata (Cockerell)",NULL,"Wena(Moen)","1946",NULL
"1715","Insects of Micronesia 6(7)","Pseudococcidae","Ferrisia virgata (Cockerell)",NULL,"Tonoas(Dublon)","1946",NULL
"1716","Insects of Micronesia 6(7)","Pseudococcidae","Ferrisia virgata (Cockerell)",NULL,"Pis","1946",NULL
"1717","Insects of Micronesia 6(7)","Pseudococcidae","Ferrisia virgata (Cockerell)",NULL,"Totiu(Param)","1949",NULL
"1718","Insects of Micronesia 6(7)","Pseudococcidae","Ferrisia virgata (Cockerell)",NULL,"Ponape","1946",NULL
"1719","Insects of Micronesia 6(7)","Pseudococcidae","Ferrisia virgata (Cockerell)",NULL,"Ailiglapalap","1946",NULL
"1720","Insects of Micronesia 6(7)","Pseudococcidae","Ferrisia virgata (Cockerell)",NULL,"Ujelang","1953",NULL
"1721","Insects of Micronesia 6(7)","Pseudococcidae","Ferrisia virgata (Cockerell)",NULL,"Rongelap","1963",NULL
"1722","Insects of Micronesia 6(7)","Pseudococcidae","Ferrisia virgata (Cockerell)",NULL,"Majuro","1950",NULL
"1723","Insects of Micronesia 6(7)","Pseudococcidae","Ferrisia virgata (Cockerell)",NULL,"Wake","1941",NULL
"1724","Insects of Micronesia 6(7)","Pseudococcidae","Ferrisia virgata (Cockerell)",NULL,"Tarawa","1956",NULL
"1725","Insects of Micronesia 6(7)","Pseudococcidae","Geococcus coffeae Green",NULL,"Koror","1937",NULL
"1726","Insects of Micronesia 6(7)","Pseudococcidae","Geococcus coffeae Green",NULL,"Ton(Tol)","1953",NULL
"1727","Insects of Micronesia 6(7)","Pseudococcidae","Geococcus coffeae Green",NULL,"Kusaie","1953",NULL
"1728","Insects of Micronesia 6(7)","Pseudococcidae","Laminococcus pandani (Cockerell)",NULL,"Eauripik","1958",NULL
"1729","Insects of Micronesia 6(7)","Pseudococcidae","Laminococcus pandani (Cockerell)",NULL,"Woleai","1953",NULL
"1730","Insects of Micronesia 6(7)","Pseudococcidae","Laminococcus pandani (Cockerell)",NULL,"Nomwin","1954",NULL
"1731","Insects of Micronesia 6(7)","Pseudococcidae","Laminococcus pandani (Cockerell)",NULL,"Losap","1952",NULL
"1732","Insects of Micronesia 6(7)","Pseudococcidae","Laminococcus pandani (Cockerell)",NULL,"Kapingamarangi","1954",NULL
"1733","Insects of Micronesia 6(7)","Pseudococcidae","Laminococcus pandani (Cockerell)",NULL,"Nukuoru","1946",NULL
"1734","Insects of Micronesia 6(7)","Pseudococcidae","Laminococcus pandani (Cockerell)",NULL,"Pis","1946",NULL
"1735","Insects of Micronesia 6(7)","Pseudococcidae","Laminococcus pandani (Cockerell)",NULL,"Wena(Moen)","1949",NULL
"1736","Insects of Micronesia 6(7)","Pseudococcidae","Laminococcus pandani (Cockerell)",NULL,"Ponape","1938",NULL
"1737","Insects of Micronesia 6(7)","Pseudococcidae","Laminococcus pandani (Cockerell)",NULL,"Ujelang","1953",NULL
"1738","Insects of Micronesia 6(7)","Pseudococcidae","Laminococcus pandani (Cockerell)",NULL,"Tarawa","1957",NULL
"1739","Insects of Micronesia 6(7)","Pseudococcidae","Laminococcus pandani (Cockerell)",NULL,"Kwajalein","1948",NULL
"1740","Insects of Micronesia 6(7)","Pseudococcidae","Laminococcus pandani (Cockerell)",NULL,"Likiep","1946",NULL
"1741","Insects of Micronesia 6(7)","Pseudococcidae","Laminococcus pandani (Cockerell)",NULL,"Butaritari","1957",NULL
"1742","Insects of Micronesia 6(7)","Pseudococcidae","Laminococcus pandani (Cockerell)",NULL,"Tarawa","1957",NULL
"1743","Insects of Micronesia 6(7)","Pseudococcidae","Neosimmondsia esakii Takahashi",NULL,"Ponape","1938",NULL
"1744","Insects of Micronesia 6(7)","Pseudococcidae","Palaucoccus gressitti Beardsley",NULL,"Babelthuap","1952",NULL
"1745","Insects of Micronesia 6(7)","Pseudococcidae","Palmicultor guamensis Beardsley",NULL,"Guam","1946",NULL
"1746","Insects of Micronesia 6(7)","Pseudococcidae","Palmicultor palmarum (Ehrhorn)",NULL,"Koror","1958",NULL
"1747","Insects of Micronesia 6(7)","Pseudococcidae","Palmicultor palmarum (Ehrhorn)",NULL,"Ngerkabesang","1953",NULL
"1748","Insects of Micronesia 6(7)","Pseudococcidae","Palmicultor palmarum (Ehrhorn)",NULL,"Peleliu","1946",NULL
"1749","Insects of Micronesia 6(7)","Pseudococcidae","Palmicultor palmarum (Ehrhorn)",NULL,"Yap","1950",NULL
"1750","Insects of Micronesia 6(7)","Pseudococcidae","Palmicultor palmarum (Ehrhorn)",NULL,"Pulo Anna","1952",NULL
"1751","Insects of Micronesia 6(7)","Pseudococcidae","Palmicultor palmarum (Ehrhorn)",NULL,"Ngulu","1952",NULL
"1752","Insects of Micronesia 6(7)","Pseudococcidae","Palmicultor palmarum (Ehrhorn)",NULL,"Ulithi","1946",NULL
"1753","Insects of Micronesia 6(7)","Pseudococcidae","Palmicultor palmarum (Ehrhorn)",NULL,"Lamotrek","1953",NULL
"1754","Insects of Micronesia 6(7)","Pseudococcidae","Palmicultor palmarum (Ehrhorn)",NULL,"Nomwin","1946",NULL
"1755","Insects of Micronesia 6(7)","Pseudococcidae","Palmicultor palmarum (Ehrhorn)",NULL,"Kapingamarangi","1946",NULL
"1756","Insects of Micronesia 6(7)","Pseudococcidae","Palmicultor palmarum (Ehrhorn)",NULL,"Wena(Moen)","1946",NULL
"1757","Insects of Micronesia 6(7)","Pseudococcidae","Palmicultor palmarum (Ehrhorn)",NULL,"Fefan","1946",NULL
"1758","Insects of Micronesia 6(7)","Pseudococcidae","Palmicultor palmarum (Ehrhorn)",NULL,"Tonoas(Dublon)","1937",NULL
"1759","Insects of Micronesia 6(7)","Pseudococcidae","Palmicultor palmarum (Ehrhorn)",NULL,"Ponape","1948",NULL
"1760","Insects of Micronesia 6(7)","Pseudococcidae","Palmicultor palmarum (Ehrhorn)",NULL,"Kusaie","1946",NULL
"1761","Insects of Micronesia 6(7)","Pseudococcidae","Palmicultor palmarum (Ehrhorn)",NULL,"Kwajalein","1945",NULL
"1762","Insects of Micronesia 6(7)","Pseudococcidae","Palmicultor palmarum (Ehrhorn)",NULL,"Lib","1953",NULL
"1763","Insects of Micronesia 6(7)","Pseudococcidae","Palmicultor palmarum (Ehrhorn)",NULL,"Ailiglapalap","1946",NULL
"1764","Insects of Micronesia 6(7)","Pseudococcidae","Palmicultor palmarum (Ehrhorn)",NULL,"Jaluit","1937",NULL
"1765","Insects of Micronesia 6(7)","Pseudococcidae","Palmicultor palmarum (Ehrhorn)",NULL,"Namorik","1953",NULL
"1766","Insects of Micronesia 6(7)","Pseudococcidae","Palmicultor palmarum (Ehrhorn)",NULL,"Likiep","1946",NULL
"1767","Insects of Micronesia 6(7)","Pseudococcidae","Palmicultor palmarum (Ehrhorn)",NULL,"Majuro","1946",NULL
"1768","Insects of Micronesia 6(7)","Pseudococcidae","Palmicultor palmarum (Ehrhorn)",NULL,"Tarawa","1956",NULL
"1769","Insects of Micronesia 6(7)","Pseudococcidae","Palmicultor palmarum (Ehrhorn)",NULL,"Canton","1950",NULL
"1770","Insects of Micronesia 6(7)","Pseudococcidae","Pandanicola esakii (Takahashi)",NULL,"Babelthuap","1953",NULL
"1771","Insects of Micronesia 6(7)","Pseudococcidae","Pandanicola pandani (Takahashi)",NULL,"Ponape","1939",NULL
"1772","Insects of Micronesia 6(7)","Pseudococcidae","Paraputo leveri (Green)",NULL,"Tobi","1952",NULL
"1773","Insects of Micronesia 6(7)","Pseudococcidae","Phenacoccus solani Ferris",NULL,"Eniwetok","1946",NULL
"1774","Insects of Micronesia 6(7)","Pseudococcidae","Phenacoccus solani Ferris",NULL,"Kwajalein","1957",NULL
"1775","Insects of Micronesia 6(7)","Pseudococcidae","Phenacoccus solani Ferris",NULL,"Tarawa","1956",NULL
"1776","Insects of Micronesia 6(7)","Pseudococcidae","Planococcus citri (Risso)",NULL,"Saipan","1946",NULL
"1777","Insects of Micronesia 6(7)","Pseudococcidae","Planococcus citri (Risso)",NULL,"Guam","1958",NULL
"1778","Insects of Micronesia 6(7)","Pseudococcidae","Planococcus citri (Risso)",NULL,"Babelthuap","1946",NULL
"1779","Insects of Micronesia 6(7)","Pseudococcidae","Planococcus citri (Risso)",NULL,"Koror","1948",NULL
"1780","Insects of Micronesia 6(7)","Pseudococcidae","Planococcus citri (Risso)",NULL,"Yap","1950",NULL
"1781","Insects of Micronesia 6(7)","Pseudococcidae","Planococcus citri (Risso)",NULL,"elato","1953",NULL
"1782","Insects of Micronesia 6(7)","Pseudococcidae","Planococcus citri (Risso)",NULL,"Wena(Moen)","1946",NULL
"1783","Insects of Micronesia 6(7)","Pseudococcidae","Planococcus citri (Risso)",NULL,"Tonoas(Dublon)","1946",NULL
"1784","Insects of Micronesia 6(7)","Pseudococcidae","Planococcus citri (Risso)",NULL,"Ponape","1946",NULL
"1785","Insects of Micronesia 6(7)","Pseudococcidae","Planococcus citri (Risso)",NULL,"Kusaie","1946",NULL
"1786","Insects of Micronesia 6(7)","Pseudococcidae","Planococcus citri (Risso)",NULL,"Kwajalein","1958",NULL
"1787","Insects of Micronesia 6(7)","Pseudococcidae","Planococcus citri (Risso)",NULL,"Butaritari","1957",NULL
"1788","Insects of Micronesia 6(7)","Pseudococcidae","Planococcus citri (Risso)",NULL,"Tarawa","1957",NULL
"1789","Insects of Micronesia 6(7)","Pseudococcidae","Planococcus lilacinus (Cockerell)",NULL,"Guam","1911",NULL
"1790","Insects of Micronesia 6(7)","Pseudococcidae","Planococcus lilacinus (Cockerell)",NULL,"Eauripik","1958",NULL
"1791","Insects of Micronesia 6(7)","Pseudococcidae","Planococcus lilacinus (Cockerell)",NULL,"Ifaluk","1958",NULL
"1792","Insects of Micronesia 6(7)","Pseudococcidae","Pseudococcus casuarinae (Takahashi)",NULL,"Koror","1938",NULL
"1793","Insects of Micronesia 6(7)","Pseudococcidae","Pseudococcus citriculus Green",NULL,"Koror","1953",NULL
"1794","Insects of Micronesia 6(7)","Pseudococcidae","Pseudococcus citriculus Green",NULL,"Ponape","1946",NULL
"1795","Insects of Micronesia 6(7)","Pseudococcidae","Pseudococcus dybasi Beardsley",NULL,"Ulebsehel(Aurapushekaru)","1948",NULL
"1796","Insects of Micronesia 6(7)","Pseudococcidae","Pseudococcus gilbertensis Beardsley",NULL,"Tarawa","1956",NULL
"1797","Insects of Micronesia 6(7)","Pseudococcidae","Pseudococcus kusaiensis Beardsley",NULL,"Kusaie","1946",NULL
"1798","Insects of Micronesia 6(7)","Pseudococcidae","Pseudococcus macrocirculus Beardsley",NULL,"Ngerkabesang","1954",NULL
"1799","Insects of Micronesia 6(7)","Pseudococcidae","Pseudococcus macrocirculus Beardsley",NULL,"Babelthuap","1947",NULL
"1800","Insects of Micronesia 6(7)","Pseudococcidae","Pseudococcus macrocirculus Beardsley",NULL,"Ulebsehel(Aurapushekaru)","1948",NULL
"1801","Insects of Micronesia 6(7)","Pseudococcidae","Pseudococcus macrocirculus Beardsley",NULL,"Yap","1950",NULL
"1802","Insects of Micronesia 6(7)","Pseudococcidae","Pseudococcus macrocirculus Beardsley",NULL,"Eauripik","1958",NULL
"1803","Insects of Micronesia 6(7)","Pseudococcidae","Pseudococcus macrocirculus Beardsley",NULL,"Tellei","1964",NULL
"1804","Insects of Micronesia 6(7)","Pseudococcidae","Pseudococcus marshallensis Beardsley",NULL,"Jaluit","1946",NULL
"1805","Insects of Micronesia 6(7)","Pseudococcidae","Pseudococcus marshallensis Beardsley",NULL,"Ailiglapalap","1946",NULL
"1806","Insects of Micronesia 6(7)","Pseudococcidae","Pseudococcus microadonidum Beardlsey",NULL,"Marakei","1957",NULL
"1807","Insects of Micronesia 6(7)","Pseudococcidae","Pseudococcus microadonidum Beardlsey",NULL,"Eniwetok","1946",NULL
"1808","Insects of Micronesia 6(7)","Pseudococcidae","Pseudococcus microadonidum Beardlsey",NULL,"Wotho","1953",NULL
"1809","Insects of Micronesia 6(7)","Pseudococcidae","Pseudococcus microadonidum Beardlsey",NULL,"Kwajalein","1946",NULL
"1810","Insects of Micronesia 6(7)","Pseudococcidae","Pseudococcus microadonidum Beardlsey",NULL,"Ailiglapalap","1946",NULL
"1811","Insects of Micronesia 6(7)","Pseudococcidae","Pseudococcus microadonidum Beardlsey",NULL,"Jaluit","1953",NULL
"1812","Insects of Micronesia 6(7)","Pseudococcidae","Pseudococcus microadonidum Beardlsey",NULL,"Likiep","1946",NULL
"1813","Insects of Micronesia 6(7)","Pseudococcidae","Pseudococcus microadonidum Beardlsey",NULL,"Majuro","1946",NULL
"1814","Insects of Micronesia 6(7)","Pseudococcidae","Pseudococcus microadonidum Beardlsey",NULL,"Arno","1950",NULL
"1815","Insects of Micronesia 6(7)","Pseudococcidae","Pseudococcus microadonidum Beardlsey",NULL,"Marakei","1957",NULL
"1816","Insects of Micronesia 6(7)","Pseudococcidae","Pseudococcus microadonidum Beardlsey",NULL,"Nukuoru","1946",NULL
"1817","Insects of Micronesia 6(7)","Pseudococcidae","Pseudococcus microadonidum Beardlsey",NULL,"Utot","1946",NULL
"1818","Insects of Micronesia 6(7)","Pseudococcidae","Pseudococcus microadonidum Beardlsey",NULL,"Ponape","1950",NULL
"1819","Insects of Micronesia 6(7)","Pseudococcidae","Pseudococcus multiductus Beardsley",NULL,"Babelthuap","1947",NULL
"1820","Insects of Micronesia 6(7)","Pseudococcidae","Pseudococcus neomaritimus Beardsley",NULL,"Yap","1950",NULL
"1821","Insects of Micronesia 6(7)","Pseudococcidae","Pseudococcus neomaritimus Beardsley",NULL,"Saipan","1946",NULL
"1822","Insects of Micronesia 6(7)","Pseudococcidae","Pseudococcus neomaritimus Beardsley",NULL,"Guam","1936",NULL
"1823","Insects of Micronesia 6(7)","Pseudococcidae","Pseudococcus neomaritimus Beardsley",NULL,"Yap","1950",NULL
"1824","Insects of Micronesia 6(7)","Pseudococcidae","Pseudococcus neomaritimus Beardsley",NULL,"Wena(Moen)","1952",NULL
"1825","Insects of Micronesia 6(7)","Pseudococcidae","Pseudococcus orchidicola Takahashi",NULL,"Saipan","1945",NULL
"1826","Insects of Micronesia 6(7)","Pseudococcidae","Pseudococcus orchidicola Takahashi",NULL,"Tinian","1945",NULL
"1827","Insects of Micronesia 6(7)","Pseudococcidae","Pseudococcus orchidicola Takahashi",NULL,"Rota","1937",NULL
"1828","Insects of Micronesia 6(7)","Pseudococcidae","Pseudococcus orchidicola Takahashi",NULL,"Eauripik","1958",NULL
"1829","Insects of Micronesia 6(7)","Pseudococcidae","Pseudococcus orchidicola Takahashi",NULL,"Nukuoru","1946",NULL
"1830","Insects of Micronesia 6(7)","Pseudococcidae","Pseudococcus orchidicola Takahashi",NULL,"Satawan","1952",NULL
"1831","Insects of Micronesia 6(7)","Pseudococcidae","Pseudococcus orchidicola Takahashi",NULL,"Fefan","1946",NULL
"1832","Insects of Micronesia 6(7)","Pseudococcidae","Pseudococcus orchidicola Takahashi",NULL,"Kusaie","1946",NULL
"1833","Insects of Micronesia 6(7)","Pseudococcidae","Pseudococcus orchidicola Takahashi",NULL,"Wotho","1952",NULL
"1834","Insects of Micronesia 6(7)","Pseudococcidae","Pseudococcus orchidicola Takahashi",NULL,"Ujae","1952",NULL
"1835","Insects of Micronesia 6(7)","Pseudococcidae","Pseudococcus orchidicola Takahashi",NULL,"Kwajalein","1946",NULL
"1836","Insects of Micronesia 6(7)","Pseudococcidae","Pseudococcus orchidicola Takahashi",NULL,"Jaluit","1958",NULL
"1837","Insects of Micronesia 6(7)","Pseudococcidae","Pseudococcus orchidicola Takahashi",NULL,"Namorik","1953",NULL
"1838","Insects of Micronesia 6(7)","Pseudococcidae","Pseudococcus orchidicola Takahashi",NULL,"Utirik","1951",NULL
"1839","Insects of Micronesia 6(7)","Pseudococcidae","Pseudococcus orchidicola Takahashi",NULL,"Ailuk","1951",NULL
"1840","Insects of Micronesia 6(7)","Pseudococcidae","Pseudococcus orchidicola Takahashi",NULL,"Likiep","1946",NULL
"1841","Insects of Micronesia 6(7)","Pseudococcidae","Pseudococcus orchidicola Takahashi",NULL,"Majuro","1946",NULL
"1842","Insects of Micronesia 6(7)","Pseudococcidae","Pseudococcus orchidicola Takahashi",NULL,"Arno","1950",NULL
"1843","Insects of Micronesia 6(7)","Pseudococcidae","Pseudococcus orchidicola Takahashi",NULL,"Mili","1953",NULL
"1844","Insects of Micronesia 6(7)","Pseudococcidae","Pseudococcus orchidicola Takahashi",NULL,"Tarawa","1956",NULL
"1845","Insects of Micronesia 6(7)","Pseudococcidae","Pseudococcus pandanicola Takahashi",NULL,"Babelthuap","1947",NULL
"1846","Insects of Micronesia 6(7)","Pseudococcidae","Pseudococcus pandanicola Takahashi",NULL,"Koror","1945",NULL
"1847","Insects of Micronesia 6(7)","Pseudococcidae","Pseudococcus solomonensis Williams",NULL,"Babelthuap","1946",NULL
"1848","Insects of Micronesia 6(7)","Pseudococcidae","Pseudococcus solomonensis Williams",NULL,"Koror","1947",NULL
"1849","Insects of Micronesia 6(7)","Pseudococcidae","Pseudococcus solomonensis Williams",NULL,"Yap","1950",NULL
"1850","Insects of Micronesia 6(7)","Pseudococcidae","Pseudococcus solomonensis Williams",NULL,"Wena(Moen)","1948",NULL
"1851","Insects of Micronesia 6(7)","Pseudococcidae","Pseudococcus solomonensis Williams",NULL,"Tonoas(Dublon)","1946",NULL
"1852","Insects of Micronesia 6(7)","Pseudococcidae","Pseudococcus solomonensis Williams",NULL,"Ponape","1953",NULL
"1853","Insects of Micronesia 6(7)","Pseudococcidae","Pseudococcus trukensis Beardsley",NULL,"Wena(Moen)","1954",NULL
"1854","Insects of Micronesia 6(7)","Pseudococcidae","Pseudococcus trukensis Beardsley",NULL,"Faraulep","1952",NULL
"1855","Insects of Micronesia 6(7)","Pseudococcidae","Pseudococcus trukensis Beardsley",NULL,"Tonoas(Dublon)","1946",NULL
"1856","Insects of Micronesia 6(7)","Pseudococcidae","Pseudococcus trukensis Beardsley",NULL,"Ton(Tol)","1953",NULL
"1857","Insects of Micronesia 6(7)","Pseudococcidae","Pseudococcus trukensis Beardsley",NULL,"Ponape","1950",NULL
"1858","Insects of Micronesia 6(7)","Pseudococcidae","Pseudococcus yapensis Beardsley",NULL,"Yap","1950",NULL
"1859","Insects of Micronesia 6(7)","Pseudococcidae","Rhizoecus advenus Beardsley",NULL,"Oahu","1959",NULL
"1860","Insects of Micronesia 6(7)","Pseudococcidae","Rhizoecus advenus Beardsley",NULL,"Ton(Tol)","1953",NULL
"1861","Insects of Micronesia 6(7)","Pseudococcidae","Rhizoecus carolinensis Beardsley",NULL,"Kusaie","1953",NULL
"1862","Insects of Micronesia 6(7)","Pseudococcidae","Rhizoecus carolinensis Beardsley",NULL,"Ton(Tol)","1953",NULL
"1863","Insects of Micronesia 6(7)","Pseudococcidae","Saccharicoccus sacchari (Cockerell)",NULL,"Saipan","1946",NULL
"1864","Insects of Micronesia 6(7)","Pseudococcidae","Saccharicoccus sacchari (Cockerell)",NULL,"Tinian","1946",NULL
"1865","Insects of Micronesia 6(7)","Pseudococcidae","Saccharicoccus sacchari (Cockerell)",NULL,"Rota","1946",NULL
"1866","Insects of Micronesia 6(7)","Pseudococcidae","Saccharicoccus sacchari (Cockerell)",NULL,"Guam","1936",NULL
"1867","Insects of Micronesia 6(7)","Pseudococcidae","Saccharicoccus sacchari (Cockerell)",NULL,"Babelthuap","1947",NULL
"1868","Insects of Micronesia 6(7)","Pseudococcidae","Saccharicoccus sacchari (Cockerell)",NULL,"Koror","1946",NULL
"1869","Insects of Micronesia 6(7)","Pseudococcidae","Saccharicoccus sacchari (Cockerell)",NULL,"Yap","1949",NULL
"1870","Insects of Micronesia 6(7)","Pseudococcidae","Saccharicoccus sacchari (Cockerell)",NULL,"Ulithi","1956",NULL
"1871","Insects of Micronesia 6(7)","Pseudococcidae","Saccharicoccus sacchari (Cockerell)",NULL,"Nukuoru","1946",NULL
"1872","Insects of Micronesia 6(7)","Pseudococcidae","Saccharicoccus sacchari (Cockerell)",NULL,"Fefan","1946",NULL
"1873","Insects of Micronesia 6(7)","Pseudococcidae","Saccharicoccus sacchari (Cockerell)",NULL,"Tonoas(Dublon)","1946",NULL
"1874","Insects of Micronesia 6(7)","Pseudococcidae","Saccharicoccus sacchari (Cockerell)",NULL,"Ton(Tol)","1946",NULL
"1875","Insects of Micronesia 6(7)","Pseudococcidae","Saccharicoccus sacchari (Cockerell)",NULL,"Ponape","1946",NULL
"1876","Insects of Micronesia 6(7)","Pseudococcidae","Trionymus palauensis Beardsley",NULL,"Koror","1956",NULL
"1877","Insects of Micronesia 6(7)","Pseudococcidae","Trionymus townesi Beardsley",NULL,"Tinian","1946",NULL
"1878","Insects of Micronesia 6(7)","Pseudococcidae","Turbinococcus pandanicola (Takahashi)",NULL,"Koror","1937",NULL
"1879","Insects of Micronesia 6(7)","Pseudococcidae","Turbinococcus pandanicola (Takahashi)",NULL,"Ngurukdabel(Urukthapel)","1958",NULL
"1880","Insects of Micronesia 6(7)","Coccidae","Ceroplastes cirripediformis Comstock",NULL,"Wake","1959",NULL
"1881","Insects of Micronesia 6(7)","Coccidae","Ceroplastes cirripediformis Comstock",NULL,"Eniwetok","1957",NULL
"1882","Insects of Micronesia 6(7)","Coccidae","Ceroplastes cirripediformis Comstock",NULL,"Kwajalein","1958",NULL
"1883","Insects of Micronesia 6(7)","Coccidae","Ceroplastes floridensis Comstock",NULL,"Bonin","1909",NULL
"1884","Insects of Micronesia 6(7)","Coccidae","Ceroplastes floridensis Comstock",NULL,"Rota","1936",NULL
"1885","Insects of Micronesia 6(7)","Coccidae","Ceroplastes floridensis Comstock",NULL,"Guam","1946",NULL
"1886","Insects of Micronesia 6(7)","Coccidae","Ceroplastes floridensis Comstock",NULL,"Koror","1939",NULL
"1887","Insects of Micronesia 6(7)","Coccidae","Ceroplastes floridensis Comstock",NULL,"Ulebsehel(Auluptagel)","1956",NULL
"1888","Insects of Micronesia 6(7)","Coccidae","Ceroplastes floridensis Comstock",NULL,"Peleliu","1945",NULL
"1889","Insects of Micronesia 6(7)","Coccidae","Ceroplastes pseudoceriferus Green",NULL,"Ulebsehel(Auluptagel)","1956",NULL
"1890","Insects of Micronesia 6(7)","Coccidae","Ceroplastes rubens Maskell",NULL,"Saipan","1946",NULL
"1891","Insects of Micronesia 6(7)","Coccidae","Ceroplastes rubens Maskell",NULL,"Rota","1946",NULL
"1892","Insects of Micronesia 6(7)","Coccidae","Ceroplastes rubens Maskell",NULL,"Guam","1938",NULL
"1893","Insects of Micronesia 6(7)","Coccidae","Ceroplastes rubens Maskell",NULL,"Ngaiangl(Kayangel)","1956",NULL
"1894","Insects of Micronesia 6(7)","Coccidae","Ceroplastes rubens Maskell",NULL,"Koror","1953",NULL
"1895","Insects of Micronesia 6(7)","Coccidae","Coccus acuminatus (Signoret)",NULL,"Guam","1936",NULL
"1896","Insects of Micronesia 6(7)","Coccidae","Coccus acuminatus (Signoret)",NULL,"Koror","1953",NULL
"1897","Insects of Micronesia 6(7)","Coccidae","Coccus acuminatus (Signoret)",NULL,"Ngerkabesang","1953",NULL
"1898","Insects of Micronesia 6(7)","Coccidae","Coccus elongatus (Signoret)",NULL,"Saipan","1946",NULL
"1899","Insects of Micronesia 6(7)","Coccidae","Coccus elongatus (Signoret)",NULL,"Tinian","1946",NULL
"1900","Insects of Micronesia 6(7)","Coccidae","Coccus elongatus (Signoret)",NULL,"Guam","1937",NULL
"1901","Insects of Micronesia 6(7)","Coccidae","Coccus elongatus (Signoret)",NULL,"Babelthuap","1953",NULL
"1902","Insects of Micronesia 6(7)","Coccidae","Coccus elongatus (Signoret)",NULL,"Koror","1953",NULL
"1903","Insects of Micronesia 6(7)","Coccidae","Coccus elongatus (Signoret)",NULL,"Ngurukdabel(Urukthapel)","1953",NULL
"1904","Insects of Micronesia 6(7)","Coccidae","Coccus elongatus (Signoret)",NULL,"Faraulep","1963",NULL
"1905","Insects of Micronesia 6(7)","Coccidae","Coccus elongatus (Signoret)",NULL,"Kwajalein","1958",NULL
"1906","Insects of Micronesia 6(7)","Coccidae","Coccus elongatus (Signoret)",NULL,"Majuro","1958",NULL
"1907","Insects of Micronesia 6(7)","Coccidae","Coccus hesperidum Linnaeus",NULL,"Saipan","1946",NULL
"1908","Insects of Micronesia 6(7)","Coccidae","Coccus hesperidum Linnaeus",NULL,"Koror","1958",NULL
"1909","Insects of Micronesia 6(7)","Coccidae","Coccus hesperidum Linnaeus",NULL,"Peleliu","1946",NULL
"1910","Insects of Micronesia 6(7)","Coccidae","Coccus hesperidum Linnaeus",NULL,"Yap","1952",NULL
"1911","Insects of Micronesia 6(7)","Coccidae","Coccus hesperidum Linnaeus",NULL,"Nukuoru","1946",NULL
"1912","Insects of Micronesia 6(7)","Coccidae","Coccus hesperidum Linnaeus",NULL,"Tonoas(Dublon)","1952",NULL
"1913","Insects of Micronesia 6(7)","Coccidae","Coccus hesperidum Linnaeus",NULL,"Eniwetok","1946",NULL
"1914","Insects of Micronesia 6(7)","Coccidae","Coccus hesperidum Linnaeus",NULL,"Ujelang","1953",NULL
"1915","Insects of Micronesia 6(7)","Coccidae","Coccus hesperidum Linnaeus",NULL,"Wotho","1953",NULL
"1916","Insects of Micronesia 6(7)","Coccidae","Coccus hesperidum Linnaeus",NULL,"Rongelap","1953",NULL
"1917","Insects of Micronesia 6(7)","Coccidae","Coccus hesperidum Linnaeus",NULL,"Kwajalein","1946",NULL
"1918","Insects of Micronesia 6(7)","Coccidae","Coccus hesperidum Linnaeus",NULL,"Namu","1953",NULL
"1919","Insects of Micronesia 6(7)","Coccidae","Coccus hesperidum Linnaeus",NULL,"Majuro","1946",NULL
"1920","Insects of Micronesia 6(7)","Coccidae","Coccus mangiferae (Green)",NULL,"Babelthuap","1953",NULL
"1921","Insects of Micronesia 6(7)","Coccidae","Coccus mangiferae (Green)",NULL,"Koror","1952",NULL
"1922","Insects of Micronesia 6(7)","Coccidae","Coccus moestus De Lotto",NULL,"Guam","1946",NULL
"1923","Insects of Micronesia 6(7)","Coccidae","Coccus moestus De Lotto",NULL,"Babelthuap","1947",NULL
"1924","Insects of Micronesia 6(7)","Coccidae","Coccus moestus De Lotto",NULL,"Koror","1954",NULL
"1925","Insects of Micronesia 6(7)","Coccidae","Coccus moestus De Lotto",NULL,"Peleliu","1946",NULL
"1926","Insects of Micronesia 6(7)","Coccidae","Coccus moestus De Lotto",NULL,"Woleai","1964",NULL
"1927","Insects of Micronesia 6(7)","Coccidae","Coccus moestus De Lotto",NULL,"Wena(Moen)","1949",NULL
"1928","Insects of Micronesia 6(7)","Coccidae","Coccus viridis (Green)",NULL,"Saipan","1946",NULL
"1929","Insects of Micronesia 6(7)","Coccidae","Coccus viridis (Green)",NULL,"Tinian","1946",NULL
"1930","Insects of Micronesia 6(7)","Coccidae","Coccus viridis (Green)",NULL,"Guam","1953",NULL
"1931","Insects of Micronesia 6(7)","Coccidae","Coccus viridis (Green)",NULL,"Babelthuap","1946",NULL
"1932","Insects of Micronesia 6(7)","Coccidae","Coccus viridis (Green)",NULL,"Yap","1946",NULL
"1933","Insects of Micronesia 6(7)","Coccidae","Coccus viridis (Green)",NULL,"Wena(Moen)","1952",NULL
"1934","Insects of Micronesia 6(7)","Coccidae","Coccus viridis (Green)",NULL,"Ton(Tol)","1946",NULL
"1935","Insects of Micronesia 6(7)","Coccidae","Coccus viridis (Green)",NULL,"Ponape","1946",NULL
"1936","Insects of Micronesia 6(7)","Coccidae","Coccus viridis (Green)",NULL,"Ocean Island","1957",NULL
"1937","Insects of Micronesia 6(7)","Coccidae","Eucalymnatus tessellatus (Signoret)",NULL,"Babelthuap","1953",NULL
"1938","Insects of Micronesia 6(7)","Coccidae","Eucalymnatus tessellatus (Signoret)",NULL,"Koror","1953",NULL
"1939","Insects of Micronesia 6(7)","Coccidae","Eucalymnatus tessellatus (Signoret)",NULL,"Wena(Moen)","1946",NULL
"1940","Insects of Micronesia 6(7)","Coccidae","Eucalymnatus tessellatus (Signoret)",NULL,"Ponape","1953",NULL
"1941","Insects of Micronesia 6(7)","Coccidae","Eucalymnatus tessellatus (Signoret)",NULL,"Kusaie","1946",NULL
"1942","Insects of Micronesia 6(7)","Coccidae","Paralecanium carolinensis Beardsley",NULL,"Losap","1952",NULL
"1943","Insects of Micronesia 6(7)","Coccidae","Paralecanium carolinensis Beardsley",NULL,"Nomwin","1954",NULL
"1944","Insects of Micronesia 6(7)","Coccidae","Paralecanium carolinensis Beardsley",NULL,"Ton(Tol)","1952",NULL
"1945","Insects of Micronesia 6(7)","Coccidae","Pulvinaria psidii Maskell",NULL,"Iwo Jima","1958",NULL
"1946","Insects of Micronesia 6(7)","Coccidae","Pulvinaria psidii Maskell",NULL,"Guam","1939",NULL
"1947","Insects of Micronesia 6(7)","Coccidae","Pulvinaria psidii Maskell",NULL,"Babelthuap","1947",NULL
"1948","Insects of Micronesia 6(7)","Coccidae","Pulvinaria psidii Maskell",NULL,"Koror","1948",NULL
"1949","Insects of Micronesia 6(7)","Coccidae","Pulvinaria psidii Maskell",NULL,"Wena(Moen)","1953",NULL
"1950","Insects of Micronesia 6(7)","Coccidae","Pulvinaria psidii Maskell",NULL,"Fefan","1946",NULL
"1951","Insects of Micronesia 6(7)","Coccidae","Pulvinaria psidii Maskell",NULL,"Ponape","1949",NULL
"1952","Insects of Micronesia 6(7)","Coccidae","Pulvinaria psidii Maskell",NULL,"Kusaie","1946",NULL
"1953","Insects of Micronesia 6(7)","Coccidae","Pulvinaria psidii Maskell",NULL,"Jaluit","1946",NULL
"1954","Insects of Micronesia 6(7)","Coccidae","Pulvinaria thespesiae Green",NULL,"Wena(Moen)","1949",NULL
"1955","Insects of Micronesia 6(7)","Coccidae","Pulvinaria urbicola Cockerell",NULL,"Saipan","1937",NULL
"1956","Insects of Micronesia 6(7)","Coccidae","Pulvinaria urbicola Cockerell",NULL,"Guam","1939",NULL
"1957","Insects of Micronesia 6(7)","Coccidae","Pulvinaria urbicola Cockerell",NULL,"Sorol","1958",NULL
"1958","Insects of Micronesia 6(7)","Coccidae","Pulvinaria urbicola Cockerell",NULL,"Lamotrek","1950",NULL
"1959","Insects of Micronesia 6(7)","Coccidae","Pulvinaria urbicola Cockerell",NULL,"Faraulep","1964",NULL
"1960","Insects of Micronesia 6(7)","Coccidae","Saissetia coffeae (Walker)",NULL,"Tinian","1946",NULL
"1961","Insects of Micronesia 6(7)","Coccidae","Saissetia coffeae (Walker)",NULL,"Guam","1953",NULL
"1962","Insects of Micronesia 6(7)","Coccidae","Saissetia coffeae (Walker)",NULL,"Babelthuap","1946",NULL
"1963","Insects of Micronesia 6(7)","Coccidae","Saissetia coffeae (Walker)",NULL,"Yap","1952",NULL
"1964","Insects of Micronesia 6(7)","Coccidae","Saissetia coffeae (Walker)",NULL,"Eniwetok","1957",NULL
"1965","Insects of Micronesia 6(7)","Coccidae","Saissetia coffeae (Walker)",NULL,"Kwajalein","1956",NULL
"1966","Insects of Micronesia 6(7)","Coccidae","Saissetia coffeae (Walker)",NULL,"Majuro","1946",NULL
"1967","Insects of Micronesia 6(7)","Coccidae","Saissetia nigra (Nietner)",NULL,"Iwo Jima","1958",NULL
"1968","Insects of Micronesia 6(7)","Coccidae","Saissetia nigra (Nietner)",NULL,"Saipan","1946",NULL
"1969","Insects of Micronesia 6(7)","Coccidae","Saissetia nigra (Nietner)",NULL,"Tinian","1946",NULL
"1970","Insects of Micronesia 6(7)","Coccidae","Saissetia nigra (Nietner)",NULL,"Guam","1911",NULL
"1971","Insects of Micronesia 6(7)","Coccidae","Saissetia nigra (Nietner)",NULL,"Koror","1948",NULL
"1972","Insects of Micronesia 6(7)","Coccidae","Saissetia nigra (Nietner)",NULL,"Peleliu","1945",NULL
"1973","Insects of Micronesia 6(7)","Coccidae","Saissetia nigra (Nietner)",NULL,"Angaur","1949",NULL
"1974","Insects of Micronesia 6(7)","Coccidae","Saissetia nigra (Nietner)",NULL,"Yap","1949",NULL
"1975","Insects of Micronesia 6(7)","Coccidae","Saissetia nigra (Nietner)",NULL,"Wena(Moen)","1946",NULL
"1976","Insects of Micronesia 6(7)","Coccidae","Saissetia nigra (Nietner)",NULL,"Ton(Tol)","1946",NULL
"1977","Insects of Micronesia 6(7)","Coccidae","Saissetia nigra (Nietner)",NULL,"Tonoas(Dublon)","1952",NULL
"1978","Insects of Micronesia 6(7)","Coccidae","Saissetia nigra (Nietner)",NULL,"Kusaie","1946",NULL
"1979","Insects of Micronesia 6(7)","Coccidae","Saissetia nigra (Nietner)",NULL,"Tarawa","1956",NULL
"1980","Insects of Micronesia 6(7)","Coccidae","Saissetia nigra (Nietner)",NULL,"Butaritari","1957",NULL
"1981","Insects of Micronesia 6(7)","Coccidae","Saissetia oleae (Bernard)",NULL,"Saipan","1946",NULL
"1982","Insects of Micronesia 6(7)","Coccidae","Saissetia oleae (Bernard)",NULL,"Guam","1945",NULL
"1983","Insects of Micronesia 6(7)","Coccidae","Saissetia oleae (Bernard)",NULL,"Koror","1953",NULL
"1984","Insects of Micronesia 6(7)","Coccidae","Saissetia oleae (Bernard)",NULL,"Ngerkabesang","1946",NULL
"1985","Insects of Micronesia 6(7)","Coccidae","Saissetia oleae (Bernard)",NULL,"Peleliu","1946",NULL
"1986","Insects of Micronesia 6(7)","Coccidae","Saissetia oleae (Bernard)",NULL,"Wena(Moen)","1954",NULL
"1987","Insects of Micronesia 6(7)","Coccidae","Saissetia oleae (Bernard)",NULL,"Ujelang","1953",NULL
"1988","Insects of Micronesia 6(7)","Coccidae","Vinsonia stellifera (Westwood)",NULL,"Koror","1946",NULL
"1989","Insects of Micronesia 6(7)","Coccidae","Vinsonia stellifera (Westwood)",NULL,"Angaur","1949",NULL
"1990","Insects of Micronesia 6(7)","Coccidae","Vinsonia stellifera (Westwood)",NULL,"Ponape","1946",NULL
"1991","Insects of Micronesia 6(7)","Asterolecaniidae","Asterolecanium bambusae (Boisduval)",NULL,"Tinian","1946",NULL
"1992","Insects of Micronesia 6(7)","Asterolecaniidae","Asterolecanium bambusae (Boisduval)",NULL,"Guam","1946",NULL
"1993","Insects of Micronesia 6(7)","Asterolecaniidae","Asterolecanium bambusae (Boisduval)",NULL,"Ngerkabesang","1947",NULL
"1994","Insects of Micronesia 6(7)","Asterolecaniidae","Asterolecanium coronatum Green",NULL,"Koror","1953",NULL
"1995","Insects of Micronesia 6(7)","Asterolecaniidae","Asterolecanium coronatum Green",NULL,"Ngerkabesang","1946",NULL
"1996","Insects of Micronesia 6(7)","Asterolecaniidae","Asterolecanium miliaris (Boisduval)",NULL,"Tinian","1946",NULL
"1997","Insects of Micronesia 6(7)","Asterolecaniidae","Asterolecanium miliaris (Boisduval)",NULL,"Guam","1945",NULL
"1998","Insects of Micronesia 6(7)","Asterolecaniidae","Asterolecanium miliaris (Boisduval)",NULL,"Koror","1947",NULL
"1999","Insects of Micronesia 6(7)","Asterolecaniidae","Asterolecanium miliaris (Boisduval)",NULL,"Ngerkabesang","1946",NULL
"2000","Insects of Micronesia 6(7)","Asterolecaniidae","Asterolecanium miliaris (Boisduval)",NULL,"Ponape","1946",NULL
"2001","Insects of Micronesia 6(7)","Asterolecaniidae","Asterolecanium pseudomiliaris Green",NULL,"Guam","1952",NULL
"2002","Insects of Micronesia 6(7)","Asterolecaniidae","Asterolecanium pseudomiliaris Green",NULL,"Ponape","1946",NULL
"2003","Insects of Micronesia 6(7)","Asterolecaniidae","Asterolecanium pustulans (Cockerell)",NULL,"Guam","1927",NULL
"2004","Insects of Micronesia 6(7)","Asterolecaniidae","Asterolecanium pustulans (Cockerell)",NULL,"Koror","1953",NULL
"2005","Insects of Micronesia 6(7)","Asterolecaniidae","Asterolecanium pustulans (Cockerell)",NULL,"Wena(Moen)","1954",NULL
"2006","Insects of Micronesia 6(7)","Asterolecaniidae","Asterolecanium pustulans (Cockerell)",NULL,"Likiep","1946",NULL
"2007","Insects of Micronesia 6(7)","Asterolecaniidae","Asterolecanium pustulans (Cockerell)",NULL,"Majuro","1958",NULL
"2008","Insects of Micronesia 6(7)","Asterolecaniidae","Asterolecanium pustulans (Cockerell)",NULL,"Butaritari","1957",NULL
"2009","Insects of Micronesia 6(7)","Asterolecaniidae","Asterolecanium pustulans (Cockerell)",NULL,"Tarawa","1957",NULL
"2010","Insects of Micronesia 6(7)","Asterolecaniidae","Asterolecanium robustum Green",NULL,"Guam","1953",NULL
"2011","Insects of Micronesia 6(7)","Asterolecaniidae","Asterolecanium robustum Green",NULL,"Babelthuap","1947",NULL
"2012","Insects of Micronesia 6(7)","Asterolecaniidae","Asterolecanium robustum Green",NULL,"Koror","1947",NULL
"2013","Insects of Micronesia 6(7)","Asterolecaniidae","Asterolecanium robustum Green",NULL,"Ponape","1949",NULL
"2014","Insects of Micronesia 6(7)","Diaspididae","Africonidia macdanieli Beardsley",NULL,"Ulebsehel(Auluptagel)","1956",NULL
"2015","Insects of Micronesia 6(7)","Diaspididae","Anastomoderma palauensis Beardsley",NULL,"Koror","1953",NULL
"2016","Insects of Micronesia 6(7)","Diaspididae","Aonidiella aurantii (Maskell)",NULL,"Bonin","1909",NULL
"2017","Insects of Micronesia 6(7)","Diaspididae","Aonidiella aurantii (Maskell)",NULL,"Guam","1945",NULL
"2018","Insects of Micronesia 6(7)","Diaspididae","Aonidiella aurantii (Maskell)",NULL,"Bikini","1946",NULL
"2019","Insects of Micronesia 6(7)","Diaspididae","Aonidiella comperei McKenzie",NULL,"Tinian","1946",NULL
"2020","Insects of Micronesia 6(7)","Diaspididae","Aonidiella comperei McKenzie",NULL,"Saipan","1946",NULL
"2021","Insects of Micronesia 6(7)","Diaspididae","Aonidiella comperei McKenzie",NULL,"Koror","1958",NULL
"2022","Insects of Micronesia 6(7)","Diaspididae","Aonidiella comperei McKenzie",NULL,"Yap","1958",NULL
"2023","Insects of Micronesia 6(7)","Diaspididae","Aonidiella comperei McKenzie",NULL,"Ulithi","1954",NULL
"2024","Insects of Micronesia 6(7)","Diaspididae","Aonidiella comperei McKenzie",NULL,"Tonoas(Dublon)","1946",NULL
"2025","Insects of Micronesia 6(7)","Diaspididae","Aonidiella comperei McKenzie",NULL,"Ailiglapalap","1946",NULL
"2026","Insects of Micronesia 6(7)","Diaspididae","Aonidiella comperei McKenzie",NULL,"Jaluit","1946",NULL
"2027","Insects of Micronesia 6(7)","Diaspididae","Aonidiella eremocitri McKenzie",NULL,"Babelthuap","1953",NULL
"2028","Insects of Micronesia 6(7)","Diaspididae","Aonidiella eremocitri McKenzie",NULL,"Koror","1954",NULL
"2029","Insects of Micronesia 6(7)","Diaspididae","Aonidiella eremocitri McKenzie",NULL,"Peleliu","1946",NULL
"2030","Insects of Micronesia 6(7)","Diaspididae","Aonidiella eremocitri McKenzie",NULL,"Ngurukdabel(Urukthapel)","1953",NULL
"2031","Insects of Micronesia 6(7)","Diaspididae","Aonidiella inornata McKenzie",NULL,"Guam","1936",NULL
"2032","Insects of Micronesia 6(7)","Diaspididae","Aonidiella inornata McKenzie",NULL,"Koror","1938",NULL
"2033","Insects of Micronesia 6(7)","Diaspididae","Aonidiella inornata McKenzie",NULL,"Yap","1946",NULL
"2034","Insects of Micronesia 6(7)","Diaspididae","Aonidiella inornata McKenzie",NULL,"Woleai","1946",NULL
"2035","Insects of Micronesia 6(7)","Diaspididae","Aonidiella inornata McKenzie",NULL,"Ton(Tol)","1946",NULL
"2036","Insects of Micronesia 6(7)","Diaspididae","Aonidiella inornata McKenzie",NULL,"Wena(Moen)","1946",NULL
"2037","Insects of Micronesia 6(7)","Diaspididae","Aonidiella inornata McKenzie",NULL,"Ponape","1946",NULL
"2038","Insects of Micronesia 6(7)","Diaspididae","Aonidiella inornata McKenzie",NULL,"Kusaie","1953",NULL
"2039","Insects of Micronesia 6(7)","Diaspididae","Aonidiella inornata McKenzie",NULL,"Wake","1939",NULL
"2040","Insects of Micronesia 6(7)","Diaspididae","Aonidiella inornata McKenzie",NULL,"Kwajalein","1946",NULL
"2041","Insects of Micronesia 6(7)","Diaspididae","Aonidiella inornata McKenzie",NULL,"Lib","1952",NULL
"2042","Insects of Micronesia 6(7)","Diaspididae","Aonidiella inornata McKenzie",NULL,"Ailiglapalap","1946",NULL
"2043","Insects of Micronesia 6(7)","Diaspididae","Aonidiella inornata McKenzie",NULL,"Jaluit","1946",NULL
"2044","Insects of Micronesia 6(7)","Diaspididae","Aonidiella inornata McKenzie",NULL,"Majuro","1946",NULL
"2045","Insects of Micronesia 6(7)","Diaspididae","Aonidiella orientalis (Newstead)",NULL,"Saipan","1946",NULL
"2046","Insects of Micronesia 6(7)","Diaspididae","Aonidiella orientalis (Newstead)",NULL,"Tinian","1946",NULL
"2047","Insects of Micronesia 6(7)","Diaspididae","Aonidiella orientalis (Newstead)",NULL,"Rota","1946",NULL
"2048","Insects of Micronesia 6(7)","Diaspididae","Aonidiella orientalis (Newstead)",NULL,"Guam","1936",NULL
"2049","Insects of Micronesia 6(7)","Diaspididae","Aonidiella orientalis (Newstead)",NULL,"Yap","1946",NULL
"2050","Insects of Micronesia 6(7)","Diaspididae","Aspidiella hartii (Cockerell)",NULL,"Guam","1946",NULL
"2051","Insects of Micronesia 6(7)","Diaspididae","Aspidiella sacchari (Cockerell)",NULL,"Saipan","1956",NULL
"2052","Insects of Micronesia 6(7)","Diaspididae","Aspidiella sacchari (Cockerell)",NULL,"Tinian","1946",NULL
"2053","Insects of Micronesia 6(7)","Diaspididae","Aspidiella sacchari (Cockerell)",NULL,"Guam","1911",NULL
"2054","Insects of Micronesia 6(7)","Diaspididae","Aspidiella sacchari (Cockerell)",NULL,"Babelthuap","1946",NULL
"2055","Insects of Micronesia 6(7)","Diaspididae","Aspidiella sacchari (Cockerell)",NULL,"Kwajalein","1953",NULL
"2056","Insects of Micronesia 6(7)","Diaspididae","Aspidiotus destructor Signoret",NULL,"Saipan","1946",NULL
"2057","Insects of Micronesia 6(7)","Diaspididae","Aspidiotus destructor Signoret",NULL,"Tinian","1946",NULL
"2058","Insects of Micronesia 6(7)","Diaspididae","Aspidiotus destructor Signoret",NULL,"Aguiguan","1952",NULL
"2059","Insects of Micronesia 6(7)","Diaspididae","Aspidiotus destructor Signoret",NULL,"Rota","1946",NULL
"2060","Insects of Micronesia 6(7)","Diaspididae","Aspidiotus destructor Signoret",NULL,"Guam","1936",NULL
"2061","Insects of Micronesia 6(7)","Diaspididae","Aspidiotus destructor Signoret",NULL,"Babelthuap","1946",NULL
"2062","Insects of Micronesia 6(7)","Diaspididae","Aspidiotus destructor Signoret",NULL,"Koror","1946",NULL
"2063","Insects of Micronesia 6(7)","Diaspididae","Aspidiotus destructor Signoret",NULL,"Ngesebus","1958",NULL
"2064","Insects of Micronesia 6(7)","Diaspididae","Aspidiotus destructor Signoret",NULL,"Peleliu","1946",NULL
"2065","Insects of Micronesia 6(7)","Diaspididae","Aspidiotus destructor Signoret",NULL,"Yap","1946",NULL
"2066","Insects of Micronesia 6(7)","Diaspididae","Aspidiotus destructor Signoret",NULL,"Rumug","1950",NULL
"2067","Insects of Micronesia 6(7)","Diaspididae","Aspidiotus destructor Signoret",NULL,"Wena(Moen)","1946",NULL
"2068","Insects of Micronesia 6(7)","Diaspididae","Aspidiotus destructor Signoret",NULL,"Ton(Tol)","1946",NULL
"2069","Insects of Micronesia 6(7)","Diaspididae","Aspidiotus destructor Signoret",NULL,"Tonoas(Dublon)","1946",NULL
"2070","Insects of Micronesia 6(7)","Diaspididae","Aspidiotus destructor Signoret",NULL,"Fefan","1946",NULL
"2071","Insects of Micronesia 6(7)","Diaspididae","Aspidiotus destructor Signoret",NULL,"Udot","1946",NULL
"2072","Insects of Micronesia 6(7)","Diaspididae","Aspidiotus destructor Signoret",NULL,"Ponape","1946",NULL
"2073","Insects of Micronesia 6(7)","Diaspididae","Aspiodotus excisus Green",NULL,"Saipan","1946",NULL
"2074","Insects of Micronesia 6(7)","Diaspididae","Aspiodotus excisus Green",NULL,"Tinian","1946",NULL
"2075","Insects of Micronesia 6(7)","Diaspididae","Aspiodotus excisus Green",NULL,"Ngerkabesang","1953",NULL
"2076","Insects of Micronesia 6(7)","Diaspididae","Aspiodotus excisus Green",NULL,"Ulithi","1954",NULL
"2077","Insects of Micronesia 6(7)","Diaspididae","Aspiodotus excisus Green",NULL,"Faraulep","1964",NULL
"2078","Insects of Micronesia 6(7)","Diaspididae","Aspiodotus excisus Green",NULL,"Woleai","1964",NULL
"2079","Insects of Micronesia 6(7)","Diaspididae","Aspiodotus excisus Green",NULL,"Nukuoru","1946",NULL
"2080","Insects of Micronesia 6(7)","Diaspididae","Aspiodotus spinosus Comstock",NULL,"Yap","1956",NULL
"2081","Insects of Micronesia 6(7)","Diaspididae","Chrysomphalus dictyospermi (Morgan)",NULL,"Saipan","1946",NULL
"2082","Insects of Micronesia 6(7)","Diaspididae","Chrysomphalus dictyospermi (Morgan)",NULL,"Guam","1946",NULL
"2083","Insects of Micronesia 6(7)","Diaspididae","Chrysomphalus dictyospermi (Morgan)",NULL,"Koror","1953",NULL
"2084","Insects of Micronesia 6(7)","Diaspididae","Chrysomphalus dictyospermi (Morgan)",NULL,"Wena(Moen)","1946",NULL
"2085","Insects of Micronesia 6(7)","Diaspididae","Chrysomphalus dictyospermi (Morgan)",NULL,"Majuro","1946",NULL
"2086","Insects of Micronesia 6(7)","Diaspididae","Chrysomphalus ficus Ashmead",NULL,"Bonin","1909",NULL
"2087","Insects of Micronesia 6(7)","Diaspididae","Chrysomphalus ficus Ashmead",NULL,"Ponape","1946",NULL
"2088","Insects of Micronesia 6(7)","Diaspididae","Duplaspidiotus claviger (Cockerell)",NULL,"Guam","1953",NULL
"2089","Insects of Micronesia 6(7)","Diaspididae","Duplaspidiotus tesseratus (de Charmonoy)",NULL,"Guam","1946",NULL
"2090","Insects of Micronesia 6(7)","Diaspididae","Furcapis oceanica Lindiger",NULL,"Saipan","1946",NULL
"2091","Insects of Micronesia 6(7)","Diaspididae","Furcapis oceanica Lindiger",NULL,"Babelthuap","1947",NULL
"2092","Insects of Micronesia 6(7)","Diaspididae","Furcapis oceanica Lindiger",NULL,"Koror","1946",NULL
"2093","Insects of Micronesia 6(7)","Diaspididae","Furcapis oceanica Lindiger",NULL,"Peleliu","1946",NULL
"2094","Insects of Micronesia 6(7)","Diaspididae","Furcapis oceanica Lindiger",NULL,"Angaur","1949",NULL
"2095","Insects of Micronesia 6(7)","Diaspididae","Furcapis oceanica Lindiger",NULL,"Yap","1949",NULL
"2096","Insects of Micronesia 6(7)","Diaspididae","Furcapis oceanica Lindiger",NULL,"Ulithi","1946",NULL
"2097","Insects of Micronesia 6(7)","Diaspididae","Furcapis oceanica Lindiger",NULL,"Woleai","1946",NULL
"2098","Insects of Micronesia 6(7)","Diaspididae","Furcapis oceanica Lindiger",NULL,"Ifaluk","1953",NULL
"2099","Insects of Micronesia 6(7)","Diaspididae","Furcapis oceanica Lindiger",NULL,"Satawal","1952",NULL
"2100","Insects of Micronesia 6(7)","Diaspididae","Furcapis oceanica Lindiger",NULL,"Nomwin","1946",NULL
"2101","Insects of Micronesia 6(7)","Diaspididae","Furcapis oceanica Lindiger",NULL,"Nama","1952",NULL
"2102","Insects of Micronesia 6(7)","Diaspididae","Furcapis oceanica Lindiger",NULL,"Losap","1952",NULL
"2103","Insects of Micronesia 6(7)","Diaspididae","Furcapis oceanica Lindiger",NULL,"Pis","1952",NULL
"2104","Insects of Micronesia 6(7)","Diaspididae","Furcapis oceanica Lindiger",NULL,"Mokil","1949",NULL
"2105","Insects of Micronesia 6(7)","Diaspididae","Furcapis oceanica Lindiger",NULL,"Pingelap","1949",NULL
"2106","Insects of Micronesia 6(7)","Diaspididae","Furcapis oceanica Lindiger",NULL,"Wena(Moen)","1946",NULL
"2107","Insects of Micronesia 6(7)","Diaspididae","Furcapis oceanica Lindiger",NULL,"Tonoas(Dublon)","1948",NULL
"2108","Insects of Micronesia 6(7)","Diaspididae","Furcapis oceanica Lindiger",NULL,"Ton(Tol)","1952",NULL
"2109","Insects of Micronesia 6(7)","Diaspididae","Furcapis oceanica Lindiger",NULL,"Fefan","1946",NULL
"2110","Insects of Micronesia 6(7)","Diaspididae","Furcapis oceanica Lindiger",NULL,"Ponape","1946",NULL
"2111","Insects of Micronesia 6(7)","Diaspididae","Furcapis oceanica Lindiger",NULL,"Kusaie","1946",NULL
"2112","Insects of Micronesia 6(7)","Diaspididae","Furcapis oceanica Lindiger",NULL,"Kwajalein","1946",NULL
"2113","Insects of Micronesia 6(7)","Diaspididae","Furcapis oceanica Lindiger",NULL,"Lib","1953",NULL
"2114","Insects of Micronesia 6(7)","Diaspididae","Furcapis oceanica Lindiger",NULL,"Ailiglapalap","1910",NULL
"2115","Insects of Micronesia 6(7)","Diaspididae","Furcapis oceanica Lindiger",NULL,"Jaluit","1946",NULL
"2116","Insects of Micronesia 6(7)","Diaspididae","Furcapis oceanica Lindiger",NULL,"Likiep","1946",NULL
"2117","Insects of Micronesia 6(7)","Diaspididae","Furcapis oceanica Lindiger",NULL,"Majuro","1946",NULL
"2118","Insects of Micronesia 6(7)","Diaspididae","Furcapis oceanica Lindiger",NULL,"Arno","1950",NULL
"2119","Insects of Micronesia 6(7)","Diaspididae","Hemiberlesia cyanophylli (Signoret)",NULL,"Kwajalein","1952",NULL
"2120","Insects of Micronesia 6(7)","Diaspididae","Hemiberlesia cyanophylli (Signoret)",NULL,"Ailiglapalap","1946",NULL
"2121","Insects of Micronesia 6(7)","Diaspididae","Hemiberlesia lataniae (Signoret)",NULL,"Iwo Jima","1958",NULL
"2122","Insects of Micronesia 6(7)","Diaspididae","Hemiberlesia lataniae (Signoret)",NULL,"Saipan","1946",NULL
"2123","Insects of Micronesia 6(7)","Diaspididae","Hemiberlesia lataniae (Signoret)",NULL,"Guam","1911",NULL
"2124","Insects of Micronesia 6(7)","Diaspididae","Hemiberlesia lataniae (Signoret)",NULL,"Koror","1948",NULL
"2125","Insects of Micronesia 6(7)","Diaspididae","Hemiberlesia lataniae (Signoret)",NULL,"Yap","1949",NULL
"2126","Insects of Micronesia 6(7)","Diaspididae","Hemiberlesia lataniae (Signoret)",NULL,"Wena(Moen)","1946",NULL
"2127","Insects of Micronesia 6(7)","Diaspididae","Hemiberlesia lataniae (Signoret)",NULL,"Tonoas(Dublon)","1946",NULL
"2128","Insects of Micronesia 6(7)","Diaspididae","Hemiberlesia lataniae (Signoret)",NULL,"Udot","1946",NULL
"2129","Insects of Micronesia 6(7)","Diaspididae","Hemiberlesia lataniae (Signoret)",NULL,"Ponape","1946",NULL
"2130","Insects of Micronesia 6(7)","Diaspididae","Hemiberlesia lataniae (Signoret)",NULL,"Kusaie","1952",NULL
"2131","Insects of Micronesia 6(7)","Diaspididae","Hemiberlesia lataniae (Signoret)",NULL,"Wake","1959",NULL
"2132","Insects of Micronesia 6(7)","Diaspididae","Hemiberlesia lataniae (Signoret)",NULL,"Kwajalein","1946",NULL
"2133","Insects of Micronesia 6(7)","Diaspididae","Hemiberlesia lataniae (Signoret)",NULL,"Lib","1953",NULL
"2134","Insects of Micronesia 6(7)","Diaspididae","Hemiberlesia lataniae (Signoret)",NULL,"Majuro","1946",NULL
"2135","Insects of Micronesia 6(7)","Diaspididae","Hemiberlesia lataniae (Signoret)",NULL,"Tarawa","1957",NULL
"2136","Insects of Micronesia 6(7)","Diaspididae","Hemiberlesia palmae (Cockerell)",NULL,"Saipan","1949",NULL
"2137","Insects of Micronesia 6(7)","Diaspididae","Hemiberlesia palmae (Cockerell)",NULL,"Babelthuap","1946",NULL
"2138","Insects of Micronesia 6(7)","Diaspididae","Hemiberlesia palmae (Cockerell)",NULL,"Koror","1954",NULL
"2139","Insects of Micronesia 6(7)","Diaspididae","Hemiberlesia palmae (Cockerell)",NULL,"Ulebsehel(Auluptagel)","1958",NULL
"2140","Insects of Micronesia 6(7)","Diaspididae","Hemiberlesia palmae (Cockerell)",NULL,"Yap","1946",NULL
"2141","Insects of Micronesia 6(7)","Diaspididae","Hemiberlesia palmae (Cockerell)",NULL,"Ponape","1937",NULL
"2142","Insects of Micronesia 6(7)","Diaspididae","Hemiberlesia palmae (Cockerell)",NULL,"Kusaie","1946",NULL
"2143","Insects of Micronesia 6(7)","Diaspididae","Melanaspis bromeliae (Leonardi)",NULL,"Guam","1957",NULL
"2144","Insects of Micronesia 6(7)","Diaspididae","Melanaspis bromeliae (Leonardi)",NULL,"Ponape","1953",NULL
"2145","Insects of Micronesia 6(7)","Diaspididae","Octaspidiotus araucariae Adachi and Fullaway",NULL,"Ponape","1953",NULL
"2146","Insects of Micronesia 6(7)","Diaspididae","Pseudaonidia manilensis Robinson",NULL,"Babelthuap","1953",NULL
"2147","Insects of Micronesia 6(7)","Diaspididae","Pseudaonidia manilensis Robinson",NULL,"Koror","1953",NULL
"2148","Insects of Micronesia 6(7)","Diaspididae","Semelaspidus mangiferae Takahashi",NULL,"Koror","1952",NULL
"2149","Insects of Micronesia 6(7)","Diaspididae","Semelaspidus mangiferae Takahashi",NULL,"Ulebsehel(Auluptagel)","1958",NULL
"2150","Insects of Micronesia 6(7)","Diaspididae","Odonaspis morrisoni Beardsley",NULL,"Wena(Moen)","1954",NULL
"2151","Insects of Micronesia 6(7)","Diaspididae","Odonaspis morrisoni Beardsley",NULL,"Tonoas(Dublon)","1952",NULL
"2152","Insects of Micronesia 6(7)","Diaspididae","Odonaspis morrisoni Beardsley",NULL,"Yap","1956",NULL
"2153","Insects of Micronesia 6(7)","Diaspididae","Odonaspis penicillata Green",NULL,"Koror","1956",NULL
"2154","Insects of Micronesia 6(7)","Diaspididae","Odonaspis saccharicaulis (Zehntner)",NULL,"Koror","1953",NULL
"2155","Insects of Micronesia 6(7)","Diaspididae","Andaspis punicae (Laing)",NULL,"Guam","1954",NULL
"2156","Insects of Micronesia 6(7)","Diaspididae","Andaspis punicae (Laing)",NULL,"Koror","1953",NULL
"2157","Insects of Micronesia 6(7)","Diaspididae","Andaspis punicae (Laing)",NULL,"Peleliu","1946",NULL
"2158","Insects of Micronesia 6(7)","Diaspididae","Aulacaspis madiunensis (Zehntner)",NULL,"Koror","1953",NULL
"2159","Insects of Micronesia 6(7)","Diaspididae","Aulacaspis madiunensis (Zehntner)",NULL,"Yap","1956",NULL
"2160","Insects of Micronesia 6(7)","Diaspididae","Aulacaspis rosae (Bouché)",NULL,"Bonin","1958",NULL
"2161","Insects of Micronesia 6(7)","Diaspididae","Aulacaspis tegalensis (Zehntner)",NULL,"Yap","1954",NULL
"2162","Insects of Micronesia 6(7)","Diaspididae","Diaspis boisduvalii Signoret",NULL,"Koror","1954",NULL
"2163","Insects of Micronesia 6(7)","Diaspididae","Diaspis bromeliae (Kerner)",NULL,"Ponape","1948",NULL
"2164","Insects of Micronesia 6(7)","Diaspididae","Howardia biclavis (Comstock)",NULL,"Bonin","1905",NULL
"2165","Insects of Micronesia 6(7)","Diaspididae","Howardia biclavis (Comstock)",NULL,"Babelthuap","1956",NULL
"2166","Insects of Micronesia 6(7)","Diaspididae","Howardia biclavis (Comstock)",NULL,"Ton(Tol)","1942",NULL
"2167","Insects of Micronesia 6(7)","Diaspididae","Ischnaspis longirostris (Signoret)",NULL,"Bonin","1951",NULL
"2168","Insects of Micronesia 6(7)","Diaspididae","Ischnaspis longirostris (Signoret)",NULL,"Saipan","1946",NULL
"2169","Insects of Micronesia 6(7)","Diaspididae","Ischnaspis longirostris (Signoret)",NULL,"Guam","1936",NULL
"2170","Insects of Micronesia 6(7)","Diaspididae","Ischnaspis longirostris (Signoret)",NULL,"Babelthuap","1947",NULL
"2171","Insects of Micronesia 6(7)","Diaspididae","Lepidosaphes beckii (Newman)",NULL,"Guam","1951",NULL
"2172","Insects of Micronesia 6(7)","Diaspididae","Lepidosaphes beckii (Newman)",NULL,"Tonoas(Dublon)","1942",NULL
"2173","Insects of Micronesia 6(7)","Diaspididae","Lepidosaphes beckii (Newman)",NULL,"Ponape","1949",NULL
"2174","Insects of Micronesia 6(7)","Diaspididae","Lepidosaphes beckii (Newman)",NULL,"Kwajalein","1952",NULL
"2175","Insects of Micronesia 6(7)","Diaspididae","Lepidosaphes bladhiae (=similis?) Takahashi (?)",NULL,"Saipan","1946",NULL
"2176","Insects of Micronesia 6(7)","Diaspididae","Lepidosaphes bladhiae (=similis?) Takahashi (?)",NULL,"Tinian","1946",NULL
"2177","Insects of Micronesia 6(7)","Diaspididae","Lepidosaphes bladhiae (=similis?) Takahashi (?)",NULL,"Guam","1937",NULL
"2178","Insects of Micronesia 6(7)","Diaspididae","Lepidosaphes bladhiae (=similis?) Takahashi (?)",NULL,"Koror","1953",NULL
"2179","Insects of Micronesia 6(7)","Diaspididae","Lepidosaphes bladhiae (=similis?) Takahashi (?)",NULL,"Ngerkabesang","1953",NULL
"2180","Insects of Micronesia 6(7)","Diaspididae","Lepidosaphes bladhiae (=similis?) Takahashi (?)",NULL,"Peleliu","1946",NULL
"2181","Insects of Micronesia 6(7)","Diaspididae","Lepidosaphes bladhiae (=similis?) Takahashi (?)",NULL,"Angaur","1938",NULL
"2182","Insects of Micronesia 6(7)","Diaspididae","Lepidosaphes bladhiae (=similis?) Takahashi (?)",NULL,"Yap","1946",NULL
"2183","Insects of Micronesia 6(7)","Diaspididae","Lepidosaphes bladhiae (=similis?) Takahashi (?)",NULL,"Ponape","1937",NULL
"2184","Insects of Micronesia 6(7)","Diaspididae","Lepidosaphes bladhiae (=similis?) Takahashi (?)",NULL,"Wake","1957",NULL
"2185","Insects of Micronesia 6(7)","Diaspididae","Lepidosaphes carolinensis Beardsley",NULL,"Yap","1956",NULL
"2186","Insects of Micronesia 6(7)","Diaspididae","Lepidosaphes carolinensis Beardsley",NULL,"Koror","1936",NULL
"2187","Insects of Micronesia 6(7)","Diaspididae","Lepidosaphes esakii Takahashi",NULL,"Pagan","1959",NULL
"2188","Insects of Micronesia 6(7)","Diaspididae","Lepidosaphes esakii Takahashi",NULL,"Alamagan","1948",NULL
"2189","Insects of Micronesia 6(7)","Diaspididae","Lepidosaphes esakii Takahashi",NULL,"Anatahan","1951",NULL
"2190","Insects of Micronesia 6(7)","Diaspididae","Lepidosaphes esakii Takahashi",NULL,"Saipan","1939",NULL
"2191","Insects of Micronesia 6(7)","Diaspididae","Lepidosaphes esakii Takahashi",NULL,"Guam","1907",NULL
"2192","Insects of Micronesia 6(7)","Diaspididae","Lepidosaphes esakii Takahashi",NULL,"Woleai","1946",NULL
"2193","Insects of Micronesia 6(7)","Diaspididae","Lepidosaphes esakii Takahashi",NULL,"Faraulep","1964",NULL
"2194","Insects of Micronesia 6(7)","Diaspididae","Lepidosaphes esakii Takahashi",NULL,"Nukuoru","1946",NULL
"2195","Insects of Micronesia 6(7)","Diaspididae","Lepidosaphes esakii Takahashi",NULL,"Wena(Moen)","1946",NULL
"2196","Insects of Micronesia 6(7)","Diaspididae","Lepidosaphes esakii Takahashi",NULL,"Pis","1946",NULL
"2197","Insects of Micronesia 6(7)","Diaspididae","Lepidosaphes esakii Takahashi",NULL,"Ponape","1938",NULL
"2198","Insects of Micronesia 6(7)","Diaspididae","Lepidosaphes esakii Takahashi",NULL,"Kusaie","1946",NULL
"2199","Insects of Micronesia 6(7)","Diaspididae","Lepidosaphes esakii Takahashi",NULL,"Ujelang","1953",NULL
"2200","Insects of Micronesia 6(7)","Diaspididae","Lepidosaphes esakii Takahashi",NULL,"Eniwetok","1946",NULL
"2201","Insects of Micronesia 6(7)","Diaspididae","Lepidosaphes esakii Takahashi",NULL,"Kwajalein","1946",NULL
"2202","Insects of Micronesia 6(7)","Diaspididae","Lepidosaphes esakii Takahashi",NULL,"Lib","1953",NULL
"2203","Insects of Micronesia 6(7)","Diaspididae","Lepidosaphes esakii Takahashi",NULL,"Jaluit","1958",NULL
"2204","Insects of Micronesia 6(7)","Diaspididae","Lepidosaphes esakii Takahashi",NULL,"Namorik","1953",NULL
"2205","Insects of Micronesia 6(7)","Diaspididae","Lepidosaphes esakii Takahashi",NULL,"Likiep","1946",NULL
"2206","Insects of Micronesia 6(7)","Diaspididae","Lepidosaphes esakii Takahashi",NULL,"Majuro","1946",NULL
"2207","Insects of Micronesia 6(7)","Diaspididae","Lepidosaphes gloverii (Packard)",NULL,"Saipan","1946",NULL
"2208","Insects of Micronesia 6(7)","Diaspididae","Lepidosaphes gloverii (Packard)",NULL,"Wena(Moen)","1946",NULL
"2209","Insects of Micronesia 6(7)","Diaspididae","Lepidosaphes gloverii (Packard)",NULL,"Ponape","1946",NULL
"2210","Insects of Micronesia 6(7)","Diaspididae","Lepidosaphes micronesiensis Takahashi",NULL,"Ponape","1939",NULL
"2211","Insects of Micronesia 6(7)","Diaspididae","Lepidosaphes palauensis Beardsley",NULL,"Ngurukdabel(Urukthapel)","1953",NULL
"2212","Insects of Micronesia 6(7)","Diaspididae","Lepidosaphes palauensis Beardsley",NULL,"Babelthuap","1953",NULL
"2213","Insects of Micronesia 6(7)","Diaspididae","Lepidosaphes spinulosa Beardsley (=laterochitinosa Green?)",NULL,"Koror","1954",NULL
"2214","Insects of Micronesia 6(7)","Diaspididae","Lepidosaphes spinulosa Beardsley (=laterochitinosa Green?)",NULL,"Guam","1936",NULL
"2215","Insects of Micronesia 6(7)","Diaspididae","Lepidosaphes tokionis (Kuwana)",NULL,"Guam","1954",NULL
"2216","Insects of Micronesia 6(7)","Diaspididae","Lepidosaphes tokionis (Kuwana)",NULL,"Koror","1954",NULL
"2217","Insects of Micronesia 6(7)","Diaspididae","Lepidosaphes tokionis (Kuwana)",NULL,"Yap","1954",NULL
"2218","Insects of Micronesia 6(7)","Diaspididae","Lepidosaphes ulapa Beardsley",NULL,"Koror","1954",NULL
"2219","Insects of Micronesia 6(7)","Diaspididae","Palauaspis multiductus Beardsley",NULL,"Ngerkabesang","1954",NULL
"2220","Insects of Micronesia 6(7)","Diaspididae","Parlatoria cinerea Hadden",NULL,"Saipan","1939",NULL
"2221","Insects of Micronesia 6(7)","Diaspididae","Parlatoria crotonis Douglas",NULL,"Koror","1954",NULL
"2222","Insects of Micronesia 6(7)","Diaspididae","Parlatoria crotonis Douglas",NULL,"Wena(Moen)","1952",NULL
"2223","Insects of Micronesia 6(7)","Diaspididae","Parlatoria pergandii Comstock",NULL,"Wena(Moen)","1941",NULL
"2224","Insects of Micronesia 6(7)","Diaspididae","Parlatoria pergandii Comstock",NULL,"Ponape","1946",NULL
"2225","Insects of Micronesia 6(7)","Diaspididae","Parlatoria proteus (Curtis)",NULL,"Bonin","1909",NULL
"2226","Insects of Micronesia 6(7)","Diaspididae","Parlatoria proteus (Curtis)",NULL,"Guam","1936",NULL
"2227","Insects of Micronesia 6(7)","Diaspididae","Parlatoria proteus (Curtis)",NULL,"Babelthuap","1947",NULL
"2228","Insects of Micronesia 6(7)","Diaspididae","Parlatoria proteus (Curtis)",NULL,"Ngerkabesang","1953",NULL
"2229","Insects of Micronesia 6(7)","Diaspididae","Parlatoria proteus (Curtis)",NULL,"Yap","1946",NULL
"2230","Insects of Micronesia 6(7)","Diaspididae","Parlatoria proteus (Curtis)",NULL,"Nukuoru","1946",NULL
"2231","Insects of Micronesia 6(7)","Diaspididae","Parlatoria proteus (Curtis)",NULL,"Ton(Tol)","1946",NULL
"2232","Insects of Micronesia 6(7)","Diaspididae","Parlatoria proteus (Curtis)",NULL,"Ponape","1946",NULL
"2233","Insects of Micronesia 6(7)","Diaspididae","Parlatoria proteus (Curtis)",NULL,"Kusaie","1946",NULL
"2234","Insects of Micronesia 6(7)","Diaspididae","Parlatoria zizyphus (Lucas)",NULL,"Babelthuap","1946",NULL
"2235","Insects of Micronesia 6(7)","Diaspididae","Parlatoria zizyphus (Lucas)",NULL,"Koror","1947",NULL
"2236","Insects of Micronesia 6(7)","Diaspididae","Parlatoria zizyphus (Lucas)",NULL,"Ponape","1949",NULL
"2237","Insects of Micronesia 6(7)","Diaspididae","Phenacaspis cockerelli (Cooley)",NULL,"Bonin","1958",NULL
"2238","Insects of Micronesia 6(7)","Diaspididae","Phenacaspis inday (Banks)",NULL,"Guam","1946",NULL
"2239","Insects of Micronesia 6(7)","Diaspididae","Phenacaspis inday (Banks)",NULL,"Babelthuap","1938",NULL
"2240","Insects of Micronesia 6(7)","Diaspididae","Phenacaspis inday (Banks)",NULL,"Koror","1936",NULL
"2241","Insects of Micronesia 6(7)","Diaspididae","Phenacaspis inday (Banks)",NULL,"Yap","1941",NULL
"2242","Insects of Micronesia 6(7)","Diaspididae","Pinnaspis aspidistrae (Signoret)",NULL,"Koror","1953",NULL
"2243","Insects of Micronesia 6(7)","Diaspididae","Pinnaspis aspidistrae (Signoret)",NULL,"Ponape","1939",NULL
"2244","Insects of Micronesia 6(7)","Diaspididae","Pinnaspis buxi (Bouché)",NULL,"Guam","1954",NULL
"2245","Insects of Micronesia 6(7)","Diaspididae","Pinnaspis buxi (Bouché)",NULL,"Ponape","1953",NULL
"2246","Insects of Micronesia 6(7)","Diaspididae","Pinnaspis strachani (Cooley)",NULL,"Rota","1946",NULL
"2247","Insects of Micronesia 6(7)","Diaspididae","Pinnaspis strachani (Cooley)",NULL,"Guam","1946",NULL
"2248","Insects of Micronesia 6(7)","Diaspididae","Pinnaspis strachani (Cooley)",NULL,"Koror","1954",NULL
"2249","Insects of Micronesia 6(7)","Diaspididae","Pinnaspis strachani (Cooley)",NULL,"Yap","1949",NULL
"2250","Insects of Micronesia 6(7)","Diaspididae","Pinnaspis strachani (Cooley)",NULL,"Pingelap","1949",NULL
"2251","Insects of Micronesia 6(7)","Diaspididae","Pinnaspis strachani (Cooley)",NULL,"Wena(Moen)","1952",NULL
"2252","Insects of Micronesia 6(7)","Diaspididae","Pinnaspis strachani (Cooley)",NULL,"Ponape","1939",NULL
"2253","Insects of Micronesia 6(7)","Diaspididae","Pinnaspis strachani (Cooley)",NULL,"Wake","1939",NULL
"2254","Insects of Micronesia 6(7)","Diaspididae","Pinnaspis strachani (Cooley)",NULL,"Kwajalein","1946",NULL
"2255","Insects of Micronesia 6(7)","Diaspididae","Pinnaspis strachani (Cooley)",NULL,"Tarawa","1956",NULL
"2256","Insects of Micronesia 6(7)","Diaspididae","Pinnaspis strachani (Cooley)",NULL,"Namorik","1953",NULL
"2257","Insects of Micronesia 6(7)","Diaspididae","Pinnaspis strachani (Cooley)",NULL,"Ebon","1953",NULL
"2258","Insects of Micronesia 6(7)","Diaspididae","Pinnaspis strachani (Cooley)",NULL,"Ocean Island","1957",NULL
"2259","Insects of Micronesia 6(7)","Diaspididae","Pseudaulacaspis pentagonia (Targioni-Tozzetti)",NULL,"Saipan","1946",NULL
"2260","Insects of Micronesia 6(7)","Diaspididae","Pseudaulacaspis pentagonia (Targioni-Tozzetti)",NULL,"Guam","1954",NULL
"2261","Insects of Micronesia 6(7)","Diaspididae","Pseudaulacaspis pentagonia (Targioni-Tozzetti)",NULL,"Koror","1946",NULL
"2262","Insects of Micronesia 6(7)","Diaspididae","Pseudaulacaspis pentagonia (Targioni-Tozzetti)",NULL,"Faraulep","1953",NULL
"2263","Insects of Micronesia 6(7)","Diaspididae","Pseudaulacaspis pentagonia (Targioni-Tozzetti)",NULL,"Wena(Moen)","1948",NULL
"2264","Insects of Micronesia 6(7)","Diaspididae","Radionaspis indica (Marlatt)",NULL,"Koror","1953",NULL
"2265","Insects of Micronesia 6(7)","Diaspididae","Unaspis citri (Comstock)",NULL,"Ponape","1949",NULL
"2266","Insects of Micronesia 6(1)","Aleyrodidae","Dialeurodes kirkaldyi (Kotinsky)",NULL,"Saipan","1939",NULL
"2267","Insects of Micronesia 6(1)","Aleyrodidae","Dialeurodes kirkaldyi (Kotinsky)",NULL,"Rota","1936",NULL
"2268","Insects of Micronesia 6(1)","Aleyrodidae","Dialeurodes kirkaldyi (Kotinsky)",NULL,"Guam","1936",NULL
"2269","Insects of Micronesia 6(1)","Aleyrodidae","Dialeurodes kirkaldyi (Kotinsky)",NULL,"Koror","1936",NULL
"2270","Insects of Micronesia 6(1)","Aleyrodidae","Dialeurodes kirkaldyi (Kotinsky)",NULL,"Ngerkabesang","1946",NULL
"2271","Insects of Micronesia 6(1)","Aleyrodidae","Dialeurodes kirkaldyi (Kotinsky)",NULL,"Yap","1939",NULL
"2272","Insects of Micronesia 6(1)","Aleyrodidae","Dialeurodes kirkaldyi (Kotinsky)",NULL,"Ponape","1938",NULL
"2273","Insects of Micronesia 6(1)","Aleyrodidae","Metaleyrodes oceanica (Takahashi)",NULL,"Ninoani","1938",NULL
"2274","Insects of Micronesia 6(1)","Aleyrodidae","Bemisia gossypiperda Misra and Lambda",NULL,"Saipan","1936",NULL
"2275","Insects of Micronesia 6(1)","Aleyrodidae","Bemisia gossypiperda Misra and Lambda",NULL,"Koror","1954",NULL
"2276","Insects of Micronesia 6(1)","Aleyrodidae","Bemisia gossypiperda Misra and Lambda",NULL,"Ponape","1953",NULL
"2277","Insects of Micronesia 6(1)","Aleyrodidae","Aleurcanthus esakii",NULL,"Koror","1936",NULL
"2278","Insects of Micronesia 6(1)","Aleyrodidae","Aleurocanthus palauensis",NULL,"Koror","1952",NULL
"2279","Insects of Micronesia 6(1)","Aleyrodidae","Aleurocanthus spiniferus",NULL,"Guam","1951",NULL
"2280","Insects of Micronesia 6(1)","Aleyrodidae","Aleurocanthus spiniferus",NULL,"Tonoas(Dublon)","1948",NULL
"2281","Insects of Micronesia 6(1)","Aleyrodidae","Xenaleyrodes artocarpi",NULL,"Koror","1936",NULL
"2282","Insects of Micronesia 6(1)","Aleyrodidae","Neomaskellia bergii",NULL,"Pagan","1951",NULL
"2283","Insects of Micronesia 6(1)","Aleyrodidae","Neomaskellia bergii",NULL,"Tinian","1946",NULL
"2284","Insects of Micronesia 6(1)","Aleyrodidae","Neomaskellia bergii",NULL,"Rota","1937",NULL
"2285","Insects of Micronesia 6(1)","Aleyrodidae","Neomaskellia bergii",NULL,"Guam","1936",NULL
"2286","Insects of Micronesia 6(1)","Aleyrodidae","Neomaskellia bergii",NULL,"Babelthuap","1936",NULL
"2287","Insects of Micronesia 6(1)","Aleyrodidae","Neomaskellia bergii",NULL,"Koror","1946",NULL
"2288","Insects of Micronesia 6(1)","Aleyrodidae","Neomaskellia bergii",NULL,"Ngerkabesang","1946",NULL
"2289","Insects of Micronesia 6(1)","Aleyrodidae","Neomaskellia bergii",NULL,"Tonoas(Dublon)","1935",NULL
"2290","Insects of Micronesia 6(1)","Aleyrodidae","Neomaskellia bergii",NULL,"Fefan","1946",NULL
"2291","Insects of Micronesia 6(1)","Aleyrodidae","Neomaskellia bergii",NULL,"Ponape","1937",NULL
"2292","Insects of Micronesia 6(1)","Aleyrodidae","Neomaskellia bergii",NULL,"Kusaie","1953",NULL
"2293","Insects of Micronesia 6(3)","Cixiidae","Bennaria consul",NULL,"Babelthuap","1947",NULL
"2294","Insects of Micronesia 6(3)","Cixiidae","Bennaria consul",NULL,"Koror","1938",NULL
"2295","Insects of Micronesia 6(3)","Cixiidae","Bennaria consul",NULL,"Peleliu","1939",NULL
"2296","Insects of Micronesia 6(3)","Cixiidae","Bennaria consul",NULL,"Angaur","1948",NULL
"2297","Insects of Micronesia 6(3)","Cixiidae","Bennaria praetor",NULL,"Yap","1939",NULL
"2298","Insects of Micronesia 6(3)","Cixiidae","Bennaria praetor",NULL,"Ulithi","1947",NULL
"2299","Insects of Micronesia 6(3)","Cixiidae","Bennaria praetor",NULL,"Fais","1952",NULL
"2300","Insects of Micronesia 6(3)","Cixiidae","Myndus bifurcatus",NULL,"Guam","1945",NULL
"2301","Insects of Micronesia 6(3)","Cixiidae","Myndus nearchus",NULL,"Guam","1938",NULL
"2302","Insects of Micronesia 6(3)","Cixiidae","Myndus nearchus",NULL,"Elato","1953",NULL
"2303","Insects of Micronesia 6(3)","Cixiidae","Myndus dibaphus",NULL,"Guam","1936",NULL
"2304","Insects of Micronesia 6(3)","Cixiidae","Myndus dibaphus",NULL,"Wena(Moen)","1940",NULL
"2305","Insects of Micronesia 6(3)","Cixiidae","Myndus polyctor",NULL,"Guam","1945",NULL
"2306","Insects of Micronesia 6(3)","Cixiidae","Myndus marginatus",NULL,"Ponape","1938",NULL
"2307","Insects of Micronesia 6(3)","Cixiidae","Myndus irreptor",NULL,"Guam","1945",NULL
"2308","Insects of Micronesia 6(3)","Cixiidae","Myndus irreptor",NULL,"Tinian","1945",NULL
"2309","Insects of Micronesia 6(3)","Cixiidae","Myndus praecanus",NULL,"Ponape","1939",NULL
"2310","Insects of Micronesia 6(3)","Cixiidae","Myndus praecanus",NULL,"Jaluit","1946",NULL
"2311","Insects of Micronesia 6(3)","Cixiidae","Myndus orion",NULL,"Ponape","1938",NULL
"2312","Insects of Micronesia 6(3)","Cixiidae","Myndus oxalme",NULL,"Wena(Moen)","1939",NULL
"2313","Insects of Micronesia 6(3)","Cixiidae","Myndus oxalme",NULL,"Tol","1946",NULL
"2314","Insects of Micronesia 6(3)","Cixiidae","Myndus oxalme",NULL,"Tonoas(Dublon)","1939",NULL
"2315","Insects of Micronesia 6(3)","Cixiidae","Myndus oxalme",NULL,"Satawal","1952",NULL
"2316","Insects of Micronesia 6(3)","Cixiidae","Myndus oxalme",NULL,"Ifaluk","1952",NULL
"2317","Insects of Micronesia 6(3)","Cixiidae","Myndus oxalme",NULL,"Lamotrek","1952",NULL
"2318","Insects of Micronesia 6(3)","Cixiidae","Myndus oxalme",NULL,"Nomwin","1954",NULL
"2319","Insects of Micronesia 6(3)","Cixiidae","Myndus oxalme namanus",NULL,"Nama","1949",NULL
"2320","Insects of Micronesia 6(3)","Cixiidae","Myndus niger",NULL,"Ponape","1946",NULL
"2321","Insects of Micronesia 6(3)","Cixiidae","Myndus orestes",NULL,"Ponape","1946",NULL
"2322","Insects of Micronesia 6(3)","Cixiidae","Myndus ophiuchus",NULL,"Kusaie","1953",NULL
"2323","Insects of Micronesia 6(3)","Cixiidae","Myndus uniformis",NULL,"Ponape","1939",NULL
"2324","Insects of Micronesia 6(3)","Cixiidae","Myndus aphrodite",NULL,"Kusaie","1937",NULL
"2325","Insects of Micronesia 6(3)","Cixiidae","Myndus aphrodite",NULL,"Jaluit","1937",NULL
"2326","Insects of Micronesia 6(3)","Cixiidae","Myndus cressida",NULL,"Saipan","1945",NULL
"2327","Insects of Micronesia 6(3)","Cixiidae","Myndus cressida",NULL,"Aguiguan","1952",NULL
"2328","Insects of Micronesia 6(3)","Cixiidae","Myndus cressida",NULL,"Tinian","1945",NULL
"2329","Insects of Micronesia 6(3)","Cixiidae","Myndus cressida",NULL,"Rota","1936",NULL
"2330","Insects of Micronesia 6(3)","Cixiidae","Myndus apicalis",NULL,"Woleai","1954",NULL
"2331","Insects of Micronesia 6(3)","Cixiidae","Myndus apicalis",NULL,"Ponape","1954",NULL
"2332","Insects of Micronesia 6(3)","Cixiidae","Myndus apicalis",NULL,"Kusaie","1954",NULL
"2333","Insects of Micronesia 6(3)","Cixiidae","Myndus apicalis",NULL,"Jaluit","1954",NULL
"2334","Insects of Micronesia 6(3)","Cixiidae","Myndus fusciterminalis",NULL,"Ponape","1954",NULL
"2335","Insects of Micronesia 6(3)","Cixiidae","Europhlepsia pallescens",NULL,"Babelthuap","1939",NULL
"2336","Insects of Micronesia 6(3)","Cixiidae","Europhlepsia pallescens",NULL,"Koror","1946",NULL
"2337","Insects of Micronesia 6(3)","Cixiidae","Europhlepsia pallescens",NULL,"Ngerkabesang","1946",NULL
"2338","Insects of Micronesia 6(3)","Cixiidae","Europhlepsia pallescens",NULL,"Malakal","1952",NULL
"2339","Insects of Micronesia 6(3)","Cixiidae","Europhlepsia pallescens",NULL,"Ngarmalk","1952",NULL
"2340","Insects of Micronesia 6(3)","Cixiidae","Dystheatias orpheus",NULL,"Babelthuap","1947",NULL
"2341","Insects of Micronesia 6(3)","Cixiidae","Dystheatias orpheus",NULL,"Koror","1952",NULL
"2342","Insects of Micronesia 6(3)","Cixiidae","Dystheatias orpheus",NULL,"Urukthapel","1952",NULL
"2343","Insects of Micronesia 6(3)","Cixiidae","Dystheatias tyndaris",NULL,"Tol","1952",NULL
"2344","Insects of Micronesia 6(3)","Cixiidae","Dystheatias telamon",NULL,"Koror","1952",NULL
"2345","Insects of Micronesia 6(3)","Cixiidae","Oliarus carolinensis",NULL,"Ponape","1939",NULL
"2346","Insects of Micronesia 6(3)","Cixiidae","Oliarus trachas",NULL,"Ponape","1939",NULL
"2347","Insects of Micronesia 6(3)","Cixiidae","Oliarus ogasawarensis",NULL,"Saipan","1939",NULL
"2348","Insects of Micronesia 6(3)","Delphacidae","Ugyops kinbergi kinbergi",NULL,"Ponape","1939",NULL
"2349","Insects of Micronesia 6(3)","Delphacidae","Ugyops kinbergi guahoni",NULL,"Saipan","1940",NULL
"2350","Insects of Micronesia 6(3)","Delphacidae","Ugyops kinbergi guahoni",NULL,"Guam","1945",NULL
"2351","Insects of Micronesia 6(3)","Delphacidae","Ugyops kinbergi guahoni",NULL,"Aguiguan","1952",NULL
"2352","Insects of Micronesia 6(3)","Delphacidae","Ugyops kinbergi guahoni",NULL,"Rota","1946",NULL
"2353","Insects of Micronesia 6(3)","Delphacidae","Ugyops kinbergi palauensis",NULL,"Angaur","1948",NULL
"2354","Insects of Micronesia 6(3)","Delphacidae","Ugyops kinbergi palauensis",NULL,"Koror","1947",NULL
"2355","Insects of Micronesia 6(3)","Delphacidae","Ugyops kinbergi palauensis",NULL,"Peleliu","1948",NULL
"2356","Insects of Micronesia 6(3)","Delphacidae","Ugyops kinbergi palauensis",NULL,"Kayangel","1952",NULL
"2357","Insects of Micronesia 6(3)","Delphacidae","Ugyops kinbergi civilis",NULL,"Yap","1946",NULL
"2358","Insects of Micronesia 6(3)","Delphacidae","Ugyops kinbergi civilis",NULL,"Ulithi","1947",NULL
"2359","Insects of Micronesia 6(3)","Delphacidae","Ugyops kinbergi civilis",NULL,"Fais","1952",NULL
"2360","Insects of Micronesia 6(3)","Delphacidae","Ugyops kinbergi civilis",NULL,"Sonsorol","1952",NULL
"2361","Insects of Micronesia 6(3)","Delphacidae","Ugyops kinbergi civilis",NULL,"Woleai","1938",NULL
"2362","Insects of Micronesia 6(3)","Delphacidae","Ugyops kinbergi civilis",NULL,"Faraulep","1952",NULL
"2363","Insects of Micronesia 6(3)","Delphacidae","Ugyops kinbergi civilis",NULL,"Ifaluk","1952",NULL
"2364","Insects of Micronesia 6(3)","Delphacidae","Ugyops kinbergi civilis",NULL,"Elato","1952",NULL
"2365","Insects of Micronesia 6(3)","Delphacidae","Ugyops kinbergi civilis",NULL,"Satawal","1952",NULL
"2366","Insects of Micronesia 6(3)","Delphacidae","Ugyops kinbergi civilis",NULL,"Nomwin","1946",NULL
"2367","Insects of Micronesia 6(3)","Delphacidae","Ugyops kinbergi civilis",NULL,"Nama","1950",NULL
"2368","Insects of Micronesia 6(3)","Delphacidae","Ugyops kinbergi civilis",NULL,"Losap","1952",NULL
"2369","Insects of Micronesia 6(3)","Delphacidae","Ugyops kinbergi civilis",NULL,"Etal","1952",NULL
"2370","Insects of Micronesia 6(3)","Delphacidae","Ugyops kinbergi civilis",NULL,"Satawan","1952",NULL
"2371","Insects of Micronesia 6(3)","Delphacidae","Ugyops kinbergi civilis",NULL,"Wena(Moen)","1946",NULL
"2372","Insects of Micronesia 6(3)","Delphacidae","Ugyops kinbergi civilis",NULL,"Tonoas(Dublon)","1946",NULL
"2373","Insects of Micronesia 6(3)","Delphacidae","Ugyops kinbergi magas",NULL,"Airek","1946",NULL
"2374","Insects of Micronesia 6(3)","Delphacidae","Ugyops kinbergi kusaieana",NULL,"Kusaie","1946",NULL
"2375","Insects of Micronesia 6(3)","Delphacidae","Ugyops kinbergi",NULL,"Nukuoru","1946",NULL
"2376","Insects of Micronesia 6(3)","Delphacidae","Ugyops kinbergi",NULL,"Sonsorol","1952",NULL
"2377","Insects of Micronesia 6(3)","Delphacidae","Ugyops superciliata",NULL,"Arno atoll","1950",NULL
"2378","Insects of Micronesia 6(3)","Delphacidae","Ugyops superciliata",NULL,"Kwajalein","1944",NULL
"2379","Insects of Micronesia 6(3)","Delphacidae","Ugyops superciliata",NULL,"Jaluit","1946",NULL
"2380","Insects of Micronesia 6(3)","Delphacidae","Ugyops superciliata",NULL,"Majuro","1946",NULL
"2381","Insects of Micronesia 6(3)","Delphacidae","Ugyops superciliata",NULL,"Mokil","1948",NULL
"2382","Insects of Micronesia 6(3)","Delphacidae","Ugyops superciliata",NULL,"Pingelap","1953",NULL
"2383","Insects of Micronesia 6(3)","Delphacidae","Ugyops superciliata",NULL,"Ponape","1949",NULL
"2384","Insects of Micronesia 6(3)","Delphacidae","Ugyops superciliata",NULL,"Kusaie","1946",NULL
"2385","Insects of Micronesia 6(3)","Delphacidae","Ugyops annulipes annulipes",NULL,"Saipan","1945",NULL
"2386","Insects of Micronesia 6(3)","Delphacidae","Ugyops annulipes annulipes",NULL,"Tinian","1945",NULL
"2387","Insects of Micronesia 6(3)","Delphacidae","Ugyops annulipes annulipes",NULL,"Guam","1945",NULL
"2388","Insects of Micronesia 6(3)","Delphacidae","Ugyops annulipes pisana",NULL,"Nama","1946",NULL
"2389","Insects of Micronesia 6(3)","Delphacidae","Ugyops ariadne",NULL,"Ulithi","1946",NULL
"2390","Insects of Micronesia 6(3)","Delphacidae","Ugyops ariadne",NULL,"Woleai","1946",NULL
"2391","Insects of Micronesia 6(3)","Delphacidae","Ugyops ariadne",NULL,"Yap","1949",NULL
"2392","Insects of Micronesia 6(3)","Delphacidae","Ugyops ariadne",NULL,"Lamotrek","1953",NULL
"2393","Insects of Micronesia 6(3)","Delphacidae","Ugyops ariadne",NULL,"Ifaluk","1953",NULL
"2394","Insects of Micronesia 6(3)","Delphacidae","Ugyops apollo",NULL,"Ponape","1948",NULL
"2395","Insects of Micronesia 6(3)","Delphacidae","Ugyops anatahani",NULL,"Saipan","1945",NULL
"2396","Insects of Micronesia 6(3)","Delphacidae","Ugyops anatahani",NULL,"Anatahan","1951",NULL
"2397","Insects of Micronesia 6(3)","Delphacidae","Ugyops rotana",NULL,"Saipan","1945",NULL
"2398","Insects of Micronesia 6(3)","Delphacidae","Ugyops rotana",NULL,"Rota","1951",NULL
"2399","Insects of Micronesia 6(3)","Delphacidae","Ugyops eos",NULL,"Kapingamarangi","1946",NULL
"2400","Insects of Micronesia 6(3)","Delphacidae","Melanesia similior",NULL,"Ponape","1948",NULL
"2401","Insects of Micronesia 6(3)","Delphacidae","Livatiella constellaris",NULL,"Ponape","1938",NULL
"2402","Insects of Micronesia 6(3)","Delphacidae","Livatiella constellaris",NULL,"Tol","1953",NULL
"2403","Insects of Micronesia 6(3)","Delphacidae","Livatiella chrysops",NULL,"Ponape","1938",NULL
"2404","Insects of Micronesia 6(3)","Delphacidae","Melanuugyops erebea",NULL,"Ponape","1948",NULL
"2405","Insects of Micronesia 6(3)","Delphacidae","Perkinsiella bakeri",NULL,"Babelthuap","1947",NULL
"2406","Insects of Micronesia 6(3)","Delphacidae","Perkinsiella bakeri",NULL,"Koror","1952",NULL
"2407","Insects of Micronesia 6(3)","Delphacidae","Perkinsiella bakeri",NULL,"Yap","1950",NULL
"2408","Insects of Micronesia 6(3)","Delphacidae","Perkinsiella thompsoni",NULL,"Saipan","1936",NULL
"2409","Insects of Micronesia 6(3)","Delphacidae","Perkinsiella thompsoni",NULL,"Guam","1936",NULL
"2410","Insects of Micronesia 6(3)","Delphacidae","Perkinsiella thompsoni",NULL,"Koror","1952",NULL
"2411","Insects of Micronesia 6(3)","Delphacidae","Perkinsiella thompsoni",NULL,"Yap","1952",NULL
"2412","Insects of Micronesia 6(3)","Delphacidae","Perkinsiella thompsoni",NULL,"Wena(Moen)","1949",NULL
"2413","Insects of Micronesia 6(3)","Delphacidae","Peregrinus maidis",NULL,"Saipan","1939",NULL
"2414","Insects of Micronesia 6(3)","Delphacidae","Peregrinus maidis",NULL,"Tinian","1937",NULL
"2415","Insects of Micronesia 6(3)","Delphacidae","Peregrinus maidis",NULL,"Rota","1946",NULL
"2416","Insects of Micronesia 6(3)","Delphacidae","Peregrinus maidis",NULL,"Guam","1945",NULL
"2417","Insects of Micronesia 6(3)","Delphacidae","Peregrinus maidis",NULL,"Koror","1948",NULL
"2418","Insects of Micronesia 6(3)","Delphacidae","Peregrinus maidis",NULL,"Ngarmalk","1952",NULL
"2419","Insects of Micronesia 6(3)","Delphacidae","Peregrinus maidis",NULL,"Angaur","1938",NULL
"2420","Insects of Micronesia 6(3)","Delphacidae","Peregrinus maidis",NULL,"Peleliu","1939",NULL
"2421","Insects of Micronesia 6(3)","Delphacidae","Peregrinus maidis",NULL,"Yap","1939",NULL
"2422","Insects of Micronesia 6(3)","Delphacidae","Tarophagus prosperina",NULL,"Aguiguan","1952",NULL
"2423","Insects of Micronesia 6(3)","Delphacidae","Tarophagus prosperina",NULL,"Babelthuap","1939",NULL
"2424","Insects of Micronesia 6(3)","Delphacidae","Tarophagus prosperina",NULL,"Peleliu","1939",NULL
"2425","Insects of Micronesia 6(3)","Delphacidae","Tarophagus prosperina",NULL,"Angaur","1949",NULL
"2426","Insects of Micronesia 6(3)","Delphacidae","Tarophagus prosperina",NULL,"Yap","1939",NULL
"2427","Insects of Micronesia 6(3)","Delphacidae","Tarophagus prosperina",NULL,"Satawan","1952",NULL
"2428","Insects of Micronesia 6(3)","Delphacidae","Tarophagus prosperina",NULL,"Nukuoru","1946",NULL
"2429","Insects of Micronesia 6(3)","Delphacidae","Tarophagus prosperina",NULL,"Wena(Moen)","1949",NULL
"2430","Insects of Micronesia 6(3)","Delphacidae","Tarophagus prosperina",NULL,"Tonoas(Dublon)","1938",NULL
"2431","Insects of Micronesia 6(3)","Delphacidae","Tarophagus prosperina",NULL,"Ponape","1938",NULL
"2432","Insects of Micronesia 6(3)","Delphacidae","Tarophagus prosperina",NULL,"Kusaie","1937",NULL
"2433","Insects of Micronesia 6(3)","Delphacidae","Tarophagus prosperina",NULL,"Majuro","1946",NULL
"2434","Insects of Micronesia 6(3)","Delphacidae","Tarophagus prosperina",NULL,"Namorik","1953",NULL
"2435","Insects of Micronesia 6(3)","Delphacidae","Tarophagus prosperina",NULL,"Kili","1953",NULL
"2436","Insects of Micronesia 6(3)","Delphacidae","Phyllodinus granulinervis",NULL,"Saipan","1945",NULL
"2437","Insects of Micronesia 6(3)","Delphacidae","Phyllodinus granulinervis",NULL,"Guam","1945",NULL
"2438","Insects of Micronesia 6(3)","Delphacidae","Phyllodinus granulinervis",NULL,"Babelthuap","1953",NULL
"2439","Insects of Micronesia 6(3)","Delphacidae","Phyllodinus granulinervis",NULL,"Yap","1950",NULL
"2440","Insects of Micronesia 6(3)","Delphacidae","Phyllodinus granulinervis",NULL,"Sonsorol","1952",NULL
"2441","Insects of Micronesia 6(3)","Delphacidae","Phyllodinus granulinervis",NULL,"Ulithi","1952",NULL
"2442","Insects of Micronesia 6(3)","Delphacidae","Phyllodinus granulinervis",NULL,"Woleai","1952",NULL
"2443","Insects of Micronesia 6(3)","Delphacidae","Phyllodinus granulinervis",NULL,"Ifaluk","1952",NULL
"2444","Insects of Micronesia 6(3)","Delphacidae","Phyllodinus granulinervis",NULL,"Lamotrek","1952",NULL
"2445","Insects of Micronesia 6(3)","Delphacidae","Phyllodinus nigromaculosus",NULL,"Guam","1945",NULL
"2446","Insects of Micronesia 6(3)","Delphacidae","Phyllodinus nigromaculosus",NULL,"Babelthuap","1947",NULL
"2447","Insects of Micronesia 6(3)","Delphacidae","Phyllodinus nigromaculosus",NULL,"Koror","1952",NULL
"2448","Insects of Micronesia 6(3)","Delphacidae","Phyllodinus nigromaculosus",NULL,"Peleliu","1944",NULL
"2449","Insects of Micronesia 6(3)","Delphacidae","Phyllodinus nigromaculosus",NULL,"Kayangel","1952",NULL
"2450","Insects of Micronesia 6(3)","Delphacidae","Phyllodinus nigromaculosus",NULL,"Yap","1950",NULL
"2451","Insects of Micronesia 6(3)","Delphacidae","Phyllodinus nigromaculosus",NULL,"Woleai","1946",NULL
"2452","Insects of Micronesia 6(3)","Delphacidae","Phyllodinus nigromaculosus",NULL,"Ulithi","1945",NULL
"2453","Insects of Micronesia 6(3)","Delphacidae","Eudellana carolinensis",NULL,"Guam","1945",NULL
"2454","Insects of Micronesia 6(3)","Delphacidae","Eudellana carolinensis",NULL,"Babelthuap","1947",NULL
"2455","Insects of Micronesia 6(3)","Delphacidae","Eudellana carolinensis",NULL,"Koror","1946",NULL
"2456","Insects of Micronesia 6(3)","Delphacidae","Eudellana carolinensis",NULL,"Ngerkabesang","1946",NULL
"2457","Insects of Micronesia 6(3)","Delphacidae","Eudellana carolinensis",NULL,"Yap","1950",NULL
"2458","Insects of Micronesia 6(3)","Delphacidae","Eudellana carolinensis",NULL,"Ulithi","1952",NULL
"2459","Insects of Micronesia 6(3)","Delphacidae","Eudellana carolinensis",NULL,"Ponape","1936",NULL
"2460","Insects of Micronesia 6(3)","Delphacidae","Eudellana carolinensis",NULL,"Kusaie","1953",NULL
"2461","Insects of Micronesia 6(3)","Delphacidae","Stenocranus agamopsyche",NULL,"Guam","1945",NULL
"2462","Insects of Micronesia 6(3)","Delphacidae","Stenocranus agamopsyche",NULL,"Babelthuap","1947",NULL
"2463","Insects of Micronesia 6(3)","Delphacidae","Stenocranus agamopsyche",NULL,"Koror","1947",NULL
"2464","Insects of Micronesia 6(3)","Delphacidae","Stenocranus agamopsyche",NULL,"Yap","1950",NULL
"2465","Insects of Micronesia 6(3)","Delphacidae","Stenocranus pacificus",NULL,"Babelthuap","1947",NULL
"2466","Insects of Micronesia 6(3)","Delphacidae","Stenocranus pacificus",NULL,"Koror","1953",NULL
"2467","Insects of Micronesia 6(3)","Delphacidae","Sardia pluto",NULL,"Babelthuap","1947",NULL
"2468","Insects of Micronesia 6(3)","Delphacidae","Sardia pluto",NULL,"Koror","1953",NULL
"2469","Insects of Micronesia 6(3)","Delphacidae","Sardia pluto",NULL,"Yap","1952",NULL
"2470","Insects of Micronesia 6(3)","Delphacidae","Sardia pluto",NULL,"Namorik","1953",NULL
"2471","Insects of Micronesia 6(3)","Delphacidae","Sardia pluto",NULL,"Ponape","1953",NULL
"2472","Insects of Micronesia 6(3)","Delphacidae","Sardia pluto",NULL,"Kusaie","1947",NULL
"2473","Insects of Micronesia 6(3)","Delphacidae","Chloriona (Sogatella) furcifera",NULL,"Guam","1945",NULL
"2474","Insects of Micronesia 6(3)","Delphacidae","Chloriona (Sogatella) furcifera",NULL,"Babelthuap","1951",NULL
"2475","Insects of Micronesia 6(3)","Delphacidae","Chloriona (Sogatella) furcifera",NULL,"Koror","1952",NULL
"2476","Insects of Micronesia 6(3)","Delphacidae","Chloriona (Sogatella) furcifera",NULL,"Ponape","1932",NULL
"2477","Insects of Micronesia 6(3)","Delphacidae","Chloriona (Sogatella) furcifera",NULL,"Majuro","1946",NULL
"2478","Insects of Micronesia 6(3)","Delphacidae","Chloriona (Sogatella) furcifera",NULL,"Jaluit","1946",NULL
"2479","Insects of Micronesia 6(3)","Delphacidae","Chloriona ( Sogatella) kolophon",NULL,"Saipan","1944",NULL
"2480","Insects of Micronesia 6(3)","Delphacidae","Chloriona ( Sogatella) kolophon",NULL,"Guam","1945",NULL
"2481","Insects of Micronesia 6(3)","Delphacidae","Chloriona ( Sogatella) kolophon",NULL,"Babelthuap","1951",NULL
"2482","Insects of Micronesia 6(3)","Delphacidae","Chloriona ( Sogatella) kolophon",NULL,"Yap","1950",NULL
"2483","Insects of Micronesia 6(3)","Delphacidae","Chloriona ( Sogatella) kolophon",NULL,"Ulithi","1952",NULL
"2484","Insects of Micronesia 6(3)","Delphacidae","Chloriona ( Sogatella) kolophon",NULL,"Fais","1952",NULL
"2485","Insects of Micronesia 6(3)","Delphacidae","Chloriona ( Sogatella) kolophon",NULL,"Ton","1940",NULL
"2486","Insects of Micronesia 6(3)","Delphacidae","Chloriona ( Sogatella) kolophon",NULL,"Ponape","1937",NULL
"2487","Insects of Micronesia 6(3)","Delphacidae","Chloriona ( Sogatella) kolophon",NULL,"Ujelang","1953",NULL
"2488","Insects of Micronesia 6(3)","Delphacidae","Chloriona ( Sogatella) kolophon",NULL,"Wotho","1953",NULL
"2489","Insects of Micronesia 6(3)","Delphacidae","Chloriona ( Sogatella) kolophon",NULL,"Ujae","1953",NULL
"2490","Insects of Micronesia 6(3)","Delphacidae","Chloriona ( Sogatella) kolophon",NULL,"Namu","1953",NULL
"2491","Insects of Micronesia 6(3)","Delphacidae","Chloriona ( Sogatella) kolophon",NULL,"Namorik","1953",NULL
"2492","Insects of Micronesia 6(3)","Delphacidae","Chloriona ( Sogatella) kolophon",NULL,"Ebon","1953",NULL
"2493","Insects of Micronesia 6(3)","Delphacidae","Chloriona ( Sogatella) kolophon",NULL,"Majuro","1950",NULL
"2494","Insects of Micronesia 6(3)","Delphacidae","Chloriona ( Sogatella) kolophon",NULL,"Kili","1953",NULL
"2495","Insects of Micronesia 6(3)","Delphacidae","Chloriona ( Sogatella) kolophon",NULL,"Wotje","1953",NULL
"2496","Insects of Micronesia 6(3)","Delphacidae","Chloriona ( Sogatella) formosella",NULL,"Saipan","1945",NULL
"2497","Insects of Micronesia 6(3)","Delphacidae","Chloriona ( Sogatella) formosella",NULL,"Guam","1945",NULL
"2498","Insects of Micronesia 6(3)","Delphacidae","Chloriona ( Sogatella) formosella",NULL,"Yap","1950",NULL
"2499","Insects of Micronesia 6(3)","Delphacidae","Chloriona (Sogatella) eupompe",NULL,"Saipan","1944",NULL
"2500","Insects of Micronesia 6(3)","Delphacidae","Chloriona (Sogatella) eupompe",NULL,"Guam","1945",NULL
"2501","Insects of Micronesia 6(3)","Delphacidae","Chloriona (Sogatella) eupompe",NULL,"Koror","1946",NULL
"2502","Insects of Micronesia 6(3)","Delphacidae","Chloriona (Sogatella) eupompe",NULL,"Woleai","1953",NULL
"2503","Insects of Micronesia 6(3)","Delphacidae","Chloriona (Sogatella) euterpe",NULL,"Guam","1945",NULL
"2504","Insects of Micronesia 6(3)","Delphacidae","Chloriona (Sogatella) euterpe",NULL,"Babelthuap","1952",NULL
"2505","Insects of Micronesia 6(3)","Delphacidae","Chloriona (Sogatella) euterpe",NULL,"Koror","1952",NULL
"2506","Insects of Micronesia 6(3)","Delphacidae","Chloriona (Sogatella) euterpe",NULL,"Yap","1950",NULL
"2507","Insects of Micronesia 6(3)","Delphacidae","Chloriona (Sogatella) kyusyuensis",NULL,"Yap","1950",NULL
"2508","Insects of Micronesia 6(3)","Delphacidae","Chloriona (Sogatella) geranor",NULL,"Saipan","1949",NULL
"2509","Insects of Micronesia 6(3)","Delphacidae","Chloriona (Sogatella) geranor",NULL,"Koror","1947",NULL
"2510","Insects of Micronesia 6(3)","Delphacidae","Chloriona (Sogatella) geranor",NULL,"Yap","1950",NULL
"2511","Insects of Micronesia 6(3)","Delphacidae","Chloriona (Sogatella) paludum",NULL,"Tinian","1946",NULL
"2512","Insects of Micronesia 6(3)","Delphacidae","Chloriona (Sogatella) paludum",NULL,"Guam","1945",NULL
"2513","Insects of Micronesia 6(3)","Delphacidae","Chloriona (Sogatella) paludum",NULL,"Babelthuap","1939",NULL
"2514","Insects of Micronesia 6(3)","Delphacidae","Chloriona (Sogatella) paludum",NULL,"Koror","1952",NULL
"2515","Insects of Micronesia 6(3)","Delphacidae","Chloriona (Sogatella) paludum",NULL,"Peleliu","1945",NULL
"2516","Insects of Micronesia 6(3)","Delphacidae","Chloriona (Sogatella) paludum",NULL,"Yap","1950",NULL
"2517","Insects of Micronesia 6(3)","Delphacidae","Chloriona (Sogatella) paludum",NULL,"Woleai","1952",NULL
"2518","Insects of Micronesia 6(3)","Delphacidae","Chloriona (Sogatella) paludum",NULL,"Faraulep","1953",NULL
"2519","Insects of Micronesia 6(3)","Delphacidae","Chloriona (Sogatella) paludum",NULL,"Satawal","1952",NULL
"2520","Insects of Micronesia 6(3)","Delphacidae","Chloriona (Sogatella) paludum",NULL,"Satawan","1952",NULL
"2521","Insects of Micronesia 6(3)","Delphacidae","Chloriona (Sogatella) paludum",NULL,"Nama","1949",NULL
"2522","Insects of Micronesia 6(3)","Delphacidae","Chloriona (Sogatella) paludum",NULL,"Losap","1952",NULL
"2523","Insects of Micronesia 6(3)","Delphacidae","Chloriona (Sogatella) paludum",NULL,"Nukuoru","1946",NULL
"2524","Insects of Micronesia 6(3)","Delphacidae","Chloriona (Sogatella) paludum",NULL,"Kapingamarangi","1946",NULL
"2525","Insects of Micronesia 6(3)","Delphacidae","Chloriona (Sogatella) paludum",NULL,"Pingelap","1953",NULL
"2526","Insects of Micronesia 6(3)","Delphacidae","Chloriona (Sogatella) paludum",NULL,"Wena(Moen)","1946",NULL
"2527","Insects of Micronesia 6(3)","Delphacidae","Chloriona (Sogatella) paludum",NULL,"Pis","1946",NULL
"2528","Insects of Micronesia 6(3)","Delphacidae","Chloriona (Sogatella) paludum",NULL,"Ton","1940",NULL
"2529","Insects of Micronesia 6(3)","Delphacidae","Chloriona (Sogatella) paludum",NULL,"Ponape","1953",NULL
"2530","Insects of Micronesia 6(3)","Delphacidae","Chloriona (Sogatella) paludum",NULL,"Kusaie","1953",NULL
"2531","Insects of Micronesia 6(3)","Delphacidae","Chloriona (Sogatella) paludum",NULL,"Ujae","1953",NULL
"2532","Insects of Micronesia 6(3)","Delphacidae","Chloriona (Sogatella) paludum",NULL,"Kwajalein","1945",NULL
"2533","Insects of Micronesia 6(3)","Delphacidae","Chloriona (Sogatella) paludum",NULL,"Jaluit","1946",NULL
"2534","Insects of Micronesia 6(3)","Delphacidae","Chloriona (Sogatella) paludum",NULL,"Majuro","1946",NULL
"2535","Insects of Micronesia 6(3)","Delphacidae","Chloriona (Sogatella) paludum",NULL,"Arno atoll","1950",NULL
"2536","Insects of Micronesia 6(3)","Delphacidae","Chloriona (Sogatella) paludum",NULL,"Tarawa","1951",NULL
"2537","Insects of Micronesia 6(3)","Delphacidae","Chloriona fieberi",NULL,"Saipan","1944",NULL
"2538","Insects of Micronesia 6(3)","Delphacidae","Chloriona fieberi",NULL,"Koror","1953",NULL
"2539","Insects of Micronesia 6(3)","Delphacidae","Chloriona fieberi",NULL,"Yap","1950",NULL
"2540","Insects of Micronesia 6(3)","Delphacidae","Chloriona albotristriata",NULL,"Guam","1946",NULL
"2541","Insects of Micronesia 6(3)","Delphacidae","Chloriona ochrias",NULL,"Guam","1946",NULL
"2542","Insects of Micronesia 6(3)","Delphacidae","Nilaparvata lugens",NULL,"Babelthuap","1939",NULL
"2543","Insects of Micronesia 6(3)","Delphacidae","Nilaparvata lugens",NULL,"Yap","1939",NULL
"2544","Insects of Micronesia 6(3)","Delphacidae","Delphacodes propinqua",NULL,"Saipan","1944",NULL
"2545","Insects of Micronesia 6(3)","Delphacidae","Delphacodes propinqua",NULL,"Tinian","1946",NULL
"2546","Insects of Micronesia 6(3)","Delphacidae","Delphacodes propinqua",NULL,"Guam","1945",NULL
"2547","Insects of Micronesia 6(3)","Delphacidae","Delphacodes propinqua",NULL,"Koror","1947",NULL
"2548","Insects of Micronesia 6(3)","Delphacidae","Delphacodes propinqua",NULL,"Peleliu","1945",NULL
"2549","Insects of Micronesia 6(3)","Delphacidae","Delphacodes propinqua",NULL,"Yap","1950",NULL
"2550","Insects of Micronesia 6(3)","Delphacidae","Delphacodes matanitu",NULL,"Saipan","1945",NULL
"2551","Insects of Micronesia 6(3)","Delphacidae","Delphacodes matanitu",NULL,"Angaur","1948",NULL
"2552","Insects of Micronesia 6(3)","Delphacidae","Delphacodes matanitu",NULL,"Yap","1950",NULL
"2553","Insects of Micronesia 6(3)","Delphacidae","Delphacodes striatella",NULL,"Koror","1952",NULL
"2554","Insects of Micronesia 6(3)","Delphacidae","Delphacodes striatella",NULL,"Yap","1950",NULL
"2555","Insects of Micronesia 6(3)","Delphacidae","Delphacodes striatella",NULL,"Majuro","1946",NULL
"2556","Insects of Micronesia 6(3)","Delphacidae","Delphacodes lyraeformis",NULL,"Saipan","1945",NULL
"2557","Insects of Micronesia 6(3)","Delphacidae","Delphacodes lyraeformis",NULL,"Guam","1945",NULL
"2558","Insects of Micronesia 6(3)","Delphacidae","Delphacodes lyraeformis",NULL,"Yap","1954",NULL
"2559","Insects of Micronesia 6(3)","Delphacidae","Delphacodes lyraeformis",NULL,"Pulo Anna","1952",NULL
"2560","Insects of Micronesia 6(3)","Delphacidae","Delphacodes lyraeformis",NULL,"Sonsorol","1952",NULL
"2561","Insects of Micronesia 6(3)","Delphacidae","Delphacodes lyraeformis",NULL,"Ngulu","1952",NULL
"2562","Insects of Micronesia 6(3)","Delphacidae","Delphacodes lyraeformis",NULL,"Ulithi","1952",NULL
"2563","Insects of Micronesia 6(3)","Delphacidae","Delphacodes lyraeformis",NULL,"Woleai","1952",NULL
"2564","Insects of Micronesia 6(3)","Delphacidae","Delphacodes lyraeformis",NULL,"Ifaluk","1953",NULL
"2565","Insects of Micronesia 6(3)","Delphacidae","Delphacodes lyraeformis",NULL,"Lamotrek","1953",NULL
"2566","Insects of Micronesia 6(3)","Delphacidae","Delphacodes albicollis",NULL,"Guam","1945",NULL
"2567","Insects of Micronesia 6(3)","Delphacidae","Delphacodes albicollis",NULL,"Koror","1938",NULL
"2568","Insects of Micronesia 6(3)","Delphacidae","Delphacodes albicollis",NULL,"Yap","1952",NULL
"2569","Insects of Micronesia 6(3)","Delphacidae","Delphacodes amblystylis",NULL,"Guam","1945",NULL
"2570","Insects of Micronesia 6(3)","Delphacidae","Delphacodes marpessa",NULL,"Yap","1952",NULL
"2571","Insects of Micronesia 6(3)","Delphacidae","Delphacodes thersander",NULL,"Wena(Moen)","1949",NULL
"2572","Insects of Micronesia 6(3)","Delphacidae","Delphacodes celaeno",NULL,"Woleai","1953",NULL
"2573","Insects of Micronesia 6(3)","Delphacidae","Delphacodes dryope ?",NULL,"Guam","1946",NULL
"2574","Insects of Micronesia 6(3)","Delphacidae","Coronacella kirkaldyi",NULL,"Saipan","1944",NULL
"2575","Insects of Micronesia 6(3)","Delphacidae","Coronacella kirkaldyi",NULL,"Guam","1945",NULL
"2576","Insects of Micronesia 6(3)","Delphacidae","Coronacella kirkaldyi",NULL,"Koror","1947",NULL
"2577","Insects of Micronesia 6(3)","Delphacidae","Coronacella kirkaldyi",NULL,"Yap","1950",NULL
"2578","Insects of Micronesia 6(3)","Delphacidae","Coronacella kirkaldyi",NULL,"Satawal","1953",NULL
"2579","Insects of Micronesia 6(3)","Delphacidae","Coronacella kirkaldyi",NULL,"Wena(Moen)","1946",NULL
"2580","Insects of Micronesia 6(3)","Delphacidae","Coronacella kirkaldyi",NULL,"Ton","1940",NULL
"2581","Insects of Micronesia 6(3)","Delphacidae","Coronacella kirkaldyi",NULL,"Ponape","1939",NULL
"2582","Insects of Micronesia 6(3)","Delphacidae","Coronacella kirkaldyi",NULL,"Kusaie","1937",NULL
"2583","Insects of Micronesia 6(3)","Delphacidae","Coronacella kirkaldyi",NULL,"Namorik","1953",NULL
"2584","Insects of Micronesia 6(3)","Delphacidae","Coronacella kirkaldyi",NULL,"Majuro","1950",NULL
"2585","Insects of Micronesia 6(3)","Meenoplidae","Nisia atrovenosa",NULL,"Guam","1945",NULL
"2586","Insects of Micronesia 6(3)","Meenoplidae","Nisia atrovenosa",NULL,"Babelthuap","1939",NULL
"2587","Insects of Micronesia 6(3)","Meenoplidae","Nisia atrovenosa",NULL,"Koror","1937",NULL
"2588","Insects of Micronesia 6(3)","Meenoplidae","Nisia atrovenosa",NULL,"Peleliu","1945",NULL
"2589","Insects of Micronesia 6(3)","Meenoplidae","Nisia atrovenosa",NULL,"Yap","1939",NULL
"2590","Insects of Micronesia 6(3)","Derbidae","Zoraida pteropheroides fistulator",NULL,"Babelthuap","1947",NULL
"2591","Insects of Micronesia 6(3)","Derbidae","Zoraida pteropheroides fistulator",NULL,"Koror","1951",NULL
"2592","Insects of Micronesia 6(3)","Derbidae","Proutista moesta",NULL,"Tinian","1945",NULL
"2593","Insects of Micronesia 6(3)","Derbidae","Proutista moesta",NULL,"Rota","1937",NULL
"2594","Insects of Micronesia 6(3)","Derbidae","Proutista moesta",NULL,"Guam","1945",NULL
"2595","Insects of Micronesia 6(3)","Derbidae","Proutista moesta",NULL,"Koror","1953",NULL
"2596","Insects of Micronesia 6(3)","Derbidae","Proutista moesta",NULL,"Losap","1952",NULL
"2597","Insects of Micronesia 6(3)","Derbidae","Proutista moesta",NULL,"Nomwin","1954",NULL
"2598","Insects of Micronesia 6(3)","Derbidae","Sikaiana palaui",NULL,"Peleliu","1945",NULL
"2599","Insects of Micronesia 6(3)","Derbidae","Muiria palauana",NULL,"Koror","1954",NULL
"2600","Insects of Micronesia 6(3)","Derbidae","Platocera calypso",NULL,"Peleliu","1945",NULL
"2601","Insects of Micronesia 6(3)","Derbidae","Heronax achilles",NULL,"Koror","1947",NULL
"2602","Insects of Micronesia 6(3)","Derbidae","Paralyricen soranus",NULL,"Babelthuap","1947",NULL
"2603","Insects of Micronesia 6(3)","Derbidae","Flaccia dione",NULL,"Pingelap","1953",NULL
"2604","Insects of Micronesia 6(3)","Derbidae","Flaccia dione",NULL,"Mokil","1953",NULL
"2605","Insects of Micronesia 6(3)","Derbidae","Flaccia dione",NULL,"Kusaie","1937",NULL
"2606","Insects of Micronesia 6(3)","Derbidae","Flaccia dione",NULL,"Ailinglaplap","1946",NULL
"2607","Insects of Micronesia 6(3)","Derbidae","Flaccia dione",NULL,"Namorik","1953",NULL
"2608","Insects of Micronesia 6(3)","Derbidae","Flaccia dione",NULL,"Jaluit","1938",NULL
"2609","Insects of Micronesia 6(3)","Derbidae","Flaccia dione",NULL,"Majuro","1948",NULL
"2610","Insects of Micronesia 6(3)","Derbidae","Flaccia dione",NULL,"Arno atoll","1950",NULL
"2611","Insects of Micronesia 6(3)","Derbidae","Flaccia dione",NULL,"Mili","1953",NULL
"2612","Insects of Micronesia 6(3)","Derbidae","Kamendaka (Nicertoides) jokaji",NULL,"Ponape","1937",NULL
"2613","Insects of Micronesia 6(3)","Derbidae","Kamendaka (Eosaccharissa) lar",NULL,"Yap","1946",NULL
"2614","Insects of Micronesia 6(3)","Derbidae","Kamendaka (Eosaccharissa) lar",NULL,"Ulithi","1945",NULL
"2615","Insects of Micronesia 6(3)","Derbidae","Kamendaka (Eosaccharissa) lar",NULL,"Fais","1952",NULL
"2616","Insects of Micronesia 6(3)","Derbidae","Kamendaka (Eosaccharissa) lar",NULL,"Woleai","1938",NULL
"2617","Insects of Micronesia 6(3)","Derbidae","Kamendaka (Eosaccharissa) lar",NULL,"Sorol","1952",NULL
"2618","Insects of Micronesia 6(3)","Derbidae","Kamendaka (Eosaccharissa) lar",NULL,"Lamotrek","1952",NULL
"2619","Insects of Micronesia 6(3)","Derbidae","Kamendaka (Eosaccharissa) perplexa",NULL,"Ponape","1954",NULL
"2620","Insects of Micronesia 6(3)","Derbidae","Kamendaka (Eosaccharissa) polyphemus",NULL,"Kusaie","1953",NULL
"2621","Insects of Micronesia 6(3)","Derbidae","Kamendaka (Eosaccharissa)",NULL,"Koror","1954",NULL
"2622","Insects of Micronesia 6(3)","Derbidae","Swezeyia zephyrus",NULL,"Guam","1949",NULL
"2623","Insects of Micronesia 6(3)","Derbidae","Swezeyia zephyrus",NULL,"Koror","1952",NULL
"2624","Insects of Micronesia 6(3)","Derbidae","Swezeyia zephyrus",NULL,"Ulithi","1946",NULL
"2625","Insects of Micronesia 6(3)","Derbidae","Swezeyia zephyrus",NULL,"Woleai","1938",NULL
"2626","Insects of Micronesia 6(3)","Derbidae","Swezeyia zephyrus",NULL,"Faraulep","1952",NULL
"2627","Insects of Micronesia 6(3)","Derbidae","Swezeyia zephyrus",NULL,"Ifaluk","1952",NULL
"2628","Insects of Micronesia 6(3)","Derbidae","Swezeyia zephyrus",NULL,"Satawal","1952",NULL
"2629","Insects of Micronesia 6(3)","Derbidae","Swezeyia zephyrus",NULL,"Losap","1952",NULL
"2630","Insects of Micronesia 6(3)","Derbidae","Swezeyia zephyrus",NULL,"Etal","1952",NULL
"2631","Insects of Micronesia 6(3)","Derbidae","Swezeyia zephyrus",NULL,"Mokil","1953",NULL
"2632","Insects of Micronesia 6(3)","Derbidae","Swezeyia zephyrus",NULL,"Pingelap","1953",NULL
"2633","Insects of Micronesia 6(3)","Derbidae","Swezeyia zephyrus",NULL,"Kapingamarangi","1946",NULL
"2634","Insects of Micronesia 6(3)","Derbidae","Swezeyia zephyrus",NULL,"Wena(Moen)","1946",NULL
"2635","Insects of Micronesia 6(3)","Derbidae","Swezeyia zephyrus",NULL,"Tonoas(Dublon)","1937",NULL
"2636","Insects of Micronesia 6(3)","Derbidae","Swezeyia zephyrus",NULL,"Ponape","1938",NULL
"2637","Insects of Micronesia 6(3)","Derbidae","Swezeyia zephyrus",NULL,"Kusaie","1937",NULL
"2638","Insects of Micronesia 6(3)","Derbidae","Swezeyia zephyrus",NULL,"Kwajalein","1944",NULL
"2639","Insects of Micronesia 6(3)","Derbidae","Swezeyia zephyrus",NULL,"Ujae","1953",NULL
"2640","Insects of Micronesia 6(3)","Derbidae","Swezeyia zephyrus",NULL,"Namorik","1953",NULL
"2641","Insects of Micronesia 6(3)","Derbidae","Swezeyia zephyrus",NULL,"Ebon","1953",NULL
"2642","Insects of Micronesia 6(3)","Derbidae","Swezeyia zephyrus",NULL,"Namu","1953",NULL
"2643","Insects of Micronesia 6(3)","Derbidae","Swezeyia zephyrus",NULL,"Jaluit","1946",NULL
"2644","Insects of Micronesia 6(3)","Derbidae","Swezeyia zephyrus",NULL,"Majuro","1946",NULL
"2645","Insects of Micronesia 6(3)","Derbidae","Swezeyia zephyrus",NULL,"Wotje","1937",NULL
"2646","Insects of Micronesia 6(3)","Derbidae","Swezeyia zephyrus",NULL,"Arno atoll","1950",NULL
"2647","Insects of Micronesia 6(3)","Derbidae","Swezeyia zephyrus",NULL,"Mili","1953",NULL
"2648","Insects of Micronesia 6(3)","Derbidae","Swezeyia zephyrus",NULL,"Onotoa (Gilberts)","1951",NULL
"2649","Insects of Micronesia 6(3)","Derbidae","Swezeyia polyxo",NULL,"Koror","1952",NULL
"2650","Insects of Micronesia 6(3)","Derbidae","Swezeyia polyxo",NULL,"Yap","1950",NULL
"2651","Insects of Micronesia 6(3)","Derbidae","Swezeyia polyxo",NULL,"Sonsorol","1952",NULL
"2652","Insects of Micronesia 6(3)","Derbidae","Swezeyia polyxo",NULL,"Ulithi","1946",NULL
"2653","Insects of Micronesia 6(3)","Derbidae","Swezeyia polyxo",NULL,"Fais","1952",NULL
"2654","Insects of Micronesia 6(3)","Derbidae","Swezeyia polyxo",NULL,"Ton","1952",NULL
"2655","Insects of Micronesia 6(3)","Derbidae","Swezeyia polyxo",NULL,"Fefan","1953",NULL
"2656","Insects of Micronesia 6(3)","Derbidae","Swezeyia polyxo",NULL,"Wena(Moen)","1949",NULL
"2657","Insects of Micronesia 6(3)","Derbidae","Swezeyia metanira",NULL,"Babelthuap","1947",NULL
"2658","Insects of Micronesia 6(3)","Derbidae","Swezeyia metanira",NULL,"Koror","1952",NULL
"2659","Insects of Micronesia 6(3)","Derbidae","Swezeyia typhon",NULL,"Koror","1947",NULL
"2660","Insects of Micronesia 6(3)","Derbidae","Swezeyia ganesa",NULL,"Babelthuap","1939",NULL
"2661","Insects of Micronesia 6(3)","Derbidae","Swezeyia ganesa",NULL,"Yap","1952",NULL
"2662","Insects of Micronesia 6(3)","Derbidae","Swezeyia ganesa",NULL,"Nama","1950",NULL
"2663","Insects of Micronesia 6(3)","Derbidae","Swezeyia ganesa",NULL,"Ton","1949",NULL
"2664","Insects of Micronesia 6(3)","Derbidae","Swezeyia ganesa",NULL,"Pata","1940",NULL
"2665","Insects of Micronesia 6(3)","Derbidae","Swezeyia ganesa",NULL,"Wena(Moen)","1946",NULL
"2666","Insects of Micronesia 6(3)","Derbidae","Swezeyia ganesa",NULL,"Tonoas(Dublon)","1946",NULL
"2667","Insects of Micronesia 6(3)","Derbidae","Swezeyia ganesa",NULL,"Fefan","1953",NULL
"2668","Insects of Micronesia 6(3)","Derbidae","Swezeyia ganesa",NULL,"Onotoa (Gilberts)","1951",NULL
"2669","Insects of Micronesia 6(3)","Derbidae","Kampulokara",NULL,"Tol","1949",NULL
"2670","Insects of Micronesia 6(3)","Derbidae","Kampulokara",NULL,"Babelthuap","1951",NULL
"2671","Insects of Micronesia 6(3)","Derbidae","Eusyphax bivittatus",NULL,"Guam","1946",NULL
"2672","Insects of Micronesia 6(3)","Derbidae","Eusyphax bivittatus ianthe",NULL,"Yap","1950",NULL
"2673","Insects of Micronesia 6(3)","Derbidae","Eusyphax bivittatus lineatus",NULL,"Saipan","1945",NULL
"2674","Insects of Micronesia 6(3)","Derbidae","Eusyphax bivittatus lineatus",NULL,"Guam","1945",NULL
"2675","Insects of Micronesia 6(3)","Derbidae","Eusyphax bivittatus lineatus",NULL,"Babelthuap","1952",NULL
"2676","Insects of Micronesia 6(3)","Derbidae","Eusyphax bivittatus lineatus",NULL,"Koror","1939",NULL
"2677","Insects of Micronesia 6(3)","Derbidae","Eusyphax bivittatus lineatus",NULL,"Peleliu","1945",NULL
"2678","Insects of Micronesia 6(3)","Derbidae","Eusyphax bivittatus lineatus",NULL,"Angaur","1945",NULL
"2679","Insects of Micronesia 6(3)","Derbidae","Nesokaha infuscata palauana",NULL,"Koror","1954",NULL
"2680","Insects of Micronesia 6(3)","Derbidae","Nesokaha infuscata palauana",NULL,"Babelthuap","1954",NULL
"2681","Insects of Micronesia 6(3)","Derbidae","Nesokaha infuscata palauana",NULL,"Ngarmalk","1952",NULL
"2682","Insects of Micronesia 6(3)","Derbidae","Nesokaha infuscata palauana",NULL,"Peleliu","1952",NULL
"2683","Insects of Micronesia 6(3)","Derbidae","Nesorhamma chalcas chalcas",NULL,"Peleliu","1948",NULL
"2684","Insects of Micronesia 6(3)","Derbidae","Nesorhamma chalcas chalcas",NULL,"Urukthapel","1952",NULL
"2685","Insects of Micronesia 6(3)","Derbidae","Nesorhamma chalcas chalcas",NULL,"Ngarmalk","1952",NULL
"2686","Insects of Micronesia 6(3)","Derbidae","Nesorhamma chalcas atrior",NULL,"Koror","1947",NULL
"2687","Insects of Micronesia 6(3)","Derbidae","Nesorhamma chalcas atrior",NULL,"Angaur","1945",NULL
"2688","Insects of Micronesia 6(3)","Derbidae","Nesorhamma badia",NULL,"Guam","1952",NULL
"2689","Insects of Micronesia 6(3)","Derbidae","Lamenia caliginea charon",NULL,"Ujelang","1953",NULL
"2690","Insects of Micronesia 6(3)","Derbidae","Lamenia caliginea charon",NULL,"Eniwetok","1946",NULL
"2691","Insects of Micronesia 6(3)","Derbidae","Lamenia caliginea charon",NULL,"Kwajalein","1944",NULL
"2692","Insects of Micronesia 6(3)","Derbidae","Lamenia caliginea charon",NULL,"Ebeye","1953",NULL
"2693","Insects of Micronesia 6(3)","Derbidae","Lamenia caliginea charon",NULL,"Lae","1953",NULL
"2694","Insects of Micronesia 6(3)","Derbidae","Lamenia caliginea charon",NULL,"Namu","1953",NULL
"2695","Insects of Micronesia 6(3)","Derbidae","Lamenia caliginea charon",NULL,"Namorik","1953",NULL
"2696","Insects of Micronesia 6(3)","Derbidae","Lamenia caliginea charon",NULL,"Ailinglaplap","1946",NULL
"2697","Insects of Micronesia 6(3)","Derbidae","Lamenia caliginea charon",NULL,"Jaluit","1946",NULL
"2698","Insects of Micronesia 6(3)","Derbidae","Lamenia caliginea charon",NULL,"Kili","1953",NULL
"2699","Insects of Micronesia 6(3)","Derbidae","Lamenia caliginea charon",NULL,"Majuro","1946",NULL
"2700","Insects of Micronesia 6(3)","Derbidae","Lamenia caliginea charon",NULL,"Likiep","1946",NULL
"2701","Insects of Micronesia 6(3)","Derbidae","Lamenia caliginea charon",NULL,"Wotje","1937",NULL
"2702","Insects of Micronesia 6(3)","Derbidae","Lamenia caliginea charon",NULL,"Arno atoll","1950",NULL
"2703","Insects of Micronesia 6(3)","Derbidae","Lamenia caliginea onoensis",NULL,"Kusaie","1946",NULL
"2704","Insects of Micronesia 6(3)","Derbidae","Lamenia caliginea fullawayi",NULL,"Guam","1941",NULL
"2705","Insects of Micronesia 6(3)","Derbidae","Lamenia caliginia ponapeana",NULL,"Ponape","1938",NULL
"2706","Insects of Micronesia 6(3)","Derbidae","Lamenia caliginia ponapeana",NULL,"Mokil","1953",NULL
"2707","Insects of Micronesia 6(3)","Derbidae","Lamenia caliginia ponapeana",NULL,"Pingelap","1953",NULL
"2708","Insects of Micronesia 6(3)","Derbidae","Lamenia caliginia sory",NULL,"Wena(Moen)","1939",NULL
"2709","Insects of Micronesia 6(3)","Derbidae","Lamenia caliginia sory",NULL,"Tol","1952",NULL
"2710","Insects of Micronesia 6(3)","Derbidae","Lamenia caliginia sory",NULL,"Fefan","1953",NULL
"2711","Insects of Micronesia 6(3)","Derbidae","Lamenia caliginia sory",NULL,"Tonoas(Dublon)","1940",NULL
"2712","Insects of Micronesia 6(3)","Derbidae","Lamenia caliginia sory",NULL,"Nomwin","1954",NULL
"2713","Insects of Micronesia 6(3)","Derbidae","Lamenia caliginia sory",NULL,"Woleai","1952",NULL
"2714","Insects of Micronesia 6(3)","Derbidae","Lamenia caliginia sory",NULL,"Faraulep","1952",NULL
"2715","Insects of Micronesia 6(3)","Derbidae","Lamenia caliginia sory",NULL,"Sorol","1952",NULL
"2716","Insects of Micronesia 6(3)","Derbidae","Lamenia caliginia sory",NULL,"Elato","1952",NULL
"2717","Insects of Micronesia 6(3)","Derbidae","Lamenia caliginia sory",NULL,"Satawan","1952",NULL
"2718","Insects of Micronesia 6(3)","Derbidae","Lamenia caliginia sory",NULL,"Losap","1952",NULL
"2719","Insects of Micronesia 6(3)","Derbidae","Lamenia caliginia dira",NULL,"Nama","1950",NULL
"2720","Insects of Micronesia 6(3)","Derbidae","Lamenia caliginia yapana",NULL,"Yap","1939",NULL
"2721","Insects of Micronesia 6(3)","Derbidae","Lamenia caliginia yapana",NULL,"Peleliu","1952",NULL
"2722","Insects of Micronesia 6(3)","Derbidae","Lamenia caliginia yapana",NULL,"Ulithi","1945",NULL
"2723","Insects of Micronesia 6(3)","Derbidae","Lamenia caliginia yapana",NULL,"Ngulu","1952",NULL
"2724","Insects of Micronesia 6(3)","Derbidae","Lamenia caliginia thyestes",NULL,"Kapingamarangi","1946",NULL
"2725","Insects of Micronesia 6(3)","Derbidae","Lamenia caliginia",NULL,"Nukuoru","1946",NULL
"2726","Insects of Micronesia 6(3)","Derbidae","Lamenia numitor numitor",NULL,"Yap","1950",NULL
"2727","Insects of Micronesia 6(3)","Derbidae","Lamenia numitor numitor",NULL,"Guam","1952",NULL
"2728","Insects of Micronesia 6(3)","Derbidae","Lamenia numitor numitor",NULL,"Ngulu","1952",NULL
"2729","Insects of Micronesia 6(3)","Derbidae","Lamenia numitor buto",NULL,"Babelthuap","1936",NULL
"2730","Insects of Micronesia 6(3)","Derbidae","Lamenia numitor buto",NULL,"Koror","1946",NULL
"2731","Insects of Micronesia 6(3)","Derbidae","Lamenia numitor buto",NULL,"Peleliu","1945",NULL
"2732","Insects of Micronesia 6(3)","Derbidae","Lamenia numitor buto",NULL,"Angaur","1945",NULL
"2733","Insects of Micronesia 6(3)","Derbidae","Lamenia numitor buto",NULL,"Tobi","1952",NULL
"2734","Insects of Micronesia 6(3)","Derbidae","Lamenia numitor buto",NULL,"Pulo Anna","1952",NULL
"2735","Insects of Micronesia 6(3)","Derbidae","Lamenia numitor sordida",NULL,"Ponape","1950",NULL
"2736","Insects of Micronesia 6(3)","Derbidae","Lamenia numitor sordida",NULL,"Nukuoru","1946",NULL
"2737","Insects of Micronesia 6(3)","Derbidae","Lamenia numitor procne",NULL,"Kapingamarangi","1946",NULL
"2738","Insects of Micronesia 6(3)","Derbidae","Lamenia candida",NULL,"Peleliu","1945",NULL
"2739","Insects of Micronesia 6(3)","Derbidae","Lamenia candida",NULL,"Babelthuap","1947",NULL
"2740","Insects of Micronesia 6(3)","Derbidae","Lamenia candida",NULL,"Koror","1947",NULL
"2741","Insects of Micronesia 6(3)","Derbidae","Lamenia candida",NULL,"Yap","1946",NULL
"2742","Insects of Micronesia 6(3)","Derbidae","Lamenia candida",NULL,"Ngaiangl(Kayangel)","1952",NULL
"2743","Insects of Micronesia 6(3)","Derbidae","Lamenia candida",NULL,"Ngulu","1952",NULL
"2744","Insects of Micronesia 6(3)","Derbidae","Lamenia candida",NULL,"Guam","1952",NULL
"2745","Insects of Micronesia 6(3)","Derbidae","Phaciocephalus zethus",NULL,"Ponape","1940",NULL
"2746","Insects of Micronesia 6(3)","Derbidae","Phaciocephalus zethus",NULL,"Peleliu","1946",NULL
"2747","Insects of Micronesia 6(3)","Derbidae","Phaciocephalus carolinensis",NULL,"Fefan","1937",NULL
"2748","Insects of Micronesia 6(3)","Derbidae","Phaciocephalus carolinensis",NULL,"Ton(Tol)","1940",NULL
"2749","Insects of Micronesia 6(3)","Derbidae","Phaciocephalus carolinensis",NULL,"Wena(Moen)","1946",NULL
"2750","Insects of Micronesia 6(3)","Derbidae","Phaciocephalus phaedra",NULL,"Saipan","1946",NULL
"2751","Insects of Micronesia 6(3)","Derbidae","Phaciocephalus phaedra",NULL,"Wena(Moen)","1946",NULL
"2752","Insects of Micronesia 6(3)","Derbidae","Phaciocephalus phaedra",NULL,"Fefan","1946",NULL
"2753","Insects of Micronesia 6(3)","Derbidae","Phaciocephalus phaedra",NULL,"Ton(Tol)","1952",NULL
"2754","Insects of Micronesia 6(3)","Derbidae","Phaciocephalus phaedra",NULL,"Ponape","1946",NULL
"2755","Insects of Micronesia 6(3)","Derbidae","Phaciocephalus phaedra",NULL,"Kusaie","1946",NULL
"2756","Insects of Micronesia 6(3)","Derbidae","Phaciocephalus paschalis",NULL,"Ponape","1937",NULL
"2757","Insects of Micronesia 6(3)","Derbidae","Phaciocephalus paschalis",NULL,"Wena(Moen)","1946",NULL
"2758","Insects of Micronesia 6(3)","Derbidae","Phaciocephalus paschalis",NULL,"Tonoas(Dublon)","1952",NULL
"2759","Insects of Micronesia 6(3)","Derbidae","Phaciocephalus paschalis",NULL,"Ton(Tol)","1946",NULL
"2760","Insects of Micronesia 6(3)","Derbidae","Phaciocephalus onoi",NULL,"Ton(Tol)","1940",NULL
"2761","Insects of Micronesia 6(3)","Derbidae","Phaciocephalus onoi",NULL,"Tonoas(Dublon)","1938",NULL
"2762","Insects of Micronesia 6(3)","Derbidae","Phaciocephalus onoi",NULL,"Wena(Moen)","1946",NULL
"2763","Insects of Micronesia 6(3)","Derbidae","Levu matsumurae guamana",NULL,"Guam","1945",NULL
"2764","Insects of Micronesia 6(3)","Derbidae","Levu matsumurae appressa",NULL,"(Truk Island)","1954",NULL
"2765","Insects of Micronesia 6(3)","Derbidae","Levu matsumurae ponapeana",NULL,"Ponape","1938",NULL
"2766","Insects of Micronesia 6(3)","Derbidae","Levu matsumurae palauensis",NULL,"Babelthuap","1947",NULL
"2767","Insects of Micronesia 6(3)","Derbidae","Levu matsumurae palauensis",NULL,"Koror","1952",NULL
"2768","Insects of Micronesia 6(3)","Derbidae","Levu matsumurae palauensis",NULL,"Peleliu","1948",NULL
"2769","Insects of Micronesia 6(3)","Derbidae","Levu pallescens pallescens",NULL,"Rota","1937",NULL
"2770","Insects of Micronesia 6(3)","Derbidae","Levu pallescens pallescens",NULL,"Saipan","1945",NULL
"2771","Insects of Micronesia 6(3)","Derbidae","Levu pallescens pallescens",NULL,"Tinian","1945",NULL
"2772","Insects of Micronesia 6(3)","Derbidae","Levu pallescens pallescens",NULL,"Guam","1945",NULL
"2773","Insects of Micronesia 6(3)","Derbidae","Levu pallescens pallescens",NULL,"Yap","1946",NULL
"2774","Insects of Micronesia 6(3)","Derbidae","Levu pallescens pagana",NULL,"Ponape","1938",NULL
"2775","Insects of Micronesia 6(3)","Derbidae","Levu pallescens lactinea",NULL,"Koror","1947",NULL
"2776","Insects of Micronesia 6(3)","Derbidae","Levu pallescens lactinea",NULL,"Peleliu","1948",NULL
"2777","Insects of Micronesia 6(3)","Derbidae","Levu pallescens lactinea",NULL,"Babelthuap","1952",NULL
"2778","Insects of Micronesia 6(3)","Derbidae","Levu pallescens lactinea",NULL,"Urukthapel","1952",NULL
"2779","Insects of Micronesia 6(3)","Derbidae","Levu pallescens haedulus",NULL,"Tonoas(Dublon)","1939",NULL
"2780","Insects of Micronesia 6(3)","Derbidae","Levu pallescens haedulus",NULL,"Ton(Tol)","1940",NULL
"2781","Insects of Micronesia 6(3)","Derbidae","Levu pallescens haedulus",NULL,"Wena(Moen)","1949",NULL
"2782","Insects of Micronesia 6(3)","Achilidae","Argeleusa rhanis",NULL,"Babelthuap","1947",NULL
"2783","Insects of Micronesia 6(3)","Dictyopharidae","Chanithus gramineus",NULL,"Saipan","1949",NULL
"2784","Insects of Micronesia 6(3)","Dictyopharidae","Chanithus gramineus",NULL,"Tinian","1952",NULL
"2785","Insects of Micronesia 6(3)","Dictyopharidae","Chanithus gramineus",NULL,"Guam","1936",NULL
"2786","Insects of Micronesia 6(3)","Dictyopharidae","Chanithus gramineus",NULL,"Koror","1952",NULL
"2787","Insects of Micronesia 6(3)","Dictyopharidae","Chanithus gramineus",NULL,"Malakal","1952",NULL
"2788","Insects of Micronesia 6(3)","Dictyopharidae","Chanithus gramineus",NULL,"Yap","1950",NULL
"2789","Insects of Micronesia 6(3)","Tropiduchidae","Leptovanua serapis",NULL,"Ponape","1938",NULL
"2790","Insects of Micronesia 6(3)","Tropiduchidae","Leptovanua serapis",NULL,"Ton(Tol)","1953",NULL
"2791","Insects of Micronesia 6(3)","Tropiduchidae","Leptovanua telamon telamon",NULL,"Yap","1939",NULL
"2792","Insects of Micronesia 6(3)","Tropiduchidae","Leptovanua telamon palauana",NULL,"Koror","1947",NULL
"2793","Insects of Micronesia 6(3)","Tropiduchidae","Leptovanua telamon palauana",NULL,"Babelthuap","1947",NULL
"2794","Insects of Micronesia 6(3)","Tropiduchidae","Leptovanua telamon palauana",NULL,"Malakal","1952",NULL
"2795","Insects of Micronesia 6(3)","Tropiduchidae","Leptovanua telamon palauana",NULL,"Peleliu","1939",NULL
"2796","Insects of Micronesia 6(3)","Tropiduchidae","Tambinia guamensis",NULL,"Saipan","1940",NULL
"2797","Insects of Micronesia 6(3)","Tropiduchidae","Tambinia guamensis",NULL,"Guam","1945",NULL
"2798","Insects of Micronesia 6(3)","Tropiduchidae","Tambinia sisyphus",NULL,"Babelthuap","1939",NULL
"2799","Insects of Micronesia 6(3)","Tropiduchidae","Tambinia sisyphus",NULL,"Koror","1938",NULL
"2800","Insects of Micronesia 6(3)","Tropiduchidae","Tambinia baucis",NULL,"Yap","1951",NULL
"2801","Insects of Micronesia 6(3)","Tropiduchidae","Swezeyaria viridana viridana",NULL,"Guam","1945",NULL
"2802","Insects of Micronesia 6(3)","Tropiduchidae","Swezeyaria viridana unicolor",NULL,"Ponape","1938",NULL
"2803","Insects of Micronesia 6(3)","Tropiduchidae","Swezeyaria viridana constricta",NULL,"Nama","1950",NULL
"2804","Insects of Micronesia 6(3)","Tropiduchidae","Swezeyaria viridana constricta",NULL,"Nomwin","1946",NULL
"2805","Insects of Micronesia 6(3)","Tropiduchidae","Swezeyaria viridana constricta",NULL,"Wena(Moen)","1939",NULL
"2806","Insects of Micronesia 6(3)","Tropiduchidae","Swezeyaria viridana orientalis",NULL,"Kusaie","1946",NULL
"2807","Insects of Micronesia 6(3)","Tropiduchidae","Swezeyaria damo",NULL,"Ponape","1938",NULL
"2808","Insects of Micronesia 6(3)","Tropiduchidae","Nesotemora cinyras",NULL,"Yap","1950",NULL
"2809","Insects of Micronesia 6(3)","Tropiduchidae","Nesotemora cinyras",NULL,"Babelthuap","1952",NULL
"2810","Insects of Micronesia 6(3)","Tropiduchidae","Kallitaxila suturalis",NULL,"Chichi Jima","1949",NULL
"2811","Insects of Micronesia 6(3)","Tropiduchidae","Kallitaxila suturalis",NULL,"Haha Jima","1931",NULL
"2812","Insects of Micronesia 6(3)","Tropiduchidae","Mesopora issiformis",NULL,"Muko Jima","1951",NULL
"2813","Insects of Micronesia 6(3)","Tropiduchidae","Mesopora boninensis",NULL,"Haha Jima","1931",NULL
"2814","Insects of Micronesia 6(3)","Tropiduchidae","Mesopora ogasawarana",NULL,"Chichi Jima","1949",NULL
"2815","Insects of Micronesia 6(3)","Tropiduchidae","Mesopora ogasawarana",NULL,"Haha Jima","1949",NULL
"2816","Insects of Micronesia 6(3)","Issidae","Issarius carolinensis",NULL,"Wena(Moen)","1949",NULL
"2817","Insects of Micronesia 6(3)","Issidae","Issarius carolinensis",NULL,"Ton(Tol)","1953",NULL
"2818","Insects of Micronesia 6(3)","Issidae","Issarius carolinensis",NULL,"Fefan","1953",NULL
"2819","Insects of Micronesia 6(3)","Issidae","Issarius carolinensis nassa",NULL,"Ponape","1948",NULL
"2820","Insects of Micronesia 6(3)","Issidae","Issarius surenas",NULL,"Guam","1945",NULL
"2821","Insects of Micronesia 6(3)","Issidae","Issarius surenas",NULL,"Aguiguan","1952",NULL
"2822","Insects of Micronesia 6(3)","Issidae","Issarius doricha",NULL,"Peleliu","1948",NULL
"2823","Insects of Micronesia 6(3)","Issidae","Issarius doricha",NULL,"Babelthuap","1952",NULL
"2824","Insects of Micronesia 6(3)","Issidae","Issarius doricha",NULL,"Koror","1948",NULL
"2825","Insects of Micronesia 6(3)","Issidae","Issarius doricha",NULL,"Ngurukdabel(Urukthapel)","1948",NULL
"2826","Insects of Micronesia 6(3)","Issidae","Issarius troilus",NULL,"Kusaie","1946",NULL
"2827","Insects of Micronesia 6(3)","Issidae","Issarius tartarus",NULL,"Rota","1946",NULL
"2828","Insects of Micronesia 6(3)","Issidae","Issarius nestor",NULL,"Ngerkabesang","1946",NULL
"2829","Insects of Micronesia 6(3)","Issidae","Issarius panope",NULL,"Saipan","1940",NULL
"2830","Insects of Micronesia 6(3)","Issidae","Issarius panope",NULL,"Tinian","1945",NULL
"2831","Insects of Micronesia 6(3)","Issidae","Issarius iole",NULL,"Yap","1939",NULL
"2832","Insects of Micronesia 6(3)","Issidae","Atylana farrago",NULL,"Ton(Tol)","1949",NULL
"2833","Insects of Micronesia 6(3)","Ricaniidae","Armacia clara clara",NULL,"Ponape","1938",NULL
"2834","Insects of Micronesia 6(3)","Ricaniidae","Armacia clara trukensis",NULL,"Wena(Moen)","1948",NULL
"2835","Insects of Micronesia 6(3)","Ricaniidae","Armacia clara trukensis",NULL,"Ton(Tol)","1952",NULL
"2836","Insects of Micronesia 6(3)","Ricaniidae","Armacia clara trukensis",NULL,"Tonoas(Dublon)","1948",NULL
"2837","Insects of Micronesia 6(3)","Ricaniidae","Armacia clara trukensis",NULL,"Sis(Tsis)","1952",NULL
"2838","Insects of Micronesia 6(3)","Ricaniidae","Armacia clara trukensis",NULL,"Lamotrek","1952",NULL
"2839","Insects of Micronesia 6(3)","Ricaniidae","Armacia clara trukensis",NULL,"Elato","1952",NULL
"2840","Insects of Micronesia 6(3)","Ricaniidae","Armacia clara trukensis",NULL,"Nomwin","1954",NULL
"2841","Insects of Micronesia 6(3)","Ricaniidae","Armacia clara namana",NULL,"Nama","1949",NULL
"2842","Insects of Micronesia 6(3)","Ricaniidae","Armacia clara namana",NULL,"Lukenor","1952",NULL
"2843","Insects of Micronesia 6(3)","Ricaniidae","Armacia clara namana",NULL,"Satawan","1952",NULL
"2844","Insects of Micronesia 6(3)","Ricaniidae","Armacia clara kusaieana",NULL,"Kusaie","1937",NULL
"2845","Insects of Micronesia 6(3)","Ricaniidae","Armacia simaethis",NULL,"Angaur","1936",NULL
"2846","Insects of Micronesia 6(3)","Ricaniidae","Armacia simaethis",NULL,"Babelthuap","1939",NULL
"2847","Insects of Micronesia 6(3)","Ricaniidae","Armacia simaethis",NULL,"Koror","1938",NULL
"2848","Insects of Micronesia 6(3)","Ricaniidae","Armacia simaethis",NULL,"Peleliu","1945",NULL
"2849","Insects of Micronesia 6(3)","Ricaniidae","Armacia simaethis",NULL,"Urukthapel","1952",NULL
"2850","Insects of Micronesia 6(3)","Ricaniidae","Ricanoptera syrinx",NULL,"Yap","1939",NULL
"2851","Insects of Micronesia 6(3)","Ricaniidae","Ricanoides flabellum",NULL,"Chichi Jima","1931",NULL
"2852","Insects of Micronesia 6(3)","Ricaniidae","Ricanoides flabellum",NULL,"Haha Jima","1930",NULL
"2853","Insects of Micronesia 6(3)","Ricaniidae","Euricania ocellus fascialis",NULL,"Chichi Jima","1931",NULL
"2854","Insects of Micronesia 6(3)","Flatidae","Mimophantia maritima",NULL,"Chichi Jima","1949",NULL
"2855","Insects of Micronesia 6(2)","Aphididae","Hyalopterus pruni",NULL,"Guam","1936",NULL
"2856","Insects of Micronesia 6(2)","Aphididae","Hyalopterus pruni",NULL,"Babelthuap","1936",NULL
"2857","Insects of Micronesia 6(2)","Aphididae","Rhopalosiphum maidis",NULL,"Saipan","1946",NULL
"2858","Insects of Micronesia 6(2)","Aphididae","Rhopalosiphum maidis",NULL,"Tinian","1946",NULL
"2859","Insects of Micronesia 6(2)","Aphididae","Rhopalosiphum maidis",NULL,"Rota","1946",NULL
"2860","Insects of Micronesia 6(2)","Aphididae","Rhopalosiphum maidis",NULL,"Guam","1945",NULL
"2861","Insects of Micronesia 6(2)","Aphididae","Rhopalosiphum maidis",NULL,"Babelthuap","1946",NULL
"2862","Insects of Micronesia 6(2)","Aphididae","Rhopalosiphum maidis",NULL,"Koror","1953",NULL
"2863","Insects of Micronesia 6(2)","Aphididae","Rhopalosiphum maidis",NULL,"Yap","1946",NULL
"2864","Insects of Micronesia 6(2)","Aphididae","Rhopalosiphum maidis",NULL,"Wena(Moen)","1946",NULL
"2865","Insects of Micronesia 6(2)","Aphididae","Rhopalosiphum maidis",NULL,"Fefan","1946",NULL
"2866","Insects of Micronesia 6(2)","Aphididae","Rhopalosiphum maidis",NULL,"Ponape","1946",NULL
"2867","Insects of Micronesia 6(2)","Aphididae","Rhopalosiphum pseudobrassicae",NULL,"Guam","1954",NULL
"2868","Insects of Micronesia 6(2)","Aphididae","Aphis gossypii",NULL,"Iwo Jima","1945",NULL
"2869","Insects of Micronesia 6(2)","Aphididae","Aphis gossypii",NULL,"Saipan","1946",NULL
"2870","Insects of Micronesia 6(2)","Aphididae","Aphis gossypii",NULL,"Tinian","1946",NULL
"2871","Insects of Micronesia 6(2)","Aphididae","Aphis gossypii",NULL,"Rota","1946",NULL
"2872","Insects of Micronesia 6(2)","Aphididae","Aphis gossypii",NULL,"Guam","1945",NULL
"2873","Insects of Micronesia 6(2)","Aphididae","Aphis gossypii",NULL,"Babelthuap","1946",NULL
"2874","Insects of Micronesia 6(2)","Aphididae","Aphis gossypii",NULL,"Koror","1953",NULL
"2875","Insects of Micronesia 6(2)","Aphididae","Aphis gossypii",NULL,"Angaur","1953",NULL
"2876","Insects of Micronesia 6(2)","Aphididae","Aphis gossypii",NULL,"Yap","1950",NULL
"2877","Insects of Micronesia 6(2)","Aphididae","Aphis gossypii",NULL,"Pulo Anna","1952",NULL
"2878","Insects of Micronesia 6(2)","Aphididae","Aphis gossypii",NULL,"Sonsorol","1952",NULL
"2879","Insects of Micronesia 6(2)","Aphididae","Aphis gossypii",NULL,"Faraulep","1953",NULL
"2880","Insects of Micronesia 6(2)","Aphididae","Aphis gossypii",NULL,"Ifaluk","1952",NULL
"2881","Insects of Micronesia 6(2)","Aphididae","Aphis gossypii",NULL,"Lamotrek","1952",NULL
"2882","Insects of Micronesia 6(2)","Aphididae","Aphis gossypii",NULL,"Satawal","1952",NULL
"2883","Insects of Micronesia 6(2)","Aphididae","Aphis gossypii",NULL,"Namoluk","1953",NULL
"2884","Insects of Micronesia 6(2)","Aphididae","Aphis gossypii",NULL,"Nukuoru","1946",NULL
"2885","Insects of Micronesia 6(2)","Aphididae","Aphis gossypii",NULL,"Kapingamarangi","1946",NULL
"2886","Insects of Micronesia 6(2)","Aphididae","Aphis gossypii",NULL,"Ton(Tol)","1946",NULL
"2887","Insects of Micronesia 6(2)","Aphididae","Aphis gossypii",NULL,"Romanum","1949",NULL
"2888","Insects of Micronesia 6(2)","Aphididae","Aphis gossypii",NULL,"Wena(Moen)","1946",NULL
"2889","Insects of Micronesia 6(2)","Aphididae","Aphis gossypii",NULL,"Ponape","1940",NULL
"2890","Insects of Micronesia 6(2)","Aphididae","Aphis gossypii",NULL,"Kusaie","1946",NULL
"2891","Insects of Micronesia 6(2)","Aphididae","Aphis gossypii",NULL,"Eniwetok","1945",NULL
"2892","Insects of Micronesia 6(2)","Aphididae","Aphis gossypii",NULL,"Ujae","1952",NULL
"2893","Insects of Micronesia 6(2)","Aphididae","Aphis gossypii",NULL,"Kwajalein","1946",NULL
"2894","Insects of Micronesia 6(2)","Aphididae","Aphis gossypii",NULL,"Lib(Elleb)","1953",NULL
"2895","Insects of Micronesia 6(2)","Aphididae","Aphis gossypii",NULL,"Namu","1953",NULL
"2896","Insects of Micronesia 6(2)","Aphididae","Aphis gossypii",NULL,"Ailinglaplap","1946",NULL
"2897","Insects of Micronesia 6(2)","Aphididae","Aphis gossypii",NULL,"Likiep","1946",NULL
"2898","Insects of Micronesia 6(2)","Aphididae","Aphis gossypii",NULL,"Majuro","1946",NULL
"2899","Insects of Micronesia 6(2)","Aphididae","Aphis gossypii",NULL,"Jaluit","1946",NULL
"2900","Insects of Micronesia 6(2)","Aphididae","Aphis gossypii",NULL,"Arno atoll","1950",NULL
"2901","Insects of Micronesia 6(2)","Aphididae","Aphis gossypii",NULL,"Onotoa (Gilberts)","1951",NULL
"2902","Insects of Micronesia 6(2)","Aphididae","Aphis medicaginis",NULL,"Saipan","1946",NULL
"2903","Insects of Micronesia 6(2)","Aphididae","Aphis medicaginis",NULL,"Rota","1946",NULL
"2904","Insects of Micronesia 6(2)","Aphididae","Aphis medicaginis",NULL,"Guam","1936",NULL
"2905","Insects of Micronesia 6(2)","Aphididae","Aphis medicaginis",NULL,"Yap","1952",NULL
"2906","Insects of Micronesia 6(2)","Aphididae","Aphis medicaginis",NULL,"Tobi","1952",NULL
"2907","Insects of Micronesia 6(2)","Aphididae","Aphis medicaginis",NULL,"Ngulu","1952",NULL
"2908","Insects of Micronesia 6(2)","Aphididae","Aphis medicaginis",NULL,"Woleai","1946",NULL
"2909","Insects of Micronesia 6(2)","Aphididae","Aphis medicaginis",NULL,"Lamotrek","1952",NULL
"2910","Insects of Micronesia 6(2)","Aphididae","Aphis medicaginis",NULL,"Satawal","1952",NULL
"2911","Insects of Micronesia 6(2)","Aphididae","Aphis medicaginis",NULL,"Nama","1952",NULL
"2912","Insects of Micronesia 6(2)","Aphididae","Aphis medicaginis",NULL,"Wena(Moen)","1948",NULL
"2913","Insects of Micronesia 6(2)","Aphididae","Aphis medicaginis",NULL,"Ponape","1950",NULL
"2914","Insects of Micronesia 6(2)","Aphididae","Aphis medicaginis",NULL,"Kusaie","1946",NULL
"2915","Insects of Micronesia 6(2)","Aphididae","Aphis medicaginis",NULL,"Eniwetok","1946",NULL
"2916","Insects of Micronesia 6(2)","Aphididae","Aphis medicaginis",NULL,"Kwajalein","1952",NULL
"2917","Insects of Micronesia 6(2)","Aphididae","Aphis medicaginis",NULL,"Lib(Elleb)","1953",NULL
"2918","Insects of Micronesia 6(2)","Aphididae","Aphis medicaginis",NULL,"Ailinglaplap","1946",NULL
"2919","Insects of Micronesia 6(2)","Aphididae","Aphis medicaginis",NULL,"Namorik","1953",NULL
"2920","Insects of Micronesia 6(2)","Aphididae","Aphis medicaginis",NULL,"Majuro","1946",NULL
"2921","Insects of Micronesia 6(2)","Aphididae","Aphis medicaginis",NULL,"Arno atoll","1950",NULL
"2922","Insects of Micronesia 6(2)","Aphididae","Aphis nerii",NULL,"Guam","1946",NULL
"2923","Insects of Micronesia 6(2)","Aphididae","Aphis nerii",NULL,"Ngulu","1952",NULL
"2924","Insects of Micronesia 6(2)","Aphididae","Toxoptera aurantii",NULL,"Guam","1945",NULL
"2925","Insects of Micronesia 6(2)","Aphididae","Toxoptera aurantii",NULL,"Satawan(Satawal)","1952",NULL
"2926","Insects of Micronesia 6(2)","Aphididae","Toxoptera aurantii",NULL,"Wena(Moen)","1948",NULL
"2927","Insects of Micronesia 6(2)","Aphididae","Myzodes persicae",NULL,"Saipan","1948",NULL
"2928","Insects of Micronesia 6(2)","Aphididae","Pentalonia nigronervosa",NULL,"Saipan","1939",NULL
"2929","Insects of Micronesia 6(2)","Aphididae","Pentalonia nigronervosa",NULL,"Rota","1936",NULL
"2930","Insects of Micronesia 6(2)","Aphididae","Pentalonia nigronervosa",NULL,"Guam","1945",NULL
"2931","Insects of Micronesia 6(2)","Aphididae","Pentalonia nigronervosa",NULL,"Babelthuap","1936",NULL
"2932","Insects of Micronesia 6(2)","Aphididae","Pentalonia nigronervosa",NULL,"Koror","1947",NULL
"2933","Insects of Micronesia 6(2)","Aphididae","Pentalonia nigronervosa",NULL,"Yap","1952",NULL
"2934","Insects of Micronesia 6(2)","Aphididae","Pentalonia nigronervosa",NULL,"Wena(Moen)","1948",NULL
"2935","Insects of Micronesia 6(2)","Aphididae","Pentalonia nigronervosa",NULL,"Ponape","1948",NULL
"2936","Insects of Micronesia 6(2)","Aphididae","Pentalonia nigronervosa",NULL,"Lib(Elleb)","1953",NULL
"2937","Insects of Micronesia 6(2)","Aphididae","Pentalonia nigronervosa",NULL,"Arno atoll","1950",NULL
"2938","Insects of Micronesia 6(2)","Aphididae","Tetraneura akinire",NULL,"Guam","1946",NULL
"2939","Insects of Micronesia 6(2)","Aphididae","Oregma bambusae",NULL,"Koror","1936",NULL
"2940","Insects of Micronesia 6(2)","Aphididae","Oregma bambusae carolinensis",NULL,"Yap","1939",NULL
"2941","Insects of Micronesia 6(2)","Aphididae","Trichoregma rhapidis",NULL,"Peleliu","1939",NULL
"2942","Insects of Micronesia 6(2)","Aphididae","Trichoregma esakii",NULL,"Babelthuap","1939",NULL
"2943","Insects of Micronesia 6(2)","Aphididae","Cerataphis lataniae",NULL,"Saipan","1937",NULL
"2944","Insects of Micronesia 6(2)","Aphididae","Cerataphis lataniae",NULL,"Yap","1937",NULL
"2945","Insects of Micronesia 6(2)","Aphididae","Cerataphis lataniae",NULL,"Ponape","1948",NULL
"2946","Insects of Micronesia 6(6)","Psyllidae","Mesohomotoma hibisci",NULL,"Chichi Jima","1949",NULL
"2947","Insects of Micronesia 6(6)","Psyllidae","Mesohomotoma hibisci",NULL,"Iwo Jima","1945",NULL
"2948","Insects of Micronesia 6(6)","Psyllidae","Mesohomotoma hibisci",NULL,"Agrihan","1945",NULL
"2949","Insects of Micronesia 6(6)","Psyllidae","Mesohomotoma hibisci",NULL,"Anatahan","1951",NULL
"2950","Insects of Micronesia 6(6)","Psyllidae","Mesohomotoma hibisci",NULL,"Saipan","1945",NULL
"2951","Insects of Micronesia 6(6)","Psyllidae","Mesohomotoma hibisci",NULL,"Guam","1938",NULL
"2952","Insects of Micronesia 6(6)","Psyllidae","Mesohomotoma hibisci",NULL,"Babelthuap","1947",NULL
"2953","Insects of Micronesia 6(6)","Psyllidae","Mesohomotoma hibisci",NULL,"Angaur","1948",NULL
"2954","Insects of Micronesia 6(6)","Psyllidae","Mesohomotoma hibisci",NULL,"Koror","1952",NULL
"2955","Insects of Micronesia 6(6)","Psyllidae","Mesohomotoma hibisci",NULL,"Peleliu","1948",NULL
"2956","Insects of Micronesia 6(6)","Psyllidae","Mesohomotoma hibisci",NULL,"Yap","1949",NULL
"2957","Insects of Micronesia 6(6)","Psyllidae","Mesohomotoma hibisci",NULL,"Woleai","1952",NULL
"2958","Insects of Micronesia 6(6)","Psyllidae","Mesohomotoma hibisci",NULL,"Merir","1952",NULL
"2959","Insects of Micronesia 6(6)","Psyllidae","Mesohomotoma hibisci",NULL,"Ifaluk","1953",NULL
"2960","Insects of Micronesia 6(6)","Psyllidae","Mesohomotoma hibisci",NULL,"Lamotrek","1953",NULL
"2961","Insects of Micronesia 6(6)","Psyllidae","Mesohomotoma hibisci",NULL,"Elato","1953",NULL
"2962","Insects of Micronesia 6(6)","Psyllidae","Mesohomotoma hibisci",NULL,"Faraulep","1953",NULL
"2963","Insects of Micronesia 6(6)","Psyllidae","Mesohomotoma hibisci",NULL,"Kapingamarangi","1946",NULL
"2964","Insects of Micronesia 6(6)","Psyllidae","Mesohomotoma hibisci",NULL,"Mokil","1953",NULL
"2965","Insects of Micronesia 6(6)","Psyllidae","Mesohomotoma hibisci",NULL,"Pingelap","1953",NULL
"2966","Insects of Micronesia 6(6)","Psyllidae","Mesohomotoma hibisci",NULL,"Ponape","1948",NULL
"2967","Insects of Micronesia 6(6)","Psyllidae","Mesohomotoma hibisci",NULL,"Kusaie","1953",NULL
"2968","Insects of Micronesia 6(6)","Psyllidae","Nesiope ornata",NULL,"Guam","1936",NULL
"2969","Insects of Micronesia 6(6)","Psyllidae","Nesiope ornata",NULL,"Tonoas(Dublon)","1939",NULL
"2970","Insects of Micronesia 6(6)","Psyllidae","Nesiope ornata",NULL,"Ponape","1937",NULL
"2971","Insects of Micronesia 6(6)","Psyllidae","Leptynoptera sulfurea",NULL,"Guam","1936",NULL
"2972","Insects of Micronesia 6(6)","Psyllidae","Leptynoptera sulfurea",NULL,"Ngaiangl(Kayangel)","1957",NULL
"2973","Insects of Micronesia 6(6)","Psyllidae","Leptynoptera sulfurea",NULL,"Koror","1953",NULL
"2974","Insects of Micronesia 6(6)","Psyllidae","Leptynoptera sulfurea",NULL,"Yap","1952",NULL
"2975","Insects of Micronesia 6(6)","Psyllidae","Leptynoptera sulfurea",NULL,"Tobi","1952",NULL
"2976","Insects of Micronesia 6(6)","Psyllidae","Leptynoptera sulfurea",NULL,"Faraulep","1953",NULL
"2977","Insects of Micronesia 6(6)","Psyllidae","Leptynoptera sulfurea",NULL,"Ponape","1950",NULL
"2978","Insects of Micronesia 6(6)","Psyllidae","Leptynoptera sulfurea",NULL,"Kusaie","1953",NULL
"2979","Insects of Micronesia 6(6)","Psyllidae","Chineura latipennis",NULL,"Guam","1945",NULL
"2980","Insects of Micronesia 6(6)","Psyllidae","Chineura paucivena",NULL,"Babelthuap","1948",NULL
"2981","Insects of Micronesia 6(6)","Psyllidae","Trigonon longicornis",NULL,"Babelthuap","1952",NULL
"2982","Insects of Micronesia 6(6)","Psyllidae","Trigonon longicornis",NULL,"Yap","1951",NULL
"2983","Insects of Micronesia 6(6)","Psyllidae","Epipsylla albolineata",NULL,"Babelthuap","1947",NULL
"2984","Insects of Micronesia 6(6)","Psyllidae","Epipsylla albolineata",NULL,"Koror","1953",NULL
"2985","Insects of Micronesia 6(6)","Psyllidae","Insnesia disjuncta",NULL,"Ton(Tol)","1952",NULL
"2986","Insects of Micronesia 6(6)","Psyllidae","Insnesia disjuncta",NULL,"Wena(Moen)","1949",NULL
"2987","Insects of Micronesia 6(6)","Psyllidae","Insnesia disjuncta",NULL,"Tonoas(Dublon)","1946",NULL
"2988","Insects of Micronesia 6(6)","Psyllidae","Insnesia extrema",NULL,"Saipan","1940",NULL
"2989","Insects of Micronesia 6(6)","Psyllidae","Insnesia extrema",NULL,"Tinian","1945",NULL
"2990","Insects of Micronesia 6(6)","Psyllidae","Insnesia extrema",NULL,"Aguiguan","1952",NULL
"2991","Insects of Micronesia 6(6)","Psyllidae","Insnesia extrema",NULL,"Guam","1946",NULL
"2992","Insects of Micronesia 6(6)","Psyllidae","Insnesia glabrascuta",NULL,"Saipan","1946",NULL
"2993","Insects of Micronesia 6(6)","Psyllidae","Insnesia glabrascuta",NULL,"Rota","1946",NULL
"2994","Insects of Micronesia 6(6)","Psyllidae","Insnesia glabrascuta",NULL,"Guam","1945",NULL
"2995","Insects of Micronesia 6(6)","Psyllidae","Insnesia glabrascuta",NULL,"Ulithi","1947",NULL
"2996","Insects of Micronesia 6(6)","Psyllidae","Isogonoceraia venusta",NULL,"Saipan","1945",NULL
"2997","Insects of Micronesia 6(6)","Psyllidae","Isogonoceraia venusta",NULL,"Tinian","1946",NULL
"2998","Insects of Micronesia 6(6)","Psyllidae","Trioza guama",NULL,"Pagan","1940",NULL
"2999","Insects of Micronesia 6(6)","Psyllidae","Trioza guama",NULL,"Tinian","1945",NULL
"3000","Insects of Micronesia 6(6)","Psyllidae","Trioza guama",NULL,"Guam","1936",NULL
"3001","Insects of Micronesia 6(6)","Psyllidae","Trioza suavis",NULL,"Guam","1957",NULL
"3002","Insects of Micronesia 6(6)","Psyllidae","Trioza suavis",NULL,"Babelthuap","1938",NULL
"3003","Insects of Micronesia 6(6)","Psyllidae","Trioza disjuncta",NULL,"Babelthuap","1939",NULL
"3004","Insects of Micronesia 6(6)","Psyllidae","Trioza indigena",NULL,"Ponape","1939",NULL
"3005","Insects of Micronesia 6(6)","Psyllidae","Trioza lyra",NULL,"Ponape","1938",NULL
"3006","Insects of Micronesia 6(6)","Psyllidae","Trioza (Megatrioza) vitiensis",NULL,"Ponape","1938",NULL
"3007","Insects of Micronesia 6(6)","Psyllidae","Trioza (Megatrioza) swezeyi",NULL,"Babelthuap","1952",NULL
"3008","Insects of Micronesia 6(6)","Psyllidae","Trioza (Megatrioza) praelonga",NULL,"Kusaie","1953",NULL
"3009","Insects of Micronesia 6(6)","Psyllidae","Trioza (Megatrioza) fulgidiceps",NULL,"Babelthuap","1947",NULL
"3010","Insects of Micronesia 6(6)","Psyllidae","Trioza (Megatrioza) catillus",NULL,"Saipan","1945",NULL
"3011","Insects of Micronesia 6(4)","Cercopidae","Lallemandana phalerata",NULL,"Saipan","1940",NULL
"3012","Insects of Micronesia 6(4)","Cercopidae","Lallemandana phalerata",NULL,"Rota","1925",NULL
"3013","Insects of Micronesia 6(4)","Cercopidae","Lallemandana phalerata",NULL,"Guam","1945",NULL
"3014","Insects of Micronesia 6(4)","Cercopidae","Lallemandana phalerata",NULL,"Ponape","1948",NULL
"3015","Insects of Micronesia 6(4)","Cercopidae","Lallemandana phalerata f. flavodorsalis",NULL,"Babelthuap","1952",NULL
"3016","Insects of Micronesia 6(4)","Cercopidae","Lallemandana phalerata f. flavodorsalis",NULL,"Koror","1953",NULL
"3017","Insects of Micronesia 6(4)","Cercopidae","Lallemandana phalerata f. flavodorsalis",NULL,"Ulebsehel(Auluptagel)","1952",NULL
"3018","Insects of Micronesia 6(4)","Cercopidae","Lallemandana phalerata f. flavodorsalis",NULL,"Ngurukdabel(Urukthapel)","1952",NULL
"3019","Insects of Micronesia 6(4)","Cercopidae","Lallemandana phalerata f. flavodorsalis",NULL,"Peleliu","1939",NULL
"3020","Insects of Micronesia 6(4)","Cercopidae","Lallemandana phalerata f. flavodorsalis",NULL,"Angaur","1948",NULL
"3021","Insects of Micronesia 6(4)","Cercopidae","Lallemandana phalerata f. flavodorsalis",NULL,"Yap","1939",NULL
"3022","Insects of Micronesia 6(4)","Cercopidae","Lallemandana phalerata f. flavescens",NULL,"Fais","1952",NULL
"3023","Insects of Micronesia 6(4)","Cercopidae","Lallemandana phalerata f. saipanensis",NULL,"Saipan","1945",NULL
"3024","Insects of Micronesia 6(4)","Cercopidae","Lallemandana phalerata f. flavostriata",NULL,"Ponape","1950",NULL
"3025","Insects of Micronesia 6(4)","Cercopidae","Lallemandana phalerata f. carolinensis",NULL,"Guam","1952",NULL
"3026","Insects of Micronesia 6(4)","Cercopidae","Lallemandana phalerata f. carolinensis",NULL,"Nomwin","1954",NULL
"3027","Insects of Micronesia 6(4)","Cercopidae","Lallemandana phalerata f. carolinensis",NULL,"Ton(Tol)","1940",NULL
"3028","Insects of Micronesia 6(4)","Cercopidae","Lallemandana phalerata f. carolinensis",NULL,"Fefan","1937",NULL
"3029","Insects of Micronesia 6(4)","Cercopidae","Lallemandana phalerata f. carolinensis",NULL,"Tonoas(Dublon)","1952",NULL
"3030","Insects of Micronesia 6(4)","Cercopidae","Lallemandana phalerata f. carolinensis",NULL,"Wena(Moen)","1949",NULL
"3031","Insects of Micronesia 6(4)","Cercopidae","Lallemandana phalerata f. carolinensis",NULL,"Ponape","1950",NULL
"3032","Insects of Micronesia 6(4)","Cercopidae","Lallemandana phalerata f. obscura",NULL,"Kusaie","1937",NULL
"3033","Insects of Micronesia 6(4)","Cercopidae","Lallemandana phalerata f. ponapensis",NULL,"Ponape","1939",NULL
"3034","Insects of Micronesia 6(4)","Cercopidae","Lallemandana phalerata f. ponapensis",NULL,"Peleliu","1948",NULL
"3035","Insects of Micronesia 6(4)","Cercopidae","Lallemandana phalerata f. luteomaculata",NULL,"Saipan","1937",NULL
"3036","Insects of Micronesia 6(4)","Cercopidae","Lallemandana phalerata f. luteomaculata",NULL,"Guam","1945",NULL
"3037","Insects of Micronesia 6(4)","Cercopidae","Lallemandana phalerata f. luteomaculata",NULL,"Rota","1951",NULL
"3038","Insects of Micronesia 6(4)","Cercopidae","Lallemandana phalerata f. luteomaculata",NULL,"Ponape","1950",NULL
"3039","Insects of Micronesia 6(4)","Cercopidae","Lallemandana phalerata f. flavifrons",NULL,"Rota","1954",NULL
"3040","Insects of Micronesia 6(4)","Cercopidae","Lallemandana phalerata f. costalis",NULL,"Truk (?)","1954",NULL
"3041","Insects of Micronesia 6(4)","Cercopidae","Lallemandana trukensis",NULL,"Wena(Moen)","1949",NULL
"3042","Insects of Micronesia 6(4)","Cercopidae","Lallemandana brunnea",NULL,"Ponape","1939",NULL
"3043","Insects of Micronesia 6(4)","Cercopidae","Lallemandana brunnea f. bivittata",NULL,"Ponape","1939",NULL
"3044","Insects of Micronesia 6(4)","Cercopidae","Lallemandana eugeniae",NULL,"Ponape","1939",NULL
"3045","Insects of Micronesia 6(4)","Cercopidae","Lallemandana eugeniae f. vittata",NULL,"Ponape","1948",NULL
"3046","Insects of Micronesia 6(4)","Cercopidae","Lallemandana eugeniae f. kupurisensis",NULL,"Ponape","1937",NULL
"3047","Insects of Micronesia 6(4)","Cercopidae","Lallemandana reducta",NULL,"Ngurukdabel(Urukthapel)","1952",NULL
"3048","Insects of Micronesia 6(4)","Cercopidae","Lallemandana reducta",NULL,"Ulebsehel(Auluptagel)","1952",NULL
"3049","Insects of Micronesia 6(4)","Cercopidae","Lallemandana spinifera",NULL,"Rota","1937",NULL
"3050","Insects of Micronesia 6(4)","Cercopidae","Lallemandana zimmermani",NULL,"Truk (?)","1950",NULL
"3051","Insects of Micronesia 6(4)","Cercopidae","Lallemandana zimmermani",NULL,"Ponape","1950",NULL
"3052","Insects of Micronesia 6(4)","Cercopidae","Lallemandana upiana",NULL,"Guam","1942",NULL
"3053","Insects of Micronesia 6(4)","Cercopidae","Aphrophora bizonalis",NULL,"Muko Jima","1925",NULL
"3054","Insects of Micronesia 6(4)","Cercopidae","Aphrophora sp.",NULL,"Chichi Jima","1934",NULL
"3055","Insects of Micronesia 6(4)","Cercopidae","Ikedana latipennis",NULL,"Chichi Jima","1925",NULL
"3056","Insects of Micronesia 6(4)","Cercopidae","Poeciloterpa minuta",NULL,"Peleliu","1939",NULL
"3057","Insects of Micronesia 6(4)","Cercopidae","Poeciloterpa minuta",NULL,"Ulebsehel(Auluptagel)","1948",NULL
"3058","Insects of Micronesia 6(4)","Cercopidae","Poeciloterpa minuta",NULL,"Koror","1948",NULL
"3059","Insects of Micronesia 6(4)","Cercopidae","Poeciloterpa minuta",NULL,"Ngaiangl(Kayangel)","1952",NULL
"3060","Insects of Micronesia 17(1)","Chrysomelidae","Coenobius (Coenobius) glochidionis",NULL,"Peleliu","1948",NULL
"3061","Insects of Micronesia 17(1)","Chrysomelidae","Coenobius (Coenobius) glochidionis",NULL,"Koror","1946",NULL
"3062","Insects of Micronesia 17(1)","Chrysomelidae","Coenobius (Coenobius) glochidionis",NULL,"Babelthuap","1947",NULL
"3063","Insects of Micronesia 17(1)","Chrysomelidae","Coenobius (Coenobius) glochidionis",NULL,"Ngurukdabel(Urukthapel)","1952",NULL
"3064","Insects of Micronesia 17(1)","Chrysomelidae","Coenobius (Coenobius) glochidionis",NULL,"Ngaiangl(Kayangel)","1952",NULL
"3065","Insects of Micronesia 17(1)","Chrysomelidae","Coenobius (Cephalocryptus) macarangae",NULL,"Fefan","1953",NULL
"3066","Insects of Micronesia 17(1)","Chrysomelidae","Coenobius (Cephalocryptus) macarangae",NULL,"Ngaiangl(Kayangel)","1952",NULL
"3067","Insects of Micronesia 17(1)","Chrysomelidae","Coenobius (Cephalocryptus) subaeneus",NULL,"Ton(Tol)","1952",NULL
"3068","Insects of Micronesia 17(1)","Chrysomelidae","Pagria signata",NULL,"Guam","1951",NULL
"3069","Insects of Micronesia 17(1)","Chrysomelidae","Rhyparida esakii",NULL,"Babelthuap","1952",NULL
"3070","Insects of Micronesia 17(1)","Chrysomelidae","Rhyparida wallacei palauana",NULL,"Babelthuap","1947",NULL
"3071","Insects of Micronesia 17(1)","Chrysomelidae","Rhyparida wallacei palauana",NULL,"Koror","1947",NULL
"3072","Insects of Micronesia 17(1)","Chrysomelidae","Rhyparida wallacei palauana",NULL,"Yap","1950",NULL
"3073","Insects of Micronesia 17(1)","Chrysomelidae","Rhyparida dybasi",NULL,"Babelthuap","1947",NULL
"3074","Insects of Micronesia 17(1)","Chrysomelidae","Rhyparida dybasi",NULL,"Koror","1949",NULL
"3075","Insects of Micronesia 17(1)","Chrysomelidae","Rhyparida carolina carolina",NULL,"Kusaie","1946",NULL
"3076","Insects of Micronesia 17(1)","Chrysomelidae","Rhyparida carolina ponapeana",NULL,"Ponape","1927",NULL
"3077","Insects of Micronesia 17(1)","Chrysomelidae","Rhyparida carolina trukana",NULL,"Ton(Tol)","1949",NULL
"3078","Insects of Micronesia 17(1)","Chrysomelidae","Rhyparida carolina trukana",NULL,"Wena(Moen)","1949",NULL
"3079","Insects of Micronesia 17(1)","Chrysomelidae","Phytorus lineolatus",NULL,"Tinian","1949",NULL
"3080","Insects of Micronesia 17(1)","Chrysomelidae","Phytorus lineolatus",NULL,"Aguiguan","1952",NULL
"3081","Insects of Micronesia 17(1)","Chrysomelidae","Phytorus lineolatus",NULL,"Guam","1945",NULL
"3082","Insects of Micronesia 17(1)","Chrysomelidae","Colasposoma metallicum rugiceps",NULL,"Guam","1951",NULL
"3083","Insects of Micronesia 17(1)","Chrysomelidae","Aulacophora marginalis",NULL,"Ngaiangl(Kayangel)","1951",NULL
"3084","Insects of Micronesia 17(1)","Chrysomelidae","Aulacophora marginalis",NULL,"Koror","1940",NULL
"3085","Insects of Micronesia 17(1)","Chrysomelidae","Aulacophora marginalis",NULL,"Ngergoi (Garakayo)","1945",NULL
"3086","Insects of Micronesia 17(1)","Chrysomelidae","Aulacophora marginalis",NULL,"Peleliu","1945",NULL
"3087","Insects of Micronesia 17(1)","Chrysomelidae","Aulacophora marginalis",NULL,"Angaur","1948",NULL
"3088","Insects of Micronesia 17(1)","Chrysomelidae","Aulacophora flavomarginata",NULL,"Babelthuap","1936",NULL
"3089","Insects of Micronesia 17(1)","Chrysomelidae","Aulacophora flavomarginata",NULL,"Koror","1940",NULL
"3090","Insects of Micronesia 17(1)","Chrysomelidae","Aulacophora coralinsula",NULL,"Ulebsehel(Auluptagel)","1948",NULL
"3091","Insects of Micronesia 17(1)","Chrysomelidae","Aulacophora coralinsula",NULL,"Peleliu","1948",NULL
"3092","Insects of Micronesia 17(1)","Chrysomelidae","Aulacophora mariana",NULL,"Rota","1937",NULL
"3093","Insects of Micronesia 17(1)","Chrysomelidae","Aulacophora mariana",NULL,"Guam","1948",NULL
"3094","Insects of Micronesia 17(1)","Chrysomelidae","Aulacophora quadrimaculata",NULL,"Saipan","1941",NULL
"3095","Insects of Micronesia 17(1)","Chrysomelidae","Aulacophora quadrimaculata",NULL,"Tinian","1946",NULL
"3096","Insects of Micronesia 17(1)","Chrysomelidae","Aulacophora quadrimaculata",NULL,"Rota","1937",NULL
"3097","Insects of Micronesia 17(1)","Chrysomelidae","Aulacophora quadrimaculata",NULL,"Guam","1911",NULL
"3098","Insects of Micronesia 17(1)","Chrysomelidae","Aulacophora quadrimaculata",NULL,"Yap","1946",NULL
"3099","Insects of Micronesia 17(1)","Chrysomelidae","Aulacophora hayashii",NULL,"Saipan","1940",NULL
"3100","Insects of Micronesia 17(1)","Chrysomelidae","Aulacophora hayashii",NULL,"Rota","1939",NULL
"3101","Insects of Micronesia 17(1)","Chrysomelidae","Aulacophora similis",NULL,"Saipan","1937",NULL
"3102","Insects of Micronesia 17(1)","Chrysomelidae","Aulacophora similis",NULL,"Tinian","1952",NULL
"3103","Insects of Micronesia 17(1)","Chrysomelidae","Aulacophora similis",NULL,"Guam","1951",NULL
"3104","Insects of Micronesia 17(1)","Chrysomelidae","Aulacophora similis",NULL,"Ngaiangl(Kayangel)","1952",NULL
"3105","Insects of Micronesia 17(1)","Chrysomelidae","Aulacophora similis",NULL,"Babelthuap","1938",NULL
"3106","Insects of Micronesia 17(1)","Chrysomelidae","Aulacophora similis",NULL,"Koror","1936",NULL
"3107","Insects of Micronesia 17(1)","Chrysomelidae","Aulacophora similis",NULL,"Ngerkabesang","1946",NULL
"3108","Insects of Micronesia 17(1)","Chrysomelidae","Aulacophora similis",NULL,"Ngergoi (Garakayo)","1945",NULL
"3109","Insects of Micronesia 17(1)","Chrysomelidae","Aulacophora similis",NULL,"Peleliu","1945",NULL
"3110","Insects of Micronesia 17(1)","Chrysomelidae","Aulacophora similis",NULL,"Angaur","1938",NULL
"3111","Insects of Micronesia 17(1)","Chrysomelidae","Aulacophora similis",NULL,"Yap","1946",NULL
"3112","Insects of Micronesia 17(1)","Chrysomelidae","Aulacophora similis",NULL,"Sonsorol","1952",NULL
"3113","Insects of Micronesia 17(1)","Chrysomelidae","Aphthona bicolorata",NULL,"Saipan","1951",NULL
"3114","Insects of Micronesia 17(1)","Chrysomelidae","Aphthona bicolorata",NULL,"Tinian","1952",NULL
"3115","Insects of Micronesia 17(1)","Chrysomelidae","Aphthona bicolorata",NULL,"Guam","1952",NULL
"3116","Insects of Micronesia 17(1)","Chrysomelidae","Aphthona bicolorata",NULL,"Angaur","1948",NULL
"3117","Insects of Micronesia 17(1)","Chrysomelidae","Aphthona bicolorata",NULL,"Ulithi","1953",NULL
"3118","Insects of Micronesia 17(1)","Chrysomelidae","Aphthona bicolorata",NULL,"Wena(Moen)","1949",NULL
"3119","Insects of Micronesia 17(1)","Chrysomelidae","Aphthona bicolorata",NULL,"Tonoas(Dublon)","1949",NULL
"3120","Insects of Micronesia 17(1)","Chrysomelidae","Aphthona nanyoensis",NULL,"Alamagan","1949",NULL
"3121","Insects of Micronesia 17(1)","Chrysomelidae","Aphthona nanyoensis",NULL,"Saipan","1941",NULL
"3122","Insects of Micronesia 17(1)","Chrysomelidae","Aphthona nanyoensis",NULL,"Tinian","1945",NULL
"3123","Insects of Micronesia 17(1)","Chrysomelidae","Aphthona nanyoensis",NULL,"Guam","1936",NULL
"3124","Insects of Micronesia 17(1)","Chrysomelidae","Aphthona nanyoensis",NULL,"Koror","1946",NULL
"3125","Insects of Micronesia 17(1)","Chrysomelidae","Aphthona nanyoensis",NULL,"Yap","1950",NULL
"3126","Insects of Micronesia 17(1)","Chrysomelidae","Aphthona nanyoensis",NULL,"Sorol","1952",NULL
"3127","Insects of Micronesia 17(1)","Chrysomelidae","Aphthona nanyoensis",NULL,"Wena(Moen)","1952",NULL
"3128","Insects of Micronesia 17(1)","Chrysomelidae","Altica jussiaeae",NULL,"Babelthuap","1947",NULL
"3129","Insects of Micronesia 17(1)","Chrysomelidae","Altica jussiaeae",NULL,"Koror","1948",NULL
"3130","Insects of Micronesia 17(1)","Chrysomelidae","Altica jussiaeae",NULL,"Ngerkabesang","1946",NULL
"3131","Insects of Micronesia 17(1)","Chrysomelidae","Altica jussiaeae",NULL,"Ngergoi (Garakayo)","1945",NULL
"3132","Insects of Micronesia 17(1)","Chrysomelidae","Altica jussiaeae",NULL,"Peleliu","1945",NULL
"3133","Insects of Micronesia 17(1)","Chrysomelidae","Altica jussiaeae",NULL,"Yap","1952",NULL
"3134","Insects of Micronesia 17(1)","Chrysomelidae","Micrepitrix carolina",NULL,"Babelthuap","1947",NULL
"3135","Insects of Micronesia 17(1)","Chrysomelidae","Micrepitrix carolina",NULL,"Koror","1948",NULL
"3136","Insects of Micronesia 17(1)","Chrysomelidae","Micrepitrix carolina",NULL,"Ngarmalk","1952",NULL
"3137","Insects of Micronesia 17(1)","Chrysomelidae","Micrepitrix carolina",NULL,"Peleliu","1948",NULL
"3138","Insects of Micronesia 17(1)","Chrysomelidae","Micrepitrix carolina",NULL,"Yap","1946",NULL
"3139","Insects of Micronesia 17(1)","Chrysomelidae","Sphaeroderma wedeliae",NULL,"Wena(Moen)","1946",NULL
"3140","Insects of Micronesia 17(1)","Chrysomelidae","Sphaeroderma wedeliae",NULL,"Pis","1946",NULL
"3141","Insects of Micronesia 17(1)","Chrysomelidae","Sphaeroderma wedeliae",NULL,"Ton(Tol)","1946",NULL
"3142","Insects of Micronesia 17(1)","Chrysomelidae","Sphaeroderma wedeliae",NULL,"Tonoas(Dublon)","1948",NULL
"3143","Insects of Micronesia 17(1)","Chrysomelidae","Sphaeroderma wedeliae",NULL,"Fefan","1952",NULL
"3144","Insects of Micronesia 17(1)","Chrysomelidae","Sphaeroderma wedeliae",NULL,"Lamotrek","1952",NULL
"3145","Insects of Micronesia 17(1)","Chrysomelidae","Sphaeroderma wedeliae",NULL,"Nomwin","1946",NULL
"3146","Insects of Micronesia 17(1)","Chrysomelidae","Sphaeroderma wedeliae",NULL,"Nama","1952",NULL
"3147","Insects of Micronesia 17(1)","Chrysomelidae","Sphaeroderma wedeliae",NULL,"Satawan","1952",NULL
"3148","Insects of Micronesia 17(1)","Chrysomelidae","Sphaeroderma wedeliae",NULL,"Ponape","1950",NULL
"3149","Insects of Micronesia 17(1)","Chrysomelidae","Sphaeroderma wedeliae",NULL,"Kusaie","1953",NULL
"3150","Insects of Micronesia 17(1)","Chrysomelidae","Schenklingia esaki",NULL,"Ponape","1946",NULL
"3151","Insects of Micronesia 17(1)","Chrysomelidae","Schenklingia yasumatsui",NULL,"Ton(Tol)","1943",NULL
"3152","Insects of Micronesia 17(1)","Chrysomelidae","Schenklingia yoshimurai",NULL,"Wena(Moen)","1952",NULL
"3153","Insects of Micronesia 17(1)","Chrysomelidae","Argopistes biplagiatus",NULL,"Chichi Jima","1949",NULL
"3154","Insects of Micronesia 17(1)","Chrysomelidae","Psylliodes cucurbitae",NULL,"Chichi Jima","1949",NULL
"3155","Insects of Micronesia 17(1)","Chrysomelidae","Psylliodes cucurbitae",NULL,"Iwo Jima","1946",NULL
"3156","Insects of Micronesia 17(1)","Chrysomelidae","Nonarthra cyanea",NULL,"Chichi Jima","1922",NULL
"3157","Insects of Micronesia 17(1)","Chrysomelidae","Brontispa mariana",NULL,"Saipan","1940",NULL
"3158","Insects of Micronesia 17(1)","Chrysomelidae","Brontispa mariana",NULL,"Tinian","1945",NULL
"3159","Insects of Micronesia 17(1)","Chrysomelidae","Brontispa mariana",NULL,"Rota","1946",NULL
"3160","Insects of Micronesia 17(1)","Chrysomelidae","Brontispa mariana",NULL,"Yap","1946",NULL
"3161","Insects of Micronesia 17(1)","Chrysomelidae","Brontispa mariana",NULL,"Ulithi","1946",NULL
"3162","Insects of Micronesia 17(1)","Chrysomelidae","Brontispa mariana",NULL,"Woleai","1946",NULL
"3163","Insects of Micronesia 17(1)","Chrysomelidae","Brontispa mariana",NULL,"Nomwin","1946",NULL
"3164","Insects of Micronesia 17(1)","Chrysomelidae","Brontispa mariana",NULL,"East Fayu","1952",NULL
"3165","Insects of Micronesia 17(1)","Chrysomelidae","Brontispa mariana",NULL,"Losap-Pis","1953",NULL
"3166","Insects of Micronesia 17(1)","Chrysomelidae","Brontispa mariana",NULL,"Nukuoru","1946",NULL
"3167","Insects of Micronesia 17(1)","Chrysomelidae","Brontispa mariana",NULL,"Wena(Moen)","1946",NULL
"3168","Insects of Micronesia 17(1)","Chrysomelidae","Brontispa mariana",NULL,"Tonoas(Dublon)","1946",NULL
"3169","Insects of Micronesia 17(1)","Chrysomelidae","Brontispa mariana",NULL,"Fefan","1946",NULL
"3170","Insects of Micronesia 17(1)","Chrysomelidae","Brontispa mariana",NULL,"Ton(Tol)","1946",NULL
"3171","Insects of Micronesia 17(1)","Chrysomelidae","Brontispa palauensis",NULL,"Babelthuap","1946",NULL
"3172","Insects of Micronesia 17(1)","Chrysomelidae","Brontispa palauensis",NULL,"Koror","1946",NULL
"3173","Insects of Micronesia 17(1)","Chrysomelidae","Brontispa palauensis",NULL,"Ngerkabesang","1948",NULL
"3174","Insects of Micronesia 17(1)","Chrysomelidae","Brontispa palauensis",NULL,"Peleliu","1946",NULL
"3175","Insects of Micronesia 17(1)","Chrysomelidae","Brontispa chalybeipennis",NULL,"Ponape","1940",NULL
"3176","Insects of Micronesia 17(1)","Chrysomelidae","Brontispa chalybeipennis",NULL,"Kusaie","1946",NULL
"3177","Insects of Micronesia 17(1)","Chrysomelidae","Brontispa chalybeipennis",NULL,"Namorik","1945",NULL
"3178","Insects of Micronesia 17(1)","Chrysomelidae","Brontispa chalybeipennis",NULL,"Ebon","1952",NULL
"3179","Insects of Micronesia 17(1)","Chrysomelidae","Brontispa chalybeipennis",NULL,"Jaluit","1946",NULL
"3180","Insects of Micronesia 17(1)","Chrysomelidae","Brontispa chalybeipennis",NULL,"Ailinglaplap","1946",NULL
"3181","Insects of Micronesia 17(1)","Chrysomelidae","Brontispa chalybeipennis",NULL,"Namu","1953",NULL
"3182","Insects of Micronesia 17(1)","Chrysomelidae","Brontispa chalybeipennis",NULL,"Kwajalein","1948",NULL
"3183","Insects of Micronesia 17(1)","Chrysomelidae","Brontispa chalybeipennis",NULL,"Likiep","1950",NULL
"3184","Insects of Micronesia 17(1)","Chrysomelidae","Brontispa chalybeipennis",NULL,"Majuro","1946",NULL
"3185","Insects of Micronesia 17(1)","Chrysomelidae","Brontispa chalybeipennis",NULL,"Arno atoll","1952",NULL
"3186","Insects of Micronesia 17(1)","Chrysomelidae","Brontispa chalybeipennis",NULL,"Mili","1952",NULL
"3187","Insects of Micronesia 17(1)","Chrysomelidae","Oxycephala esakii",NULL,"Babelthuap","1952",NULL
"3188","Insects of Micronesia 17(1)","Chrysomelidae","Oxycephala spaethi",NULL,"Babelthuap","1947",NULL
"3189","Insects of Micronesia 17(1)","Chrysomelidae","Oxycephala spaethi",NULL,"Koror","1947",NULL
"3190","Insects of Micronesia 17(1)","Chrysomelidae","Oxycephala spaethi",NULL,"Ngarmalk","1952",NULL
"3191","Insects of Micronesia 17(1)","Chrysomelidae","Oxycephala spaethi",NULL,"Ngergoi (Garakayo)","1945",NULL
"3192","Insects of Micronesia 17(1)","Chrysomelidae","Oxycephala spaethi",NULL,"Peleliu","1946",NULL
"3193","Insects of Micronesia 17(1)","Chrysomelidae","Oxycephala spaethi",NULL,"Angaur","1948",NULL
"3194","Insects of Micronesia 17(1)","Chrysomelidae","Oxycephala pandani",NULL,"Babelthuap","1939",NULL
"3195","Insects of Micronesia 17(1)","Chrysomelidae","Oxycephala pandani",NULL,"Koror","1953",NULL
"3196","Insects of Micronesia 17(1)","Chrysomelidae","Oxycephala pandani",NULL,"Ngerkabesang","1954",NULL
"3197","Insects of Micronesia 17(1)","Chrysomelidae","Cassida (Taiwania) circumdata",NULL,"Tinian","1952",NULL
"3198","Insects of Micronesia 17(1)","Chrysomelidae","Cassida (Taiwania) circumdata",NULL,"Guam","1945",NULL
"3199","Insects of Micronesia 17(1)","Chrysomelidae","Cassida (Taiwania) circumdata",NULL,"Babelthuap","1952",NULL
"3200","Insects of Micronesia 17(1)","Chrysomelidae","Cassida (Taiwania) circumdata",NULL,"Koror","1952",NULL
"3201","Insects of Micronesia 17(1)","Chrysomelidae","Cassida (Taiwania) circumdata",NULL,"Angaur","1953",NULL
"3202","Insects of Micronesia 17(1)","Chrysomelidae","Cassida (Taiwania) circumdata",NULL,"Wena(Moen)","1952",NULL
"3203","Insects of Micronesia 17(1)","Chrysomelidae","Cassida (Taiwania) obtusata",NULL,"Guam","1911",NULL
"3204","Insects of Micronesia 6(7)","Margarodidae","Drosicha littorea Beardsley",NULL,"Ulithi","1952",NULL
"3205","Insects of Micronesia 6(7)","Margarodidae","Drosicha littorea Beardsley",NULL,"Kayangel","1956",NULL
"3206","Insects of Micronesia 6(7)","Margarodidae","Drosicha littorea Beardsley",NULL,"Koror","1947",NULL
"3207","Insects of Micronesia 6(7)","Margarodidae","Drosicha littorea Beardsley",NULL,"Ngulu","1952",NULL
"3208","Insects of Micronesia 6(7)","Margarodidae","Drosicha littorea Beardsley",NULL,"Sorol","1952",NULL
"3209","Insects of Micronesia 6(7)","Margarodidae","Drosicha littorea Beardsley",NULL,"Satawal","1952",NULL
"3210","Insects of Micronesia 6(7)","Margarodidae","Crypticerya jacobsoni (Green)",NULL,"Saipan","1936",NULL
"3211","Insects of Micronesia 6(7)","Margarodidae","Crypticerya jacobsoni (Green)",NULL,"Palau Islands","1939",NULL
"3212","Insects of Micronesia 6(7)","Margarodidae","Crypticerya jacobsoni (Green)",NULL,"Yap","1941",NULL
"3213","Insects of Micronesia 6(7)","Margarodidae","Icerya aegyptiaca (Douglas)",NULL,"Pagan","1959",NULL
"3214","Insects of Micronesia 6(7)","Margarodidae","Icerya aegyptiaca (Douglas)",NULL,"Anatahan","1951",NULL
"3215","Insects of Micronesia 6(7)","Margarodidae","Icerya aegyptiaca (Douglas)",NULL,"Tinian","1946",NULL
"3216","Insects of Micronesia 6(7)","Margarodidae","Icerya aegyptiaca (Douglas)",NULL,"Aguiguan","1952",NULL
"3217","Insects of Micronesia 6(7)","Margarodidae","Icerya aegyptiaca (Douglas)",NULL,"Rota","1946",NULL
"3218","Insects of Micronesia 6(7)","Margarodidae","Icerya aegyptiaca (Douglas)",NULL,"Guam","1945",NULL
"3219","Insects of Micronesia 6(7)","Margarodidae","Icerya aegyptiaca (Douglas)",NULL,"Koror","1948",NULL
"3220","Insects of Micronesia 6(7)","Margarodidae","Icerya aegyptiaca (Douglas)",NULL,"Ngerkabesang","1956",NULL
"3221","Insects of Micronesia 6(7)","Margarodidae","Icerya aegyptiaca (Douglas)",NULL,"Peleliu","1945",NULL
"3222","Insects of Micronesia 6(7)","Margarodidae","Icerya aegyptiaca (Douglas)",NULL,"Angaur","1954",NULL
"3223","Insects of Micronesia 6(7)","Margarodidae","Icerya aegyptiaca (Douglas)",NULL,"Yap","1946",NULL
"3224","Insects of Micronesia 6(7)","Margarodidae","Icerya aegyptiaca (Douglas)",NULL,"Ulithi","1946",NULL
"3225","Insects of Micronesia 6(7)","Margarodidae","Icerya aegyptiaca (Douglas)",NULL,"Fais","1952",NULL
"3226","Insects of Micronesia 6(7)","Margarodidae","Icerya aegyptiaca (Douglas)",NULL,"Nomwin","1946",NULL
"3227","Insects of Micronesia 6(7)","Margarodidae","Icerya aegyptiaca (Douglas)",NULL,"East Fayu","1952",NULL
"3228","Insects of Micronesia 6(7)","Margarodidae","Icerya aegyptiaca (Douglas)",NULL,"Wena(Moen)","1948",NULL
"3229","Insects of Micronesia 6(7)","Margarodidae","Icerya aegyptiaca (Douglas)",NULL,"Ponape","1948",NULL
"3230","Insects of Micronesia 6(7)","Margarodidae","Icerya aegyptiaca (Douglas)",NULL,"Wake","1959",NULL
"3231","Insects of Micronesia 6(7)","Margarodidae","Icerya aegyptiaca (Douglas)",NULL,"Kwajalein","1948",NULL
"3232","Insects of Micronesia 6(7)","Margarodidae","Icerya aegyptiaca (Douglas)",NULL,"Ailiglapalap","1946",NULL
"3233","Insects of Micronesia 6(7)","Margarodidae","Icerya aegyptiaca (Douglas)",NULL,"Jaluit","1946",NULL
"3234","Insects of Micronesia 6(7)","Margarodidae","Icerya aegyptiaca (Douglas)",NULL,"Likiep","1946",NULL
"3235","Insects of Micronesia 6(7)","Margarodidae","Icerya aegyptiaca (Douglas)",NULL,"Majuro","1958",NULL
"3236","Insects of Micronesia 6(7)","Margarodidae","Icerya aegyptiaca (Douglas)",NULL,"Butaritari","1957",NULL
"3237","Insects of Micronesia 6(7)","Margarodidae","Icerya aegyptiaca (Douglas)",NULL,"Tarawa","1957",NULL
"3238","Insects of Micronesia 6(7)","Margarodidae","Icerya purchasi Maskell",NULL,"Guam","1937",NULL
"3239","Insects of Micronesia 6(7)","Margarodidae","Icerya purchasi Maskell",NULL,"Wake","1957",NULL
"3240","Insects of Micronesia 6(7)","Margarodidae","Icerya purchasi Maskell",NULL,"Eniwetok","1957",NULL
"3241","Insects of Micronesia 6(7)","Margarodidae","Icerya purchasi Maskell",NULL,"Kwajalein","1958",NULL
"3242","Insects of Micronesia 6(7)","Margarodidae","Icerya purchasi Maskell",NULL,"Majuro","1958",NULL
"3243","Insects of Micronesia 6(7)","Margarodidae","Icerya purchasi Maskell",NULL,"Tarawa","1957",NULL
"3244","Insects of Micronesia 6(7)","Margarodidae","Iserya seychellarum (Westwood)",NULL,"Palau Islands","1936",NULL
"3245","Insects of Micronesia 6(7)","Margarodidae","Iserya seychellarum (Westwood)",NULL,"Yap","1946",NULL
"3246","Insects of Micronesia 6(7)","Margarodidae","Iserya seychellarum (Westwood)",NULL,"Ulithi","1944",NULL
"3247","Insects of Micronesia 6(7)","Margarodidae","Iserya seychellarum (Westwood)",NULL,"Ocean Island","1957",NULL
"3248","Insects of Micronesia 6(7)","Margarodidae","Steatococcus samaraius Morrison",NULL,"Babelthuap","1947",NULL
"3249","Insects of Micronesia 6(7)","Margarodidae","Steatococcus samaraius Morrison",NULL,"Yap","1963",NULL
"3250","Insects of Micronesia 6(7)","Ortheziidae","Nipponorthezia guadalcanalia Morrison",NULL,"Babelthuap","1952",NULL
"3251","Insects of Micronesia 6(7)","Ortheziidae","Nipponorthezia guadalcanalia Morrison",NULL,"Yap","1950",NULL
"3252","Insects of Micronesia 6(7)","Ortheziidae","Nipponorthezia guadalcanalia Morrison",NULL,"Ton(Tol)","1953",NULL
"3253","Insects of Micronesia 6(7)","Ortheziidae","Nipponorthezia guadalcanalia Morrison",NULL,"Kusaie","1953",NULL
"3254","Insects of Micronesia 6(7)","Pseudococcidae","Antonina graminis (Maskell)",NULL,"Guam","1911",NULL
"3255","Insects of Micronesia 6(7)","Pseudococcidae","Antonina graminis (Maskell)",NULL,"Saipan","1941",NULL
"3256","Insects of Micronesia 6(7)","Pseudococcidae","Antonina graminis (Maskell)",NULL,"Koror","1953",NULL
"3257","Insects of Micronesia 6(7)","Pseudococcidae","Antonina graminis (Maskell)",NULL,"Tonoas(Dublon)","1952",NULL
"3258","Insects of Micronesia 6(7)","Pseudococcidae","Antonina graminis (Maskell)",NULL,"Wake","1959",NULL
"3259","Insects of Micronesia 6(7)","Pseudococcidae","Antonina graminis (Maskell)",NULL,"Kwajalein","1946",NULL
"3260","Insects of Micronesia 6(7)","Pseudococcidae","Antonina graminis (Maskell)",NULL,"Johnston I.","1946",NULL
"3261","Insects of Micronesia 6(7)","Pseudococcidae","Chaetococcus bambusae (Maskell)",NULL,"Saipan","1946",NULL
"3262","Insects of Micronesia 6(7)","Pseudococcidae","Chaetococcus bambusae (Maskell)",NULL,"Koror","1946",NULL
"3263","Insects of Micronesia 6(7)","Pseudococcidae","Chaetococcus bambusae (Maskell)",NULL,"Yap","1956",NULL
"3264","Insects of Micronesia 6(7)","Pseudococcidae","Dysmicoccus boninsis (Kuwana)",NULL,"Guam","1911",NULL
"3265","Insects of Micronesia 6(7)","Pseudococcidae","Dysmicoccus boninsis (Kuwana)",NULL,"Babelthuap","1946",NULL
"3266","Insects of Micronesia 6(7)","Pseudococcidae","Dysmicoccus boninsis (Kuwana)",NULL,"Koror","1948",NULL
"3267","Insects of Micronesia 6(7)","Pseudococcidae","Dysmicoccus boninsis (Kuwana)",NULL,"Fais","1964",NULL
"3268","Insects of Micronesia 6(7)","Pseudococcidae","Dysmicoccus boninsis (Kuwana)",NULL,"Woleai","1946",NULL
"3269","Insects of Micronesia 6(7)","Pseudococcidae","Dysmicoccus boninsis (Kuwana)",NULL,"Faraulep","1964",NULL
"3270","Insects of Micronesia 6(7)","Pseudococcidae","Dysmicoccus boninsis (Kuwana)",NULL,"Ton(Tol)","1946",NULL
"3271","Insects of Micronesia 6(7)","Pseudococcidae","Dysmicoccus boninsis (Kuwana)",NULL,"Ponape","1948",NULL
"3272","Insects of Micronesia 6(7)","Pseudococcidae","Dysmicoccus brevipes (Cockerell)",NULL,"Saipan","1946",NULL
"3273","Insects of Micronesia 6(7)","Pseudococcidae","Dysmicoccus brevipes (Cockerell)",NULL,"Tinian","1945",NULL
"3274","Insects of Micronesia 6(7)","Pseudococcidae","Dysmicoccus brevipes (Cockerell)",NULL,"Aguiguan","1952",NULL
"3275","Insects of Micronesia 6(7)","Pseudococcidae","Dysmicoccus brevipes (Cockerell)",NULL,"Rota","1946",NULL
"3276","Insects of Micronesia 6(7)","Pseudococcidae","Dysmicoccus brevipes (Cockerell)",NULL,"Guam","1911",NULL
"3277","Insects of Micronesia 6(7)","Pseudococcidae","Dysmicoccus brevipes (Cockerell)",NULL,"Koror","1938",NULL
"3278","Insects of Micronesia 6(7)","Pseudococcidae","Dysmicoccus brevipes (Cockerell)",NULL,"Yap","1950",NULL
"3279","Insects of Micronesia 6(7)","Pseudococcidae","Dysmicoccus brevipes (Cockerell)",NULL,"Utot","1949",NULL
"3280","Insects of Micronesia 6(7)","Pseudococcidae","Dysmicoccus brevipes (Cockerell)",NULL,"Ton(Tol)","1949",NULL
"3281","Insects of Micronesia 6(7)","Pseudococcidae","Dysmicoccus brevipes (Cockerell)",NULL,"Ponape","1946",NULL
"3282","Insects of Micronesia 6(7)","Pseudococcidae","Dysmicoccus brevipes (Cockerell)",NULL,"Majuro","1950",NULL
"3283","Insects of Micronesia 6(7)","Pseudococcidae","Dysmicoccus brevipes (Cockerell)",NULL,"Jaluit","1946",NULL
"3284","Insects of Micronesia 6(7)","Pseudococcidae","Dysmicoccus brevipes (Cockerell)",NULL,"Ebon","1953",NULL
"3285","Insects of Micronesia 6(7)","Pseudococcidae","Dysmiccocus neobrevipes Beardsley",NULL,"Rota","1946",NULL
"3286","Insects of Micronesia 6(7)","Pseudococcidae","Dysmiccocus neobrevipes Beardsley",NULL,"Guam","1936",NULL
"3287","Insects of Micronesia 6(7)","Pseudococcidae","Dysmiccocus neobrevipes Beardsley",NULL,"Tarawa","1956",NULL
"3288","Insects of Micronesia 6(7)","Pseudococcidae","Dysmicoccus saipanensis (Shiraiwa)",NULL,"Pagan","1959",NULL
"3289","Insects of Micronesia 6(7)","Pseudococcidae","Dysmicoccus saipanensis (Shiraiwa)",NULL,"Alamagan","1948",NULL
"3290","Insects of Micronesia 6(7)","Pseudococcidae","Dysmicoccus saipanensis (Shiraiwa)",NULL,"Saipan","1946",NULL
"3291","Insects of Micronesia 6(7)","Pseudococcidae","Dysmicoccus saipanensis (Shiraiwa)",NULL,"Guam","1908",NULL
"3292","Insects of Micronesia 6(7)","Pseudococcidae","Dysmicoccus saipanensis (Shiraiwa)",NULL,"Map","1950",NULL
"3293","Insects of Micronesia 6(7)","Pseudococcidae","Dysmicoccus saipanensis (Shiraiwa)",NULL,"Yap","1949",NULL
"3294","Insects of Micronesia 6(7)","Pseudococcidae","Dysmicoccus saipanensis (Shiraiwa)",NULL,"Lamotrek","1950",NULL
"3295","Insects of Micronesia 6(7)","Pseudococcidae","Dysmicoccus saipanensis (Shiraiwa)",NULL,"Faraulep","1964",NULL
"3296","Insects of Micronesia 6(7)","Pseudococcidae","Dysmicoccus saipanensis (Shiraiwa)",NULL,"Woleai","1946",NULL
"3297","Insects of Micronesia 6(7)","Pseudococcidae","Dysmicoccus saipanensis (Shiraiwa)",NULL,"Ifaluk","1953",NULL
"3298","Insects of Micronesia 6(7)","Pseudococcidae","Dysmicoccus saipanensis (Shiraiwa)",NULL,"Nukuoru","1946",NULL
"3299","Insects of Micronesia 6(7)","Pseudococcidae","Dysmicoccus saipanensis (Shiraiwa)",NULL,"Nomwin","1954",NULL
"3300","Insects of Micronesia 6(7)","Pseudococcidae","Dysmicoccus saipanensis (Shiraiwa)",NULL,"Nama","1952",NULL
"3301","Insects of Micronesia 6(7)","Pseudococcidae","Dysmicoccus saipanensis (Shiraiwa)",NULL,"Fefan","1946",NULL
"3302","Insects of Micronesia 6(7)","Pseudococcidae","Dysmicoccus saipanensis (Shiraiwa)",NULL,"Pis","1946",NULL
"3303","Insects of Micronesia 6(7)","Pseudococcidae","Dysmicoccus saipanensis (Shiraiwa)",NULL,"Ponape","1946",NULL
"3304","Insects of Micronesia 6(7)","Pseudococcidae","Dysmicoccus saipanensis (Shiraiwa)",NULL,"Kusaie","1953",NULL
"3305","Insects of Micronesia 6(7)","Pseudococcidae","Dysmicoccus saipanensis (Shiraiwa)",NULL,"Lae","1953",NULL
"3306","Insects of Micronesia 6(7)","Pseudococcidae","Dysmicoccus saipanensis (Shiraiwa)",NULL,"Ailiglapalap","1946",NULL
"3307","Insects of Micronesia 6(7)","Pseudococcidae","Dysmicoccus saipanensis (Shiraiwa)",NULL,"Majuro","1946",NULL
"3308","Insects of Micronesia 6(7)","Pseudococcidae","Dysmicoccus saipanensis (Shiraiwa)",NULL,"Jaluit","1946",NULL
"3309","Insects of Micronesia 6(7)","Pseudococcidae","Dysmicoccus wisteriae (Green)",NULL,"Butaritari","1957",NULL
"3310","Insects of Micronesia 6(7)","Pseudococcidae","Ferrisia virgata (Cockerell)",NULL,"Saipan","1946",NULL
"3311","Insects of Micronesia 6(7)","Pseudococcidae","Ferrisia virgata (Cockerell)",NULL,"Tinian","1946",NULL
"3312","Insects of Micronesia 6(7)","Pseudococcidae","Ferrisia virgata (Cockerell)",NULL,"Guam","1911",NULL
"3313","Insects of Micronesia 6(7)","Pseudococcidae","Ferrisia virgata (Cockerell)",NULL,"Koror","1948",NULL
"3314","Insects of Micronesia 6(7)","Pseudococcidae","Ferrisia virgata (Cockerell)",NULL,"Yap","1948",NULL
"3315","Insects of Micronesia 6(7)","Pseudococcidae","Ferrisia virgata (Cockerell)",NULL,"Wena(Moen)","1946",NULL
"3316","Insects of Micronesia 6(7)","Pseudococcidae","Ferrisia virgata (Cockerell)",NULL,"Tonoas(Dublon)","1946",NULL
"3317","Insects of Micronesia 6(7)","Pseudococcidae","Ferrisia virgata (Cockerell)",NULL,"Pis","1946",NULL
"3318","Insects of Micronesia 6(7)","Pseudococcidae","Ferrisia virgata (Cockerell)",NULL,"Totiu(Param)","1949",NULL
"3319","Insects of Micronesia 6(7)","Pseudococcidae","Ferrisia virgata (Cockerell)",NULL,"Ponape","1946",NULL
"3320","Insects of Micronesia 6(7)","Pseudococcidae","Ferrisia virgata (Cockerell)",NULL,"Ailiglapalap","1946",NULL
"3321","Insects of Micronesia 6(7)","Pseudococcidae","Ferrisia virgata (Cockerell)",NULL,"Ujelang","1953",NULL
"3322","Insects of Micronesia 6(7)","Pseudococcidae","Ferrisia virgata (Cockerell)",NULL,"Rongelap","1963",NULL
"3323","Insects of Micronesia 6(7)","Pseudococcidae","Ferrisia virgata (Cockerell)",NULL,"Majuro","1950",NULL
"3324","Insects of Micronesia 6(7)","Pseudococcidae","Ferrisia virgata (Cockerell)",NULL,"Wake","1941",NULL
"3325","Insects of Micronesia 6(7)","Pseudococcidae","Ferrisia virgata (Cockerell)",NULL,"Tarawa","1956",NULL
"3326","Insects of Micronesia 6(7)","Pseudococcidae","Geococcus coffeae Green",NULL,"Koror","1937",NULL
"3327","Insects of Micronesia 6(7)","Pseudococcidae","Geococcus coffeae Green",NULL,"Ton(Tol)","1953",NULL
"3328","Insects of Micronesia 6(7)","Pseudococcidae","Geococcus coffeae Green",NULL,"Kusaie","1953",NULL
"3329","Insects of Micronesia 6(7)","Pseudococcidae","Laminococcus pandani (Cockerell)",NULL,"Eauripik","1958",NULL
"3330","Insects of Micronesia 6(7)","Pseudococcidae","Laminococcus pandani (Cockerell)",NULL,"Woleai","1953",NULL
"3331","Insects of Micronesia 6(7)","Pseudococcidae","Laminococcus pandani (Cockerell)",NULL,"Nomwin","1954",NULL
"3332","Insects of Micronesia 6(7)","Pseudococcidae","Laminococcus pandani (Cockerell)",NULL,"Losap","1952",NULL
"3333","Insects of Micronesia 6(7)","Pseudococcidae","Laminococcus pandani (Cockerell)",NULL,"Kapingamarangi","1954",NULL
"3334","Insects of Micronesia 6(7)","Pseudococcidae","Laminococcus pandani (Cockerell)",NULL,"Nukuoru","1946",NULL
"3335","Insects of Micronesia 6(7)","Pseudococcidae","Laminococcus pandani (Cockerell)",NULL,"Pis","1946",NULL
"3336","Insects of Micronesia 6(7)","Pseudococcidae","Laminococcus pandani (Cockerell)",NULL,"Wena(Moen)","1949",NULL
"3337","Insects of Micronesia 6(7)","Pseudococcidae","Laminococcus pandani (Cockerell)",NULL,"Ponape","1938",NULL
"3338","Insects of Micronesia 6(7)","Pseudococcidae","Laminococcus pandani (Cockerell)",NULL,"Ujelang","1953",NULL
"3339","Insects of Micronesia 6(7)","Pseudococcidae","Laminococcus pandani (Cockerell)",NULL,"Tarawa","1957",NULL
"3340","Insects of Micronesia 6(7)","Pseudococcidae","Laminococcus pandani (Cockerell)",NULL,"Kwajalein","1948",NULL
"3341","Insects of Micronesia 6(7)","Pseudococcidae","Laminococcus pandani (Cockerell)",NULL,"Likiep","1946",NULL
"3342","Insects of Micronesia 6(7)","Pseudococcidae","Laminococcus pandani (Cockerell)",NULL,"Butaritari","1957",NULL
"3343","Insects of Micronesia 6(7)","Pseudococcidae","Laminococcus pandani (Cockerell)",NULL,"Tarawa","1957",NULL
"3344","Insects of Micronesia 6(7)","Pseudococcidae","Neosimmondsia esakii Takahashi",NULL,"Ponape","1938",NULL
"3345","Insects of Micronesia 6(7)","Pseudococcidae","Palaucoccus gressitti Beardsley",NULL,"Babelthuap","1952",NULL
"3346","Insects of Micronesia 6(7)","Pseudococcidae","Palmicultor guamensis Beardsley",NULL,"Guam","1946",NULL
"3347","Insects of Micronesia 6(7)","Pseudococcidae","Palmicultor palmarum (Ehrhorn)",NULL,"Koror","1958",NULL
"3348","Insects of Micronesia 6(7)","Pseudococcidae","Palmicultor palmarum (Ehrhorn)",NULL,"Ngerkabesang","1953",NULL
"3349","Insects of Micronesia 6(7)","Pseudococcidae","Palmicultor palmarum (Ehrhorn)",NULL,"Peleliu","1946",NULL
"3350","Insects of Micronesia 6(7)","Pseudococcidae","Palmicultor palmarum (Ehrhorn)",NULL,"Yap","1950",NULL
"3351","Insects of Micronesia 6(7)","Pseudococcidae","Palmicultor palmarum (Ehrhorn)",NULL,"Pulo Anna","1952",NULL
"3352","Insects of Micronesia 6(7)","Pseudococcidae","Palmicultor palmarum (Ehrhorn)",NULL,"Ngulu","1952",NULL
"3353","Insects of Micronesia 6(7)","Pseudococcidae","Palmicultor palmarum (Ehrhorn)",NULL,"Ulithi","1946",NULL
"3354","Insects of Micronesia 6(7)","Pseudococcidae","Palmicultor palmarum (Ehrhorn)",NULL,"Lamotrek","1953",NULL
"3355","Insects of Micronesia 6(7)","Pseudococcidae","Palmicultor palmarum (Ehrhorn)",NULL,"Nomwin","1946",NULL
"3356","Insects of Micronesia 6(7)","Pseudococcidae","Palmicultor palmarum (Ehrhorn)",NULL,"Kapingamarangi","1946",NULL
"3357","Insects of Micronesia 6(7)","Pseudococcidae","Palmicultor palmarum (Ehrhorn)",NULL,"Wena(Moen)","1946",NULL
"3358","Insects of Micronesia 6(7)","Pseudococcidae","Palmicultor palmarum (Ehrhorn)",NULL,"Fefan","1946",NULL
"3359","Insects of Micronesia 6(7)","Pseudococcidae","Palmicultor palmarum (Ehrhorn)",NULL,"Tonoas(Dublon)","1937",NULL
"3360","Insects of Micronesia 6(7)","Pseudococcidae","Palmicultor palmarum (Ehrhorn)",NULL,"Ponape","1948",NULL
"3361","Insects of Micronesia 6(7)","Pseudococcidae","Palmicultor palmarum (Ehrhorn)",NULL,"Kusaie","1946",NULL
"3362","Insects of Micronesia 6(7)","Pseudococcidae","Palmicultor palmarum (Ehrhorn)",NULL,"Kwajalein","1945",NULL
"3363","Insects of Micronesia 6(7)","Pseudococcidae","Palmicultor palmarum (Ehrhorn)",NULL,"Lib","1953",NULL
"3364","Insects of Micronesia 6(7)","Pseudococcidae","Palmicultor palmarum (Ehrhorn)",NULL,"Ailiglapalap","1946",NULL
"3365","Insects of Micronesia 6(7)","Pseudococcidae","Palmicultor palmarum (Ehrhorn)",NULL,"Jaluit","1937",NULL
"3366","Insects of Micronesia 6(7)","Pseudococcidae","Palmicultor palmarum (Ehrhorn)",NULL,"Namorik","1953",NULL
"3367","Insects of Micronesia 6(7)","Pseudococcidae","Palmicultor palmarum (Ehrhorn)",NULL,"Likiep","1946",NULL
"3368","Insects of Micronesia 6(7)","Pseudococcidae","Palmicultor palmarum (Ehrhorn)",NULL,"Majuro","1946",NULL
"3369","Insects of Micronesia 6(7)","Pseudococcidae","Palmicultor palmarum (Ehrhorn)",NULL,"Tarawa","1956",NULL
"3370","Insects of Micronesia 6(7)","Pseudococcidae","Palmicultor palmarum (Ehrhorn)",NULL,"Canton","1950",NULL
"3371","Insects of Micronesia 6(7)","Pseudococcidae","Pandanicola esakii (Takahashi)",NULL,"Babelthuap","1953",NULL
"3372","Insects of Micronesia 6(7)","Pseudococcidae","Pandanicola pandani (Takahashi)",NULL,"Ponape","1939",NULL
"3373","Insects of Micronesia 6(7)","Pseudococcidae","Paraputo leveri (Green)",NULL,"Tobi","1952",NULL
"3374","Insects of Micronesia 6(7)","Pseudococcidae","Phenacoccus solani Ferris",NULL,"Eniwetok","1946",NULL
"3375","Insects of Micronesia 6(7)","Pseudococcidae","Phenacoccus solani Ferris",NULL,"Kwajalein","1957",NULL
"3376","Insects of Micronesia 6(7)","Pseudococcidae","Phenacoccus solani Ferris",NULL,"Tarawa","1956",NULL
"3377","Insects of Micronesia 6(7)","Pseudococcidae","Planococcus citri (Risso)",NULL,"Saipan","1946",NULL
"3378","Insects of Micronesia 6(7)","Pseudococcidae","Planococcus citri (Risso)",NULL,"Guam","1958",NULL
"3379","Insects of Micronesia 6(7)","Pseudococcidae","Planococcus citri (Risso)",NULL,"Babelthuap","1946",NULL
"3380","Insects of Micronesia 6(7)","Pseudococcidae","Planococcus citri (Risso)",NULL,"Koror","1948",NULL
"3381","Insects of Micronesia 6(7)","Pseudococcidae","Planococcus citri (Risso)",NULL,"Yap","1950",NULL
"3382","Insects of Micronesia 6(7)","Pseudococcidae","Planococcus citri (Risso)",NULL,"elato","1953",NULL
"3383","Insects of Micronesia 6(7)","Pseudococcidae","Planococcus citri (Risso)",NULL,"Wena(Moen)","1946",NULL
"3384","Insects of Micronesia 6(7)","Pseudococcidae","Planococcus citri (Risso)",NULL,"Tonoas(Dublon)","1946",NULL
"3385","Insects of Micronesia 6(7)","Pseudococcidae","Planococcus citri (Risso)",NULL,"Ponape","1946",NULL
"3386","Insects of Micronesia 6(7)","Pseudococcidae","Planococcus citri (Risso)",NULL,"Kusaie","1946",NULL
"3387","Insects of Micronesia 6(7)","Pseudococcidae","Planococcus citri (Risso)",NULL,"Kwajalein","1958",NULL
"3388","Insects of Micronesia 6(7)","Pseudococcidae","Planococcus citri (Risso)",NULL,"Butaritari","1957",NULL
"3389","Insects of Micronesia 6(7)","Pseudococcidae","Planococcus citri (Risso)",NULL,"Tarawa","1957",NULL
"3390","Insects of Micronesia 6(7)","Pseudococcidae","Planococcus lilacinus (Cockerell)",NULL,"Guam","1911",NULL
"3391","Insects of Micronesia 6(7)","Pseudococcidae","Planococcus lilacinus (Cockerell)",NULL,"Eauripik","1958",NULL
"3392","Insects of Micronesia 6(7)","Pseudococcidae","Planococcus lilacinus (Cockerell)",NULL,"Ifaluk","1958",NULL
"3393","Insects of Micronesia 6(7)","Pseudococcidae","Pseudococcus casuarinae (Takahashi)",NULL,"Koror","1938",NULL
"3394","Insects of Micronesia 6(7)","Pseudococcidae","Pseudococcus citriculus Green",NULL,"Koror","1953",NULL
"3395","Insects of Micronesia 6(7)","Pseudococcidae","Pseudococcus citriculus Green",NULL,"Ponape","1946",NULL
"3396","Insects of Micronesia 6(7)","Pseudococcidae","Pseudococcus dybasi Beardsley",NULL,"Ulebsehel(Aurapushekaru)","1948",NULL
"3397","Insects of Micronesia 6(7)","Pseudococcidae","Pseudococcus gilbertensis Beardsley",NULL,"Tarawa","1956",NULL
"3398","Insects of Micronesia 6(7)","Pseudococcidae","Pseudococcus kusaiensis Beardsley",NULL,"Kusaie","1946",NULL
"3399","Insects of Micronesia 6(7)","Pseudococcidae","Pseudococcus macrocirculus Beardsley",NULL,"Ngerkabesang","1954",NULL
"3400","Insects of Micronesia 6(7)","Pseudococcidae","Pseudococcus macrocirculus Beardsley",NULL,"Babelthuap","1947",NULL
"3401","Insects of Micronesia 6(7)","Pseudococcidae","Pseudococcus macrocirculus Beardsley",NULL,"Ulebsehel(Aurapushekaru)","1948",NULL
"3402","Insects of Micronesia 6(7)","Pseudococcidae","Pseudococcus macrocirculus Beardsley",NULL,"Yap","1950",NULL
"3403","Insects of Micronesia 6(7)","Pseudococcidae","Pseudococcus macrocirculus Beardsley",NULL,"Eauripik","1958",NULL
"3404","Insects of Micronesia 6(7)","Pseudococcidae","Pseudococcus macrocirculus Beardsley",NULL,"Tellei","1964",NULL
"3405","Insects of Micronesia 6(7)","Pseudococcidae","Pseudococcus marshallensis Beardsley",NULL,"Jaluit","1946",NULL
"3406","Insects of Micronesia 6(7)","Pseudococcidae","Pseudococcus marshallensis Beardsley",NULL,"Ailiglapalap","1946",NULL
"3407","Insects of Micronesia 6(7)","Pseudococcidae","Pseudococcus microadonidum Beardlsey",NULL,"Marakei","1957",NULL
"3408","Insects of Micronesia 6(7)","Pseudococcidae","Pseudococcus microadonidum Beardlsey",NULL,"Eniwetok","1946",NULL
"3409","Insects of Micronesia 6(7)","Pseudococcidae","Pseudococcus microadonidum Beardlsey",NULL,"Wotho","1953",NULL
"3410","Insects of Micronesia 6(7)","Pseudococcidae","Pseudococcus microadonidum Beardlsey",NULL,"Kwajalein","1946",NULL
"3411","Insects of Micronesia 6(7)","Pseudococcidae","Pseudococcus microadonidum Beardlsey",NULL,"Ailiglapalap","1946",NULL
"3412","Insects of Micronesia 6(7)","Pseudococcidae","Pseudococcus microadonidum Beardlsey",NULL,"Jaluit","1953",NULL
"3413","Insects of Micronesia 6(7)","Pseudococcidae","Pseudococcus microadonidum Beardlsey",NULL,"Likiep","1946",NULL
"3414","Insects of Micronesia 6(7)","Pseudococcidae","Pseudococcus microadonidum Beardlsey",NULL,"Majuro","1946",NULL
"3415","Insects of Micronesia 6(7)","Pseudococcidae","Pseudococcus microadonidum Beardlsey",NULL,"Arno","1950",NULL
"3416","Insects of Micronesia 6(7)","Pseudococcidae","Pseudococcus microadonidum Beardlsey",NULL,"Marakei","1957",NULL
"3417","Insects of Micronesia 6(7)","Pseudococcidae","Pseudococcus microadonidum Beardlsey",NULL,"Nukuoru","1946",NULL
"3418","Insects of Micronesia 6(7)","Pseudococcidae","Pseudococcus microadonidum Beardlsey",NULL,"Utot","1946",NULL
"3419","Insects of Micronesia 6(7)","Pseudococcidae","Pseudococcus microadonidum Beardlsey",NULL,"Ponape","1950",NULL
"3420","Insects of Micronesia 6(7)","Pseudococcidae","Pseudococcus multiductus Beardsley",NULL,"Babelthuap","1947",NULL
"3421","Insects of Micronesia 6(7)","Pseudococcidae","Pseudococcus neomaritimus Beardsley",NULL,"Yap","1950",NULL
"3422","Insects of Micronesia 6(7)","Pseudococcidae","Pseudococcus neomaritimus Beardsley",NULL,"Saipan","1946",NULL
"3423","Insects of Micronesia 6(7)","Pseudococcidae","Pseudococcus neomaritimus Beardsley",NULL,"Guam","1936",NULL
"3424","Insects of Micronesia 6(7)","Pseudococcidae","Pseudococcus neomaritimus Beardsley",NULL,"Yap","1950",NULL
"3425","Insects of Micronesia 6(7)","Pseudococcidae","Pseudococcus neomaritimus Beardsley",NULL,"Wena(Moen)","1952",NULL
"3426","Insects of Micronesia 6(7)","Pseudococcidae","Pseudococcus orchidicola Takahashi",NULL,"Saipan","1945",NULL
"3427","Insects of Micronesia 6(7)","Pseudococcidae","Pseudococcus orchidicola Takahashi",NULL,"Tinian","1945",NULL
"3428","Insects of Micronesia 6(7)","Pseudococcidae","Pseudococcus orchidicola Takahashi",NULL,"Rota","1937",NULL
"3429","Insects of Micronesia 6(7)","Pseudococcidae","Pseudococcus orchidicola Takahashi",NULL,"Eauripik","1958",NULL
"3430","Insects of Micronesia 6(7)","Pseudococcidae","Pseudococcus orchidicola Takahashi",NULL,"Nukuoru","1946",NULL
"3431","Insects of Micronesia 6(7)","Pseudococcidae","Pseudococcus orchidicola Takahashi",NULL,"Satawan","1952",NULL
"3432","Insects of Micronesia 6(7)","Pseudococcidae","Pseudococcus orchidicola Takahashi",NULL,"Fefan","1946",NULL
"3433","Insects of Micronesia 6(7)","Pseudococcidae","Pseudococcus orchidicola Takahashi",NULL,"Kusaie","1946",NULL
"3434","Insects of Micronesia 6(7)","Pseudococcidae","Pseudococcus orchidicola Takahashi",NULL,"Wotho","1952",NULL
"3435","Insects of Micronesia 6(7)","Pseudococcidae","Pseudococcus orchidicola Takahashi",NULL,"Ujae","1952",NULL
"3436","Insects of Micronesia 6(7)","Pseudococcidae","Pseudococcus orchidicola Takahashi",NULL,"Kwajalein","1946",NULL
"3437","Insects of Micronesia 6(7)","Pseudococcidae","Pseudococcus orchidicola Takahashi",NULL,"Jaluit","1958",NULL
"3438","Insects of Micronesia 6(7)","Pseudococcidae","Pseudococcus orchidicola Takahashi",NULL,"Namorik","1953",NULL
"3439","Insects of Micronesia 6(7)","Pseudococcidae","Pseudococcus orchidicola Takahashi",NULL,"Utirik","1951",NULL
"3440","Insects of Micronesia 6(7)","Pseudococcidae","Pseudococcus orchidicola Takahashi",NULL,"Ailuk","1951",NULL
"3441","Insects of Micronesia 6(7)","Pseudococcidae","Pseudococcus orchidicola Takahashi",NULL,"Likiep","1946",NULL
"3442","Insects of Micronesia 6(7)","Pseudococcidae","Pseudococcus orchidicola Takahashi",NULL,"Majuro","1946",NULL
"3443","Insects of Micronesia 6(7)","Pseudococcidae","Pseudococcus orchidicola Takahashi",NULL,"Arno","1950",NULL
"3444","Insects of Micronesia 6(7)","Pseudococcidae","Pseudococcus orchidicola Takahashi",NULL,"Mili","1953",NULL
"3445","Insects of Micronesia 6(7)","Pseudococcidae","Pseudococcus orchidicola Takahashi",NULL,"Tarawa","1956",NULL
"3446","Insects of Micronesia 6(7)","Pseudococcidae","Pseudococcus pandanicola Takahashi",NULL,"Babelthuap","1947",NULL
"3447","Insects of Micronesia 6(7)","Pseudococcidae","Pseudococcus pandanicola Takahashi",NULL,"Koror","1945",NULL
"3448","Insects of Micronesia 6(7)","Pseudococcidae","Pseudococcus solomonensis Williams",NULL,"Babelthuap","1946",NULL
"3449","Insects of Micronesia 6(7)","Pseudococcidae","Pseudococcus solomonensis Williams",NULL,"Koror","1947",NULL
"3450","Insects of Micronesia 6(7)","Pseudococcidae","Pseudococcus solomonensis Williams",NULL,"Yap","1950",NULL
"3451","Insects of Micronesia 6(7)","Pseudococcidae","Pseudococcus solomonensis Williams",NULL,"Wena(Moen)","1948",NULL
"3452","Insects of Micronesia 6(7)","Pseudococcidae","Pseudococcus solomonensis Williams",NULL,"Tonoas(Dublon)","1946",NULL
"3453","Insects of Micronesia 6(7)","Pseudococcidae","Pseudococcus solomonensis Williams",NULL,"Ponape","1953",NULL
"3454","Insects of Micronesia 6(7)","Pseudococcidae","Pseudococcus trukensis Beardsley",NULL,"Wena(Moen)","1954",NULL
"3455","Insects of Micronesia 6(7)","Pseudococcidae","Pseudococcus trukensis Beardsley",NULL,"Faraulep","1952",NULL
"3456","Insects of Micronesia 6(7)","Pseudococcidae","Pseudococcus trukensis Beardsley",NULL,"Tonoas(Dublon)","1946",NULL
"3457","Insects of Micronesia 6(7)","Pseudococcidae","Pseudococcus trukensis Beardsley",NULL,"Ton(Tol)","1953",NULL
"3458","Insects of Micronesia 6(7)","Pseudococcidae","Pseudococcus trukensis Beardsley",NULL,"Ponape","1950",NULL
"3459","Insects of Micronesia 6(7)","Pseudococcidae","Pseudococcus yapensis Beardsley",NULL,"Yap","1950",NULL
"3460","Insects of Micronesia 6(7)","Pseudococcidae","Rhizoecus advenus Beardsley",NULL,"Oahu","1959",NULL
"3461","Insects of Micronesia 6(7)","Pseudococcidae","Rhizoecus advenus Beardsley",NULL,"Ton(Tol)","1953",NULL
"3462","Insects of Micronesia 6(7)","Pseudococcidae","Rhizoecus carolinensis Beardsley",NULL,"Kusaie","1953",NULL
"3463","Insects of Micronesia 6(7)","Pseudococcidae","Rhizoecus carolinensis Beardsley",NULL,"Ton(Tol)","1953",NULL
"3464","Insects of Micronesia 6(7)","Pseudococcidae","Saccharicoccus sacchari (Cockerell)",NULL,"Saipan","1946",NULL
"3465","Insects of Micronesia 6(7)","Pseudococcidae","Saccharicoccus sacchari (Cockerell)",NULL,"Tinian","1946",NULL
"3466","Insects of Micronesia 6(7)","Pseudococcidae","Saccharicoccus sacchari (Cockerell)",NULL,"Rota","1946",NULL
"3467","Insects of Micronesia 6(7)","Pseudococcidae","Saccharicoccus sacchari (Cockerell)",NULL,"Guam","1936",NULL
"3468","Insects of Micronesia 6(7)","Pseudococcidae","Saccharicoccus sacchari (Cockerell)",NULL,"Babelthuap","1947",NULL
"3469","Insects of Micronesia 6(7)","Pseudococcidae","Saccharicoccus sacchari (Cockerell)",NULL,"Koror","1946",NULL
"3470","Insects of Micronesia 6(7)","Pseudococcidae","Saccharicoccus sacchari (Cockerell)",NULL,"Yap","1949",NULL
"3471","Insects of Micronesia 6(7)","Pseudococcidae","Saccharicoccus sacchari (Cockerell)",NULL,"Ulithi","1956",NULL
"3472","Insects of Micronesia 6(7)","Pseudococcidae","Saccharicoccus sacchari (Cockerell)",NULL,"Nukuoru","1946",NULL
"3473","Insects of Micronesia 6(7)","Pseudococcidae","Saccharicoccus sacchari (Cockerell)",NULL,"Fefan","1946",NULL
"3474","Insects of Micronesia 6(7)","Pseudococcidae","Saccharicoccus sacchari (Cockerell)",NULL,"Tonoas(Dublon)","1946",NULL
"3475","Insects of Micronesia 6(7)","Pseudococcidae","Saccharicoccus sacchari (Cockerell)",NULL,"Ton(Tol)","1946",NULL
"3476","Insects of Micronesia 6(7)","Pseudococcidae","Saccharicoccus sacchari (Cockerell)",NULL,"Ponape","1946",NULL
"3477","Insects of Micronesia 6(7)","Pseudococcidae","Trionymus palauensis Beardsley",NULL,"Koror","1956",NULL
"3478","Insects of Micronesia 6(7)","Pseudococcidae","Trionymus townesi Beardsley",NULL,"Tinian","1946",NULL
"3479","Insects of Micronesia 6(7)","Pseudococcidae","Turbinococcus pandanicola (Takahashi)",NULL,"Koror","1937",NULL
"3480","Insects of Micronesia 6(7)","Pseudococcidae","Turbinococcus pandanicola (Takahashi)",NULL,"Ngurukdabel(Urukthapel)","1958",NULL
"3481","Insects of Micronesia 6(7)","Coccidae","Ceroplastes cirripediformis Comstock",NULL,"Wake","1959",NULL
"3482","Insects of Micronesia 6(7)","Coccidae","Ceroplastes cirripediformis Comstock",NULL,"Eniwetok","1957",NULL
"3483","Insects of Micronesia 6(7)","Coccidae","Ceroplastes cirripediformis Comstock",NULL,"Kwajalein","1958",NULL
"3484","Insects of Micronesia 6(7)","Coccidae","Ceroplastes floridensis Comstock",NULL,"Bonin","1909",NULL
"3485","Insects of Micronesia 6(7)","Coccidae","Ceroplastes floridensis Comstock",NULL,"Rota","1936",NULL
"3486","Insects of Micronesia 6(7)","Coccidae","Ceroplastes floridensis Comstock",NULL,"Guam","1946",NULL
"3487","Insects of Micronesia 6(7)","Coccidae","Ceroplastes floridensis Comstock",NULL,"Koror","1939",NULL
"3488","Insects of Micronesia 6(7)","Coccidae","Ceroplastes floridensis Comstock",NULL,"Ulebsehel(Auluptagel)","1956",NULL
"3489","Insects of Micronesia 6(7)","Coccidae","Ceroplastes floridensis Comstock",NULL,"Peleliu","1945",NULL
"3490","Insects of Micronesia 6(7)","Coccidae","Ceroplastes pseudoceriferus Green",NULL,"Ulebsehel(Auluptagel)","1956",NULL
"3491","Insects of Micronesia 6(7)","Coccidae","Ceroplastes rubens Maskell",NULL,"Saipan","1946",NULL
"3492","Insects of Micronesia 6(7)","Coccidae","Ceroplastes rubens Maskell",NULL,"Rota","1946",NULL
"3493","Insects of Micronesia 6(7)","Coccidae","Ceroplastes rubens Maskell",NULL,"Guam","1938",NULL
"3494","Insects of Micronesia 6(7)","Coccidae","Ceroplastes rubens Maskell",NULL,"Ngaiangl(Kayangel)","1956",NULL
"3495","Insects of Micronesia 6(7)","Coccidae","Ceroplastes rubens Maskell",NULL,"Koror","1953",NULL
"3496","Insects of Micronesia 6(7)","Coccidae","Coccus acuminatus (Signoret)",NULL,"Guam","1936",NULL
"3497","Insects of Micronesia 6(7)","Coccidae","Coccus acuminatus (Signoret)",NULL,"Koror","1953",NULL
"3498","Insects of Micronesia 6(7)","Coccidae","Coccus acuminatus (Signoret)",NULL,"Ngerkabesang","1953",NULL
"3499","Insects of Micronesia 6(7)","Coccidae","Coccus elongatus (Signoret)",NULL,"Saipan","1946",NULL
"3500","Insects of Micronesia 6(7)","Coccidae","Coccus elongatus (Signoret)",NULL,"Tinian","1946",NULL
"3501","Insects of Micronesia 6(7)","Coccidae","Coccus elongatus (Signoret)",NULL,"Guam","1937",NULL
"3502","Insects of Micronesia 6(7)","Coccidae","Coccus elongatus (Signoret)",NULL,"Babelthuap","1953",NULL
"3503","Insects of Micronesia 6(7)","Coccidae","Coccus elongatus (Signoret)",NULL,"Koror","1953",NULL
"3504","Insects of Micronesia 6(7)","Coccidae","Coccus elongatus (Signoret)",NULL,"Ngurukdabel(Urukthapel)","1953",NULL
"3505","Insects of Micronesia 6(7)","Coccidae","Coccus elongatus (Signoret)",NULL,"Faraulep","1963",NULL
"3506","Insects of Micronesia 6(7)","Coccidae","Coccus elongatus (Signoret)",NULL,"Kwajalein","1958",NULL
"3507","Insects of Micronesia 6(7)","Coccidae","Coccus elongatus (Signoret)",NULL,"Majuro","1958",NULL
"3508","Insects of Micronesia 6(7)","Coccidae","Coccus hesperidum Linnaeus",NULL,"Saipan","1946",NULL
"3509","Insects of Micronesia 6(7)","Coccidae","Coccus hesperidum Linnaeus",NULL,"Koror","1958",NULL
"3510","Insects of Micronesia 6(7)","Coccidae","Coccus hesperidum Linnaeus",NULL,"Peleliu","1946",NULL
"3511","Insects of Micronesia 6(7)","Coccidae","Coccus hesperidum Linnaeus",NULL,"Yap","1952",NULL
"3512","Insects of Micronesia 6(7)","Coccidae","Coccus hesperidum Linnaeus",NULL,"Nukuoru","1946",NULL
"3513","Insects of Micronesia 6(7)","Coccidae","Coccus hesperidum Linnaeus",NULL,"Tonoas(Dublon)","1952",NULL
"3514","Insects of Micronesia 6(7)","Coccidae","Coccus hesperidum Linnaeus",NULL,"Eniwetok","1946",NULL
"3515","Insects of Micronesia 6(7)","Coccidae","Coccus hesperidum Linnaeus",NULL,"Ujelang","1953",NULL
"3516","Insects of Micronesia 6(7)","Coccidae","Coccus hesperidum Linnaeus",NULL,"Wotho","1953",NULL
"3517","Insects of Micronesia 6(7)","Coccidae","Coccus hesperidum Linnaeus",NULL,"Rongelap","1953",NULL
"3518","Insects of Micronesia 6(7)","Coccidae","Coccus hesperidum Linnaeus",NULL,"Kwajalein","1946",NULL
"3519","Insects of Micronesia 6(7)","Coccidae","Coccus hesperidum Linnaeus",NULL,"Namu","1953",NULL
"3520","Insects of Micronesia 6(7)","Coccidae","Coccus hesperidum Linnaeus",NULL,"Majuro","1946",NULL
"3521","Insects of Micronesia 6(7)","Coccidae","Coccus mangiferae (Green)",NULL,"Babelthuap","1953",NULL
"3522","Insects of Micronesia 6(7)","Coccidae","Coccus mangiferae (Green)",NULL,"Koror","1952",NULL
"3523","Insects of Micronesia 6(7)","Coccidae","Coccus moestus De Lotto",NULL,"Guam","1946",NULL
"3524","Insects of Micronesia 6(7)","Coccidae","Coccus moestus De Lotto",NULL,"Babelthuap","1947",NULL
"3525","Insects of Micronesia 6(7)","Coccidae","Coccus moestus De Lotto",NULL,"Koror","1954",NULL
"3526","Insects of Micronesia 6(7)","Coccidae","Coccus moestus De Lotto",NULL,"Peleliu","1946",NULL
"3527","Insects of Micronesia 6(7)","Coccidae","Coccus moestus De Lotto",NULL,"Woleai","1964",NULL
"3528","Insects of Micronesia 6(7)","Coccidae","Coccus moestus De Lotto",NULL,"Wena(Moen)","1949",NULL
"3529","Insects of Micronesia 6(7)","Coccidae","Coccus viridis (Green)",NULL,"Saipan","1946",NULL
"3530","Insects of Micronesia 6(7)","Coccidae","Coccus viridis (Green)",NULL,"Tinian","1946",NULL
"3531","Insects of Micronesia 6(7)","Coccidae","Coccus viridis (Green)",NULL,"Guam","1953",NULL
"3532","Insects of Micronesia 6(7)","Coccidae","Coccus viridis (Green)",NULL,"Babelthuap","1946",NULL
"3533","Insects of Micronesia 6(7)","Coccidae","Coccus viridis (Green)",NULL,"Yap","1946",NULL
"3534","Insects of Micronesia 6(7)","Coccidae","Coccus viridis (Green)",NULL,"Wena(Moen)","1952",NULL
"3535","Insects of Micronesia 6(7)","Coccidae","Coccus viridis (Green)",NULL,"Ton(Tol)","1946",NULL
"3536","Insects of Micronesia 6(7)","Coccidae","Coccus viridis (Green)",NULL,"Ponape","1946",NULL
"3537","Insects of Micronesia 6(7)","Coccidae","Coccus viridis (Green)",NULL,"Ocean Island","1957",NULL
"3538","Insects of Micronesia 6(7)","Coccidae","Eucalymnatus tessellatus (Signoret)",NULL,"Babelthuap","1953",NULL
"3539","Insects of Micronesia 6(7)","Coccidae","Eucalymnatus tessellatus (Signoret)",NULL,"Koror","1953",NULL
"3540","Insects of Micronesia 6(7)","Coccidae","Eucalymnatus tessellatus (Signoret)",NULL,"Wena(Moen)","1946",NULL
"3541","Insects of Micronesia 6(7)","Coccidae","Eucalymnatus tessellatus (Signoret)",NULL,"Ponape","1953",NULL
"3542","Insects of Micronesia 6(7)","Coccidae","Eucalymnatus tessellatus (Signoret)",NULL,"Kusaie","1946",NULL
"3543","Insects of Micronesia 6(7)","Coccidae","Paralecanium carolinensis Beardsley",NULL,"Losap","1952",NULL
"3544","Insects of Micronesia 6(7)","Coccidae","Paralecanium carolinensis Beardsley",NULL,"Nomwin","1954",NULL
"3545","Insects of Micronesia 6(7)","Coccidae","Paralecanium carolinensis Beardsley",NULL,"Ton(Tol)","1952",NULL
"3546","Insects of Micronesia 6(7)","Coccidae","Pulvinaria psidii Maskell",NULL,"Iwo Jima","1958",NULL
"3547","Insects of Micronesia 6(7)","Coccidae","Pulvinaria psidii Maskell",NULL,"Guam","1939",NULL
"3548","Insects of Micronesia 6(7)","Coccidae","Pulvinaria psidii Maskell",NULL,"Babelthuap","1947",NULL
"3549","Insects of Micronesia 6(7)","Coccidae","Pulvinaria psidii Maskell",NULL,"Koror","1948",NULL
"3550","Insects of Micronesia 6(7)","Coccidae","Pulvinaria psidii Maskell",NULL,"Wena(Moen)","1953",NULL
"3551","Insects of Micronesia 6(7)","Coccidae","Pulvinaria psidii Maskell",NULL,"Fefan","1946",NULL
"3552","Insects of Micronesia 6(7)","Coccidae","Pulvinaria psidii Maskell",NULL,"Ponape","1949",NULL
"3553","Insects of Micronesia 6(7)","Coccidae","Pulvinaria psidii Maskell",NULL,"Kusaie","1946",NULL
"3554","Insects of Micronesia 6(7)","Coccidae","Pulvinaria psidii Maskell",NULL,"Jaluit","1946",NULL
"3555","Insects of Micronesia 6(7)","Coccidae","Pulvinaria thespesiae Green",NULL,"Wena(Moen)","1949",NULL
"3556","Insects of Micronesia 6(7)","Coccidae","Pulvinaria urbicola Cockerell",NULL,"Saipan","1937",NULL
"3557","Insects of Micronesia 6(7)","Coccidae","Pulvinaria urbicola Cockerell",NULL,"Guam","1939",NULL
"3558","Insects of Micronesia 6(7)","Coccidae","Pulvinaria urbicola Cockerell",NULL,"Sorol","1958",NULL
"3559","Insects of Micronesia 6(7)","Coccidae","Pulvinaria urbicola Cockerell",NULL,"Lamotrek","1950",NULL
"3560","Insects of Micronesia 6(7)","Coccidae","Pulvinaria urbicola Cockerell",NULL,"Faraulep","1964",NULL
"3561","Insects of Micronesia 6(7)","Coccidae","Saissetia coffeae (Walker)",NULL,"Tinian","1946",NULL
"3562","Insects of Micronesia 6(7)","Coccidae","Saissetia coffeae (Walker)",NULL,"Guam","1953",NULL
"3563","Insects of Micronesia 6(7)","Coccidae","Saissetia coffeae (Walker)",NULL,"Babelthuap","1946",NULL
"3564","Insects of Micronesia 6(7)","Coccidae","Saissetia coffeae (Walker)",NULL,"Yap","1952",NULL
"3565","Insects of Micronesia 6(7)","Coccidae","Saissetia coffeae (Walker)",NULL,"Eniwetok","1957",NULL
"3566","Insects of Micronesia 6(7)","Coccidae","Saissetia coffeae (Walker)",NULL,"Kwajalein","1956",NULL
"3567","Insects of Micronesia 6(7)","Coccidae","Saissetia coffeae (Walker)",NULL,"Majuro","1946",NULL
"3568","Insects of Micronesia 6(7)","Coccidae","Saissetia nigra (Nietner)",NULL,"Iwo Jima","1958",NULL
"3569","Insects of Micronesia 6(7)","Coccidae","Saissetia nigra (Nietner)",NULL,"Saipan","1946",NULL
"3570","Insects of Micronesia 6(7)","Coccidae","Saissetia nigra (Nietner)",NULL,"Tinian","1946",NULL
"3571","Insects of Micronesia 6(7)","Coccidae","Saissetia nigra (Nietner)",NULL,"Guam","1911",NULL
"3572","Insects of Micronesia 6(7)","Coccidae","Saissetia nigra (Nietner)",NULL,"Koror","1948",NULL
"3573","Insects of Micronesia 6(7)","Coccidae","Saissetia nigra (Nietner)",NULL,"Peleliu","1945",NULL
"3574","Insects of Micronesia 6(7)","Coccidae","Saissetia nigra (Nietner)",NULL,"Angaur","1949",NULL
"3575","Insects of Micronesia 6(7)","Coccidae","Saissetia nigra (Nietner)",NULL,"Yap","1949",NULL
"3576","Insects of Micronesia 6(7)","Coccidae","Saissetia nigra (Nietner)",NULL,"Wena(Moen)","1946",NULL
"3577","Insects of Micronesia 6(7)","Coccidae","Saissetia nigra (Nietner)",NULL,"Ton(Tol)","1946",NULL
"3578","Insects of Micronesia 6(7)","Coccidae","Saissetia nigra (Nietner)",NULL,"Tonoas(Dublon)","1952",NULL
"3579","Insects of Micronesia 6(7)","Coccidae","Saissetia nigra (Nietner)",NULL,"Kusaie","1946",NULL
"3580","Insects of Micronesia 6(7)","Coccidae","Saissetia nigra (Nietner)",NULL,"Tarawa","1956",NULL
"3581","Insects of Micronesia 6(7)","Coccidae","Saissetia nigra (Nietner)",NULL,"Butaritari","1957",NULL
"3582","Insects of Micronesia 6(7)","Coccidae","Saissetia oleae (Bernard)",NULL,"Saipan","1946",NULL
"3583","Insects of Micronesia 6(7)","Coccidae","Saissetia oleae (Bernard)",NULL,"Guam","1945",NULL
"3584","Insects of Micronesia 6(7)","Coccidae","Saissetia oleae (Bernard)",NULL,"Koror","1953",NULL
"3585","Insects of Micronesia 6(7)","Coccidae","Saissetia oleae (Bernard)",NULL,"Ngerkabesang","1946",NULL
"3586","Insects of Micronesia 6(7)","Coccidae","Saissetia oleae (Bernard)",NULL,"Peleliu","1946",NULL
"3587","Insects of Micronesia 6(7)","Coccidae","Saissetia oleae (Bernard)",NULL,"Wena(Moen)","1954",NULL
"3588","Insects of Micronesia 6(7)","Coccidae","Saissetia oleae (Bernard)",NULL,"Ujelang","1953",NULL
"3589","Insects of Micronesia 6(7)","Coccidae","Vinsonia stellifera (Westwood)",NULL,"Koror","1946",NULL
"3590","Insects of Micronesia 6(7)","Coccidae","Vinsonia stellifera (Westwood)",NULL,"Angaur","1949",NULL
"3591","Insects of Micronesia 6(7)","Coccidae","Vinsonia stellifera (Westwood)",NULL,"Ponape","1946",NULL
"3592","Insects of Micronesia 6(7)","Asterolecaniidae","Asterolecanium bambusae (Boisduval)",NULL,"Tinian","1946",NULL
"3593","Insects of Micronesia 6(7)","Asterolecaniidae","Asterolecanium bambusae (Boisduval)",NULL,"Guam","1946",NULL
"3594","Insects of Micronesia 6(7)","Asterolecaniidae","Asterolecanium bambusae (Boisduval)",NULL,"Ngerkabesang","1947",NULL
"3595","Insects of Micronesia 6(7)","Asterolecaniidae","Asterolecanium coronatum Green",NULL,"Koror","1953",NULL
"3596","Insects of Micronesia 6(7)","Asterolecaniidae","Asterolecanium coronatum Green",NULL,"Ngerkabesang","1946",NULL
"3597","Insects of Micronesia 6(7)","Asterolecaniidae","Asterolecanium miliaris (Boisduval)",NULL,"Tinian","1946",NULL
"3598","Insects of Micronesia 6(7)","Asterolecaniidae","Asterolecanium miliaris (Boisduval)",NULL,"Guam","1945",NULL
"3599","Insects of Micronesia 6(7)","Asterolecaniidae","Asterolecanium miliaris (Boisduval)",NULL,"Koror","1947",NULL
"3600","Insects of Micronesia 6(7)","Asterolecaniidae","Asterolecanium miliaris (Boisduval)",NULL,"Ngerkabesang","1946",NULL
"3601","Insects of Micronesia 6(7)","Asterolecaniidae","Asterolecanium miliaris (Boisduval)",NULL,"Ponape","1946",NULL
"3602","Insects of Micronesia 6(7)","Asterolecaniidae","Asterolecanium pseudomiliaris Green",NULL,"Guam","1952",NULL
"3603","Insects of Micronesia 6(7)","Asterolecaniidae","Asterolecanium pseudomiliaris Green",NULL,"Ponape","1946",NULL
"3604","Insects of Micronesia 6(7)","Asterolecaniidae","Asterolecanium pustulans (Cockerell)",NULL,"Guam","1927",NULL
"3605","Insects of Micronesia 6(7)","Asterolecaniidae","Asterolecanium pustulans (Cockerell)",NULL,"Koror","1953",NULL
"3606","Insects of Micronesia 6(7)","Asterolecaniidae","Asterolecanium pustulans (Cockerell)",NULL,"Wena(Moen)","1954",NULL
"3607","Insects of Micronesia 6(7)","Asterolecaniidae","Asterolecanium pustulans (Cockerell)",NULL,"Likiep","1946",NULL
"3608","Insects of Micronesia 6(7)","Asterolecaniidae","Asterolecanium pustulans (Cockerell)",NULL,"Majuro","1958",NULL
"3609","Insects of Micronesia 6(7)","Asterolecaniidae","Asterolecanium pustulans (Cockerell)",NULL,"Butaritari","1957",NULL
"3610","Insects of Micronesia 6(7)","Asterolecaniidae","Asterolecanium pustulans (Cockerell)",NULL,"Tarawa","1957",NULL
"3611","Insects of Micronesia 6(7)","Asterolecaniidae","Asterolecanium robustum Green",NULL,"Guam","1953",NULL
"3612","Insects of Micronesia 6(7)","Asterolecaniidae","Asterolecanium robustum Green",NULL,"Babelthuap","1947",NULL
"3613","Insects of Micronesia 6(7)","Asterolecaniidae","Asterolecanium robustum Green",NULL,"Koror","1947",NULL
"3614","Insects of Micronesia 6(7)","Asterolecaniidae","Asterolecanium robustum Green",NULL,"Ponape","1949",NULL
"3615","Insects of Micronesia 6(7)","Diaspididae","Africonidia macdanieli Beardsley",NULL,"Ulebsehel(Auluptagel)","1956",NULL
"3616","Insects of Micronesia 6(7)","Diaspididae","Anastomoderma palauensis Beardsley",NULL,"Koror","1953",NULL
"3617","Insects of Micronesia 6(7)","Diaspididae","Aonidiella aurantii (Maskell)",NULL,"Bonin","1909",NULL
"3618","Insects of Micronesia 6(7)","Diaspididae","Aonidiella aurantii (Maskell)",NULL,"Guam","1945",NULL
"3619","Insects of Micronesia 6(7)","Diaspididae","Aonidiella aurantii (Maskell)",NULL,"Bikini","1946",NULL
"3620","Insects of Micronesia 6(7)","Diaspididae","Aonidiella comperei McKenzie",NULL,"Tinian","1946",NULL
"3621","Insects of Micronesia 6(7)","Diaspididae","Aonidiella comperei McKenzie",NULL,"Saipan","1946",NULL
"3622","Insects of Micronesia 6(7)","Diaspididae","Aonidiella comperei McKenzie",NULL,"Koror","1958",NULL
"3623","Insects of Micronesia 6(7)","Diaspididae","Aonidiella comperei McKenzie",NULL,"Yap","1958",NULL
"3624","Insects of Micronesia 6(7)","Diaspididae","Aonidiella comperei McKenzie",NULL,"Ulithi","1954",NULL
"3625","Insects of Micronesia 6(7)","Diaspididae","Aonidiella comperei McKenzie",NULL,"Tonoas(Dublon)","1946",NULL
"3626","Insects of Micronesia 6(7)","Diaspididae","Aonidiella comperei McKenzie",NULL,"Ailiglapalap","1946",NULL
"3627","Insects of Micronesia 6(7)","Diaspididae","Aonidiella comperei McKenzie",NULL,"Jaluit","1946",NULL
"3628","Insects of Micronesia 6(7)","Diaspididae","Aonidiella eremocitri McKenzie",NULL,"Babelthuap","1953",NULL
"3629","Insects of Micronesia 6(7)","Diaspididae","Aonidiella eremocitri McKenzie",NULL,"Koror","1954",NULL
"3630","Insects of Micronesia 6(7)","Diaspididae","Aonidiella eremocitri McKenzie",NULL,"Peleliu","1946",NULL
"3631","Insects of Micronesia 6(7)","Diaspididae","Aonidiella eremocitri McKenzie",NULL,"Ngurukdabel(Urukthapel)","1953",NULL
"3632","Insects of Micronesia 6(7)","Diaspididae","Aonidiella inornata McKenzie",NULL,"Guam","1936",NULL
"3633","Insects of Micronesia 6(7)","Diaspididae","Aonidiella inornata McKenzie",NULL,"Koror","1938",NULL
"3634","Insects of Micronesia 6(7)","Diaspididae","Aonidiella inornata McKenzie",NULL,"Yap","1946",NULL
"3635","Insects of Micronesia 6(7)","Diaspididae","Aonidiella inornata McKenzie",NULL,"Woleai","1946",NULL
"3636","Insects of Micronesia 6(7)","Diaspididae","Aonidiella inornata McKenzie",NULL,"Ton(Tol)","1946",NULL
"3637","Insects of Micronesia 6(7)","Diaspididae","Aonidiella inornata McKenzie",NULL,"Wena(Moen)","1946",NULL
"3638","Insects of Micronesia 6(7)","Diaspididae","Aonidiella inornata McKenzie",NULL,"Ponape","1946",NULL
"3639","Insects of Micronesia 6(7)","Diaspididae","Aonidiella inornata McKenzie",NULL,"Kusaie","1953",NULL
"3640","Insects of Micronesia 6(7)","Diaspididae","Aonidiella inornata McKenzie",NULL,"Wake","1939",NULL
"3641","Insects of Micronesia 6(7)","Diaspididae","Aonidiella inornata McKenzie",NULL,"Kwajalein","1946",NULL
"3642","Insects of Micronesia 6(7)","Diaspididae","Aonidiella inornata McKenzie",NULL,"Lib","1952",NULL
"3643","Insects of Micronesia 6(7)","Diaspididae","Aonidiella inornata McKenzie",NULL,"Ailiglapalap","1946",NULL
"3644","Insects of Micronesia 6(7)","Diaspididae","Aonidiella inornata McKenzie",NULL,"Jaluit","1946",NULL
"3645","Insects of Micronesia 6(7)","Diaspididae","Aonidiella inornata McKenzie",NULL,"Majuro","1946",NULL
"3646","Insects of Micronesia 6(7)","Diaspididae","Aonidiella orientalis (Newstead)",NULL,"Saipan","1946",NULL
"3647","Insects of Micronesia 6(7)","Diaspididae","Aonidiella orientalis (Newstead)",NULL,"Tinian","1946",NULL
"3648","Insects of Micronesia 6(7)","Diaspididae","Aonidiella orientalis (Newstead)",NULL,"Rota","1946",NULL
"3649","Insects of Micronesia 6(7)","Diaspididae","Aonidiella orientalis (Newstead)",NULL,"Guam","1936",NULL
"3650","Insects of Micronesia 6(7)","Diaspididae","Aonidiella orientalis (Newstead)",NULL,"Yap","1946",NULL
"3651","Insects of Micronesia 6(7)","Diaspididae","Aspidiella hartii (Cockerell)",NULL,"Guam","1946",NULL
"3652","Insects of Micronesia 6(7)","Diaspididae","Aspidiella sacchari (Cockerell)",NULL,"Saipan","1956",NULL
"3653","Insects of Micronesia 6(7)","Diaspididae","Aspidiella sacchari (Cockerell)",NULL,"Tinian","1946",NULL
"3654","Insects of Micronesia 6(7)","Diaspididae","Aspidiella sacchari (Cockerell)",NULL,"Guam","1911",NULL
"3655","Insects of Micronesia 6(7)","Diaspididae","Aspidiella sacchari (Cockerell)",NULL,"Babelthuap","1946",NULL
"3656","Insects of Micronesia 6(7)","Diaspididae","Aspidiella sacchari (Cockerell)",NULL,"Kwajalein","1953",NULL
"3657","Insects of Micronesia 6(7)","Diaspididae","Aspidiotus destructor Signoret",NULL,"Saipan","1946",NULL
"3658","Insects of Micronesia 6(7)","Diaspididae","Aspidiotus destructor Signoret",NULL,"Tinian","1946",NULL
"3659","Insects of Micronesia 6(7)","Diaspididae","Aspidiotus destructor Signoret",NULL,"Aguiguan","1952",NULL
"3660","Insects of Micronesia 6(7)","Diaspididae","Aspidiotus destructor Signoret",NULL,"Rota","1946",NULL
"3661","Insects of Micronesia 6(7)","Diaspididae","Aspidiotus destructor Signoret",NULL,"Guam","1936",NULL
"3662","Insects of Micronesia 6(7)","Diaspididae","Aspidiotus destructor Signoret",NULL,"Babelthuap","1946",NULL
"3663","Insects of Micronesia 6(7)","Diaspididae","Aspidiotus destructor Signoret",NULL,"Koror","1946",NULL
"3664","Insects of Micronesia 6(7)","Diaspididae","Aspidiotus destructor Signoret",NULL,"Ngesebus","1958",NULL
"3665","Insects of Micronesia 6(7)","Diaspididae","Aspidiotus destructor Signoret",NULL,"Peleliu","1946",NULL
"3666","Insects of Micronesia 6(7)","Diaspididae","Aspidiotus destructor Signoret",NULL,"Yap","1946",NULL
"3667","Insects of Micronesia 6(7)","Diaspididae","Aspidiotus destructor Signoret",NULL,"Rumug","1950",NULL
"3668","Insects of Micronesia 6(7)","Diaspididae","Aspidiotus destructor Signoret",NULL,"Wena(Moen)","1946",NULL
"3669","Insects of Micronesia 6(7)","Diaspididae","Aspidiotus destructor Signoret",NULL,"Ton(Tol)","1946",NULL
"3670","Insects of Micronesia 6(7)","Diaspididae","Aspidiotus destructor Signoret",NULL,"Tonoas(Dublon)","1946",NULL
"3671","Insects of Micronesia 6(7)","Diaspididae","Aspidiotus destructor Signoret",NULL,"Fefan","1946",NULL
"3672","Insects of Micronesia 6(7)","Diaspididae","Aspidiotus destructor Signoret",NULL,"Udot","1946",NULL
"3673","Insects of Micronesia 6(7)","Diaspididae","Aspidiotus destructor Signoret",NULL,"Ponape","1946",NULL
"3674","Insects of Micronesia 6(7)","Diaspididae","Aspiodotus excisus Green",NULL,"Saipan","1946",NULL
"3675","Insects of Micronesia 6(7)","Diaspididae","Aspiodotus excisus Green",NULL,"Tinian","1946",NULL
"3676","Insects of Micronesia 6(7)","Diaspididae","Aspiodotus excisus Green",NULL,"Ngerkabesang","1953",NULL
"3677","Insects of Micronesia 6(7)","Diaspididae","Aspiodotus excisus Green",NULL,"Ulithi","1954",NULL
"3678","Insects of Micronesia 6(7)","Diaspididae","Aspiodotus excisus Green",NULL,"Faraulep","1964",NULL
"3679","Insects of Micronesia 6(7)","Diaspididae","Aspiodotus excisus Green",NULL,"Woleai","1964",NULL
"3680","Insects of Micronesia 6(7)","Diaspididae","Aspiodotus excisus Green",NULL,"Nukuoru","1946",NULL
"3681","Insects of Micronesia 6(7)","Diaspididae","Aspiodotus spinosus Comstock",NULL,"Yap","1956",NULL
"3682","Insects of Micronesia 6(7)","Diaspididae","Chrysomphalus dictyospermi (Morgan)",NULL,"Saipan","1946",NULL
"3683","Insects of Micronesia 6(7)","Diaspididae","Chrysomphalus dictyospermi (Morgan)",NULL,"Guam","1946",NULL
"3684","Insects of Micronesia 6(7)","Diaspididae","Chrysomphalus dictyospermi (Morgan)",NULL,"Koror","1953",NULL
"3685","Insects of Micronesia 6(7)","Diaspididae","Chrysomphalus dictyospermi (Morgan)",NULL,"Wena(Moen)","1946",NULL
"3686","Insects of Micronesia 6(7)","Diaspididae","Chrysomphalus dictyospermi (Morgan)",NULL,"Majuro","1946",NULL
"3687","Insects of Micronesia 6(7)","Diaspididae","Chrysomphalus ficus Ashmead",NULL,"Bonin","1909",NULL
"3688","Insects of Micronesia 6(7)","Diaspididae","Chrysomphalus ficus Ashmead",NULL,"Ponape","1946",NULL
"3689","Insects of Micronesia 6(7)","Diaspididae","Duplaspidiotus claviger (Cockerell)",NULL,"Guam","1953",NULL
"3690","Insects of Micronesia 6(7)","Diaspididae","Duplaspidiotus tesseratus (de Charmonoy)",NULL,"Guam","1946",NULL
"3691","Insects of Micronesia 6(7)","Diaspididae","Furcapis oceanica Lindiger",NULL,"Saipan","1946",NULL
"3692","Insects of Micronesia 6(7)","Diaspididae","Furcapis oceanica Lindiger",NULL,"Babelthuap","1947",NULL
"3693","Insects of Micronesia 6(7)","Diaspididae","Furcapis oceanica Lindiger",NULL,"Koror","1946",NULL
"3694","Insects of Micronesia 6(7)","Diaspididae","Furcapis oceanica Lindiger",NULL,"Peleliu","1946",NULL
"3695","Insects of Micronesia 6(7)","Diaspididae","Furcapis oceanica Lindiger",NULL,"Angaur","1949",NULL
"3696","Insects of Micronesia 6(7)","Diaspididae","Furcapis oceanica Lindiger",NULL,"Yap","1949",NULL
"3697","Insects of Micronesia 6(7)","Diaspididae","Furcapis oceanica Lindiger",NULL,"Ulithi","1946",NULL
"3698","Insects of Micronesia 6(7)","Diaspididae","Furcapis oceanica Lindiger",NULL,"Woleai","1946",NULL
"3699","Insects of Micronesia 6(7)","Diaspididae","Furcapis oceanica Lindiger",NULL,"Ifaluk","1953",NULL
"3700","Insects of Micronesia 6(7)","Diaspididae","Furcapis oceanica Lindiger",NULL,"Satawal","1952",NULL
"3701","Insects of Micronesia 6(7)","Diaspididae","Furcapis oceanica Lindiger",NULL,"Nomwin","1946",NULL
"3702","Insects of Micronesia 6(7)","Diaspididae","Furcapis oceanica Lindiger",NULL,"Nama","1952",NULL
"3703","Insects of Micronesia 6(7)","Diaspididae","Furcapis oceanica Lindiger",NULL,"Losap","1952",NULL
"3704","Insects of Micronesia 6(7)","Diaspididae","Furcapis oceanica Lindiger",NULL,"Pis","1952",NULL
"3705","Insects of Micronesia 6(7)","Diaspididae","Furcapis oceanica Lindiger",NULL,"Mokil","1949",NULL
"3706","Insects of Micronesia 6(7)","Diaspididae","Furcapis oceanica Lindiger",NULL,"Pingelap","1949",NULL
"3707","Insects of Micronesia 6(7)","Diaspididae","Furcapis oceanica Lindiger",NULL,"Wena(Moen)","1946",NULL
"3708","Insects of Micronesia 6(7)","Diaspididae","Furcapis oceanica Lindiger",NULL,"Tonoas(Dublon)","1948",NULL
"3709","Insects of Micronesia 6(7)","Diaspididae","Furcapis oceanica Lindiger",NULL,"Ton(Tol)","1952",NULL
"3710","Insects of Micronesia 6(7)","Diaspididae","Furcapis oceanica Lindiger",NULL,"Fefan","1946",NULL
"3711","Insects of Micronesia 6(7)","Diaspididae","Furcapis oceanica Lindiger",NULL,"Ponape","1946",NULL
"3712","Insects of Micronesia 6(7)","Diaspididae","Furcapis oceanica Lindiger",NULL,"Kusaie","1946",NULL
"3713","Insects of Micronesia 6(7)","Diaspididae","Furcapis oceanica Lindiger",NULL,"Kwajalein","1946",NULL
"3714","Insects of Micronesia 6(7)","Diaspididae","Furcapis oceanica Lindiger",NULL,"Lib","1953",NULL
"3715","Insects of Micronesia 6(7)","Diaspididae","Furcapis oceanica Lindiger",NULL,"Ailiglapalap","1910",NULL
"3716","Insects of Micronesia 6(7)","Diaspididae","Furcapis oceanica Lindiger",NULL,"Jaluit","1946",NULL
"3717","Insects of Micronesia 6(7)","Diaspididae","Furcapis oceanica Lindiger",NULL,"Likiep","1946",NULL
"3718","Insects of Micronesia 6(7)","Diaspididae","Furcapis oceanica Lindiger",NULL,"Majuro","1946",NULL
"3719","Insects of Micronesia 6(7)","Diaspididae","Furcapis oceanica Lindiger",NULL,"Arno","1950",NULL
"3720","Insects of Micronesia 6(7)","Diaspididae","Hemiberlesia cyanophylli (Signoret)",NULL,"Kwajalein","1952",NULL
"3721","Insects of Micronesia 6(7)","Diaspididae","Hemiberlesia cyanophylli (Signoret)",NULL,"Ailiglapalap","1946",NULL
"3722","Insects of Micronesia 6(7)","Diaspididae","Hemiberlesia lataniae (Signoret)",NULL,"Iwo Jima","1958",NULL
"3723","Insects of Micronesia 6(7)","Diaspididae","Hemiberlesia lataniae (Signoret)",NULL,"Saipan","1946",NULL
"3724","Insects of Micronesia 6(7)","Diaspididae","Hemiberlesia lataniae (Signoret)",NULL,"Guam","1911",NULL
"3725","Insects of Micronesia 6(7)","Diaspididae","Hemiberlesia lataniae (Signoret)",NULL,"Koror","1948",NULL
"3726","Insects of Micronesia 6(7)","Diaspididae","Hemiberlesia lataniae (Signoret)",NULL,"Yap","1949",NULL
"3727","Insects of Micronesia 6(7)","Diaspididae","Hemiberlesia lataniae (Signoret)",NULL,"Wena(Moen)","1946",NULL
"3728","Insects of Micronesia 6(7)","Diaspididae","Hemiberlesia lataniae (Signoret)",NULL,"Tonoas(Dublon)","1946",NULL
"3729","Insects of Micronesia 6(7)","Diaspididae","Hemiberlesia lataniae (Signoret)",NULL,"Udot","1946",NULL
"3730","Insects of Micronesia 6(7)","Diaspididae","Hemiberlesia lataniae (Signoret)",NULL,"Ponape","1946",NULL
"3731","Insects of Micronesia 6(7)","Diaspididae","Hemiberlesia lataniae (Signoret)",NULL,"Kusaie","1952",NULL
"3732","Insects of Micronesia 6(7)","Diaspididae","Hemiberlesia lataniae (Signoret)",NULL,"Wake","1959",NULL
"3733","Insects of Micronesia 6(7)","Diaspididae","Hemiberlesia lataniae (Signoret)",NULL,"Kwajalein","1946",NULL
"3734","Insects of Micronesia 6(7)","Diaspididae","Hemiberlesia lataniae (Signoret)",NULL,"Lib","1953",NULL
"3735","Insects of Micronesia 6(7)","Diaspididae","Hemiberlesia lataniae (Signoret)",NULL,"Majuro","1946",NULL
"3736","Insects of Micronesia 6(7)","Diaspididae","Hemiberlesia lataniae (Signoret)",NULL,"Tarawa","1957",NULL
"3737","Insects of Micronesia 6(7)","Diaspididae","Hemiberlesia palmae (Cockerell)",NULL,"Saipan","1949",NULL
"3738","Insects of Micronesia 6(7)","Diaspididae","Hemiberlesia palmae (Cockerell)",NULL,"Babelthuap","1946",NULL
"3739","Insects of Micronesia 6(7)","Diaspididae","Hemiberlesia palmae (Cockerell)",NULL,"Koror","1954",NULL
"3740","Insects of Micronesia 6(7)","Diaspididae","Hemiberlesia palmae (Cockerell)",NULL,"Ulebsehel(Auluptagel)","1958",NULL
"3741","Insects of Micronesia 6(7)","Diaspididae","Hemiberlesia palmae (Cockerell)",NULL,"Yap","1946",NULL
"3742","Insects of Micronesia 6(7)","Diaspididae","Hemiberlesia palmae (Cockerell)",NULL,"Ponape","1937",NULL
"3743","Insects of Micronesia 6(7)","Diaspididae","Hemiberlesia palmae (Cockerell)",NULL,"Kusaie","1946",NULL
"3744","Insects of Micronesia 6(7)","Diaspididae","Melanaspis bromeliae (Leonardi)",NULL,"Guam","1957",NULL
"3745","Insects of Micronesia 6(7)","Diaspididae","Melanaspis bromeliae (Leonardi)",NULL,"Ponape","1953",NULL
"3746","Insects of Micronesia 6(7)","Diaspididae","Octaspidiotus araucariae Adachi and Fullaway",NULL,"Ponape","1953",NULL
"3747","Insects of Micronesia 6(7)","Diaspididae","Pseudaonidia manilensis Robinson",NULL,"Babelthuap","1953",NULL
"3748","Insects of Micronesia 6(7)","Diaspididae","Pseudaonidia manilensis Robinson",NULL,"Koror","1953",NULL
"3749","Insects of Micronesia 6(7)","Diaspididae","Semelaspidus mangiferae Takahashi",NULL,"Koror","1952",NULL
"3750","Insects of Micronesia 6(7)","Diaspididae","Semelaspidus mangiferae Takahashi",NULL,"Ulebsehel(Auluptagel)","1958",NULL
"3751","Insects of Micronesia 6(7)","Diaspididae","Odonaspis morrisoni Beardsley",NULL,"Wena(Moen)","1954",NULL
"3752","Insects of Micronesia 6(7)","Diaspididae","Odonaspis morrisoni Beardsley",NULL,"Tonoas(Dublon)","1952",NULL
"3753","Insects of Micronesia 6(7)","Diaspididae","Odonaspis morrisoni Beardsley",NULL,"Yap","1956",NULL
"3754","Insects of Micronesia 6(7)","Diaspididae","Odonaspis penicillata Green",NULL,"Koror","1956",NULL
"3755","Insects of Micronesia 6(7)","Diaspididae","Odonaspis saccharicaulis (Zehntner)",NULL,"Koror","1953",NULL
"3756","Insects of Micronesia 6(7)","Diaspididae","Andaspis punicae (Laing)",NULL,"Guam","1954",NULL
"3757","Insects of Micronesia 6(7)","Diaspididae","Andaspis punicae (Laing)",NULL,"Koror","1953",NULL
"3758","Insects of Micronesia 6(7)","Diaspididae","Andaspis punicae (Laing)",NULL,"Peleliu","1946",NULL
"3759","Insects of Micronesia 6(7)","Diaspididae","Aulacaspis madiunensis (Zehntner)",NULL,"Koror","1953",NULL
"3760","Insects of Micronesia 6(7)","Diaspididae","Aulacaspis madiunensis (Zehntner)",NULL,"Yap","1956",NULL
"3761","Insects of Micronesia 6(7)","Diaspididae","Aulacaspis rosae (Bouché)",NULL,"Bonin","1958",NULL
"3762","Insects of Micronesia 6(7)","Diaspididae","Aulacaspis tegalensis (Zehntner)",NULL,"Yap","1954",NULL
"3763","Insects of Micronesia 6(7)","Diaspididae","Diaspis boisduvalii Signoret",NULL,"Koror","1954",NULL
"3764","Insects of Micronesia 6(7)","Diaspididae","Diaspis bromeliae (Kerner)",NULL,"Ponape","1948",NULL
"3765","Insects of Micronesia 6(7)","Diaspididae","Howardia biclavis (Comstock)",NULL,"Bonin","1905",NULL
"3766","Insects of Micronesia 6(7)","Diaspididae","Howardia biclavis (Comstock)",NULL,"Babelthuap","1956",NULL
"3767","Insects of Micronesia 6(7)","Diaspididae","Howardia biclavis (Comstock)",NULL,"Ton(Tol)","1942",NULL
"3768","Insects of Micronesia 6(7)","Diaspididae","Ischnaspis longirostris (Signoret)",NULL,"Bonin","1951",NULL
"3769","Insects of Micronesia 6(7)","Diaspididae","Ischnaspis longirostris (Signoret)",NULL,"Saipan","1946",NULL
"3770","Insects of Micronesia 6(7)","Diaspididae","Ischnaspis longirostris (Signoret)",NULL,"Guam","1936",NULL
"3771","Insects of Micronesia 6(7)","Diaspididae","Ischnaspis longirostris (Signoret)",NULL,"Babelthuap","1947",NULL
"3772","Insects of Micronesia 6(7)","Diaspididae","Lepidosaphes beckii (Newman)",NULL,"Guam","1951",NULL
"3773","Insects of Micronesia 6(7)","Diaspididae","Lepidosaphes beckii (Newman)",NULL,"Tonoas(Dublon)","1942",NULL
"3774","Insects of Micronesia 6(7)","Diaspididae","Lepidosaphes beckii (Newman)",NULL,"Ponape","1949",NULL
"3775","Insects of Micronesia 6(7)","Diaspididae","Lepidosaphes beckii (Newman)",NULL,"Kwajalein","1952",NULL
"3776","Insects of Micronesia 6(7)","Diaspididae","Lepidosaphes bladhiae (=similis?) Takahashi (?)",NULL,"Saipan","1946",NULL
"3777","Insects of Micronesia 6(7)","Diaspididae","Lepidosaphes bladhiae (=similis?) Takahashi (?)",NULL,"Tinian","1946",NULL
"3778","Insects of Micronesia 6(7)","Diaspididae","Lepidosaphes bladhiae (=similis?) Takahashi (?)",NULL,"Guam","1937",NULL
"3779","Insects of Micronesia 6(7)","Diaspididae","Lepidosaphes bladhiae (=similis?) Takahashi (?)",NULL,"Koror","1953",NULL
"3780","Insects of Micronesia 6(7)","Diaspididae","Lepidosaphes bladhiae (=similis?) Takahashi (?)",NULL,"Ngerkabesang","1953",NULL
"3781","Insects of Micronesia 6(7)","Diaspididae","Lepidosaphes bladhiae (=similis?) Takahashi (?)",NULL,"Peleliu","1946",NULL
"3782","Insects of Micronesia 6(7)","Diaspididae","Lepidosaphes bladhiae (=similis?) Takahashi (?)",NULL,"Angaur","1938",NULL
"3783","Insects of Micronesia 6(7)","Diaspididae","Lepidosaphes bladhiae (=similis?) Takahashi (?)",NULL,"Yap","1946",NULL
"3784","Insects of Micronesia 6(7)","Diaspididae","Lepidosaphes bladhiae (=similis?) Takahashi (?)",NULL,"Ponape","1937",NULL
"3785","Insects of Micronesia 6(7)","Diaspididae","Lepidosaphes bladhiae (=similis?) Takahashi (?)",NULL,"Wake","1957",NULL
"3786","Insects of Micronesia 6(7)","Diaspididae","Lepidosaphes carolinensis Beardsley",NULL,"Yap","1956",NULL
"3787","Insects of Micronesia 6(7)","Diaspididae","Lepidosaphes carolinensis Beardsley",NULL,"Koror","1936",NULL
"3788","Insects of Micronesia 6(7)","Diaspididae","Lepidosaphes esakii Takahashi",NULL,"Pagan","1959",NULL
"3789","Insects of Micronesia 6(7)","Diaspididae","Lepidosaphes esakii Takahashi",NULL,"Alamagan","1948",NULL
"3790","Insects of Micronesia 6(7)","Diaspididae","Lepidosaphes esakii Takahashi",NULL,"Anatahan","1951",NULL
"3791","Insects of Micronesia 6(7)","Diaspididae","Lepidosaphes esakii Takahashi",NULL,"Saipan","1939",NULL
"3792","Insects of Micronesia 6(7)","Diaspididae","Lepidosaphes esakii Takahashi",NULL,"Guam","1907",NULL
"3793","Insects of Micronesia 6(7)","Diaspididae","Lepidosaphes esakii Takahashi",NULL,"Woleai","1946",NULL
"3794","Insects of Micronesia 6(7)","Diaspididae","Lepidosaphes esakii Takahashi",NULL,"Faraulep","1964",NULL
"3795","Insects of Micronesia 6(7)","Diaspididae","Lepidosaphes esakii Takahashi",NULL,"Nukuoru","1946",NULL
"3796","Insects of Micronesia 6(7)","Diaspididae","Lepidosaphes esakii Takahashi",NULL,"Wena(Moen)","1946",NULL
"3797","Insects of Micronesia 6(7)","Diaspididae","Lepidosaphes esakii Takahashi",NULL,"Pis","1946",NULL
"3798","Insects of Micronesia 6(7)","Diaspididae","Lepidosaphes esakii Takahashi",NULL,"Ponape","1938",NULL
"3799","Insects of Micronesia 6(7)","Diaspididae","Lepidosaphes esakii Takahashi",NULL,"Kusaie","1946",NULL
"3800","Insects of Micronesia 6(7)","Diaspididae","Lepidosaphes esakii Takahashi",NULL,"Ujelang","1953",NULL
"3801","Insects of Micronesia 6(7)","Diaspididae","Lepidosaphes esakii Takahashi",NULL,"Eniwetok","1946",NULL
"3802","Insects of Micronesia 6(7)","Diaspididae","Lepidosaphes esakii Takahashi",NULL,"Kwajalein","1946",NULL
"3803","Insects of Micronesia 6(7)","Diaspididae","Lepidosaphes esakii Takahashi",NULL,"Lib","1953",NULL
"3804","Insects of Micronesia 6(7)","Diaspididae","Lepidosaphes esakii Takahashi",NULL,"Jaluit","1958",NULL
"3805","Insects of Micronesia 6(7)","Diaspididae","Lepidosaphes esakii Takahashi",NULL,"Namorik","1953",NULL
"3806","Insects of Micronesia 6(7)","Diaspididae","Lepidosaphes esakii Takahashi",NULL,"Likiep","1946",NULL
"3807","Insects of Micronesia 6(7)","Diaspididae","Lepidosaphes esakii Takahashi",NULL,"Majuro","1946",NULL
"3808","Insects of Micronesia 6(7)","Diaspididae","Lepidosaphes gloverii (Packard)",NULL,"Saipan","1946",NULL
"3809","Insects of Micronesia 6(7)","Diaspididae","Lepidosaphes gloverii (Packard)",NULL,"Wena(Moen)","1946",NULL
"3810","Insects of Micronesia 6(7)","Diaspididae","Lepidosaphes gloverii (Packard)",NULL,"Ponape","1946",NULL
"3811","Insects of Micronesia 6(7)","Diaspididae","Lepidosaphes micronesiensis Takahashi",NULL,"Ponape","1939",NULL
"3812","Insects of Micronesia 6(7)","Diaspididae","Lepidosaphes palauensis Beardsley",NULL,"Ngurukdabel(Urukthapel)","1953",NULL
"3813","Insects of Micronesia 6(7)","Diaspididae","Lepidosaphes palauensis Beardsley",NULL,"Babelthuap","1953",NULL
"3814","Insects of Micronesia 6(7)","Diaspididae","Lepidosaphes spinulosa Beardsley (=laterochitinosa Green?)",NULL,"Koror","1954",NULL
"3815","Insects of Micronesia 6(7)","Diaspididae","Lepidosaphes spinulosa Beardsley (=laterochitinosa Green?)",NULL,"Guam","1936",NULL
"3816","Insects of Micronesia 6(7)","Diaspididae","Lepidosaphes tokionis (Kuwana)",NULL,"Guam","1954",NULL
"3817","Insects of Micronesia 6(7)","Diaspididae","Lepidosaphes tokionis (Kuwana)",NULL,"Koror","1954",NULL
"3818","Insects of Micronesia 6(7)","Diaspididae","Lepidosaphes tokionis (Kuwana)",NULL,"Yap","1954",NULL
"3819","Insects of Micronesia 6(7)","Diaspididae","Lepidosaphes ulapa Beardsley",NULL,"Koror","1954",NULL
"3820","Insects of Micronesia 6(7)","Diaspididae","Palauaspis multiductus Beardsley",NULL,"Ngerkabesang","1954",NULL
"3821","Insects of Micronesia 6(7)","Diaspididae","Parlatoria cinerea Hadden",NULL,"Saipan","1939",NULL
"3822","Insects of Micronesia 6(7)","Diaspididae","Parlatoria crotonis Douglas",NULL,"Koror","1954",NULL
"3823","Insects of Micronesia 6(7)","Diaspididae","Parlatoria crotonis Douglas",NULL,"Wena(Moen)","1952",NULL
"3824","Insects of Micronesia 6(7)","Diaspididae","Parlatoria pergandii Comstock",NULL,"Wena(Moen)","1941",NULL
"3825","Insects of Micronesia 6(7)","Diaspididae","Parlatoria pergandii Comstock",NULL,"Ponape","1946",NULL
"3826","Insects of Micronesia 6(7)","Diaspididae","Parlatoria proteus (Curtis)",NULL,"Bonin","1909",NULL
"3827","Insects of Micronesia 6(7)","Diaspididae","Parlatoria proteus (Curtis)",NULL,"Guam","1936",NULL
"3828","Insects of Micronesia 6(7)","Diaspididae","Parlatoria proteus (Curtis)",NULL,"Babelthuap","1947",NULL
"3829","Insects of Micronesia 6(7)","Diaspididae","Parlatoria proteus (Curtis)",NULL,"Ngerkabesang","1953",NULL
"3830","Insects of Micronesia 6(7)","Diaspididae","Parlatoria proteus (Curtis)",NULL,"Yap","1946",NULL
"3831","Insects of Micronesia 6(7)","Diaspididae","Parlatoria proteus (Curtis)",NULL,"Nukuoru","1946",NULL
"3832","Insects of Micronesia 6(7)","Diaspididae","Parlatoria proteus (Curtis)",NULL,"Ton(Tol)","1946",NULL
"3833","Insects of Micronesia 6(7)","Diaspididae","Parlatoria proteus (Curtis)",NULL,"Ponape","1946",NULL
"3834","Insects of Micronesia 6(7)","Diaspididae","Parlatoria proteus (Curtis)",NULL,"Kusaie","1946",NULL
"3835","Insects of Micronesia 6(7)","Diaspididae","Parlatoria zizyphus (Lucas)",NULL,"Babelthuap","1946",NULL
"3836","Insects of Micronesia 6(7)","Diaspididae","Parlatoria zizyphus (Lucas)",NULL,"Koror","1947",NULL
"3837","Insects of Micronesia 6(7)","Diaspididae","Parlatoria zizyphus (Lucas)",NULL,"Ponape","1949",NULL
"3838","Insects of Micronesia 6(7)","Diaspididae","Phenacaspis cockerelli (Cooley)",NULL,"Bonin","1958",NULL
"3839","Insects of Micronesia 6(7)","Diaspididae","Phenacaspis inday (Banks)",NULL,"Guam","1946",NULL
"3840","Insects of Micronesia 6(7)","Diaspididae","Phenacaspis inday (Banks)",NULL,"Babelthuap","1938",NULL
"3841","Insects of Micronesia 6(7)","Diaspididae","Phenacaspis inday (Banks)",NULL,"Koror","1936",NULL
"3842","Insects of Micronesia 6(7)","Diaspididae","Phenacaspis inday (Banks)",NULL,"Yap","1941",NULL
"3843","Insects of Micronesia 6(7)","Diaspididae","Pinnaspis aspidistrae (Signoret)",NULL,"Koror","1953",NULL
"3844","Insects of Micronesia 6(7)","Diaspididae","Pinnaspis aspidistrae (Signoret)",NULL,"Ponape","1939",NULL
"3845","Insects of Micronesia 6(7)","Diaspididae","Pinnaspis buxi (Bouché)",NULL,"Guam","1954",NULL
"3846","Insects of Micronesia 6(7)","Diaspididae","Pinnaspis buxi (Bouché)",NULL,"Ponape","1953",NULL
"3847","Insects of Micronesia 6(7)","Diaspididae","Pinnaspis strachani (Cooley)",NULL,"Rota","1946",NULL
"3848","Insects of Micronesia 6(7)","Diaspididae","Pinnaspis strachani (Cooley)",NULL,"Guam","1946",NULL
"3849","Insects of Micronesia 6(7)","Diaspididae","Pinnaspis strachani (Cooley)",NULL,"Koror","1954",NULL
"3850","Insects of Micronesia 6(7)","Diaspididae","Pinnaspis strachani (Cooley)",NULL,"Yap","1949",NULL
"3851","Insects of Micronesia 6(7)","Diaspididae","Pinnaspis strachani (Cooley)",NULL,"Pingelap","1949",NULL
"3852","Insects of Micronesia 6(7)","Diaspididae","Pinnaspis strachani (Cooley)",NULL,"Wena(Moen)","1952",NULL
"3853","Insects of Micronesia 6(7)","Diaspididae","Pinnaspis strachani (Cooley)",NULL,"Ponape","1939",NULL
"3854","Insects of Micronesia 6(7)","Diaspididae","Pinnaspis strachani (Cooley)",NULL,"Wake","1939",NULL
"3855","Insects of Micronesia 6(7)","Diaspididae","Pinnaspis strachani (Cooley)",NULL,"Kwajalein","1946",NULL
"3856","Insects of Micronesia 6(7)","Diaspididae","Pinnaspis strachani (Cooley)",NULL,"Tarawa","1956",NULL
"3857","Insects of Micronesia 6(7)","Diaspididae","Pinnaspis strachani (Cooley)",NULL,"Namorik","1953",NULL
"3858","Insects of Micronesia 6(7)","Diaspididae","Pinnaspis strachani (Cooley)",NULL,"Ebon","1953",NULL
"3859","Insects of Micronesia 6(7)","Diaspididae","Pinnaspis strachani (Cooley)",NULL,"Ocean Island","1957",NULL
"3860","Insects of Micronesia 6(7)","Diaspididae","Pseudaulacaspis pentagonia (Targioni-Tozzetti)",NULL,"Saipan","1946",NULL
"3861","Insects of Micronesia 6(7)","Diaspididae","Pseudaulacaspis pentagonia (Targioni-Tozzetti)",NULL,"Guam","1954",NULL
"3862","Insects of Micronesia 6(7)","Diaspididae","Pseudaulacaspis pentagonia (Targioni-Tozzetti)",NULL,"Koror","1946",NULL
"3863","Insects of Micronesia 6(7)","Diaspididae","Pseudaulacaspis pentagonia (Targioni-Tozzetti)",NULL,"Faraulep","1953",NULL
"3864","Insects of Micronesia 6(7)","Diaspididae","Pseudaulacaspis pentagonia (Targioni-Tozzetti)",NULL,"Wena(Moen)","1948",NULL
"3865","Insects of Micronesia 6(7)","Diaspididae","Radionaspis indica (Marlatt)",NULL,"Koror","1953",NULL
"3866","Insects of Micronesia 6(7)","Diaspididae","Unaspis citri (Comstock)",NULL,"Ponape","1949",NULL
"3867","Insects of Micronesia 6(1)","Aleyrodidae","Dialeurodes kirkaldyi (Kotinsky)",NULL,"Saipan","1939",NULL
"3868","Insects of Micronesia 6(6)","Psyllidae","Mesohomotoma hibisci (Froggatt)",NULL,"Bonin Is.","1949",NULL
"3869","Insects of Micronesia 6(6)","Psyllidae","Mesohomotoma hibisci (Froggatt)",NULL,"Volcano Is.","1945",NULL
"3870","Insects of Micronesia 6(6)","Psyllidae","Mesohomotoma hibisci (Froggatt)",NULL,"Agrihan","1945",NULL
"3871","Insects of Micronesia 6(6)","Psyllidae","Mesohomotoma hibisci (Froggatt)",NULL,"Saipan","1945",NULL
"3872","Insects of Micronesia 6(6)","Psyllidae","Mesohomotoma hibisci (Froggatt)",NULL,"Babelthuap","1947",NULL
"3873","Insects of Micronesia 6(6)","Psyllidae","Mesohomotoma hibisci (Froggatt)",NULL,"Kolonia","1949",NULL
"3874","Insects of Micronesia 6(6)","Psyllidae","Mesohomotoma hibisci (Froggatt)",NULL,"Woleai","1952",NULL
"3875","Insects of Micronesia 6(6)","Psyllidae","Mesohomotoma hibisci (Froggatt)",NULL,"Ponape","1948",NULL
"3876","Insects of Micronesia 6(6)","Psyllidae","Mesohomotoma hibisci (Froggatt)",NULL,"Kusaie","1953",NULL
"3877","Insects of Micronesia 6(6)","Psyllidae","Nesiope ornata Kirkaldy",NULL,"Guam","1936",NULL
"3878","Insects of Micronesia 6(6)","Psyllidae","Nesiope ornata Kirkaldy",NULL,"Truk","1939",NULL
"3879","Insects of Micronesia 6(6)","Psyllidae","Nesiope ornata Kirkaldy",NULL,"Ponape","1937",NULL
"3880","Insects of Micronesia 6(6)","Psyllidae","Leptynoptera sulfurea Crawford",NULL,"Guam","1936",NULL
"3881","Insects of Micronesia 6(6)","Psyllidae","Leptynoptera sulfurea Crawford",NULL,"Koror","1953",NULL
"3882","Insects of Micronesia 6(6)","Psyllidae","Leptynoptera sulfurea Crawford",NULL,"Yap","1952",NULL
"3883","Insects of Micronesia 6(6)","Psyllidae","Leptynoptera sulfurea Crawford",NULL,"Tobi","1952",NULL
"3884","Insects of Micronesia 6(6)","Psyllidae","Leptynoptera sulfurea Crawford",NULL,"Ponape","1950",NULL
"3885","Insects of Micronesia 6(6)","Psyllidae","Leptynoptera sulfurea Crawford",NULL,"Kusaie","1950",NULL
"3886","Insects of Micronesia 6(6)","Psyllidae","Chineura latipennnis Tuthill",NULL,"Guam","1947",NULL
"3887","Insects of Micronesia 6(6)","Psyllidae","Chineura paucivena Tuthill",NULL,"Palau","1948",NULL
"3888","Insects of Micronesia 6(6)","Psyllidae","Trigonon longicornis (Crawford)",NULL,"Babelthuap","1952",NULL
"3889","Insects of Micronesia 6(6)","Psyllidae","Trigonon longicornis (Crawford)",NULL,"Yap","1951",NULL
"3890","Insects of Micronesia 6(6)","Psyllidae","Epipslla albolineata Kuwayama",NULL,"Babelthuap","1947",NULL
"3891","Insects of Micronesia 6(6)","Psyllidae","Insnesia disjuncta Tuthill",NULL,"Dublon","1946",NULL
"3892","Insects of Micronesia 6(6)","Psyllidae","Insnesia clara (Tuthill)",NULL,"Wapar","1936",NULL
"3893","Insects of Micronesia 6(6)","Psyllidae","Insnesia clara (Tuthill)",NULL,"Kusaie","1953",NULL
"3894","Insects of Micronesia 6(6)","Psyllidae","Insnesia extrema (Tuthill)",NULL,"Saipan","1940",NULL
"3895","Insects of Micronesia 6(6)","Psyllidae","Insnesia extrema (Tuthill)",NULL,"Guam","1946",NULL
"3896","Insects of Micronesia 6(6)","Psyllidae","Insnesia glabrascuta (Caldwell)",NULL,"Saipan","1946",NULL
"3897","Insects of Micronesia 6(6)","Psyllidae","Insnesia glabrascuta (Caldwell)",NULL,"Rota","1946",NULL
"3898","Insects of Micronesia 6(6)","Psyllidae","Insnesia glabrascuta (Caldwell)",NULL,"Guam","1945",NULL
"3899","Insects of Micronesia 6(6)","Psyllidae","Isogonoceraia venusta Tuthill",NULL,"Tinian","1946",NULL
"3900","Insects of Micronesia 6(6)","Psyllidae","Isogonoceraia venusta Tuthill",NULL,"Saipan","1945",NULL
"3901","Insects of Micronesia 6(6)","Psyllidae","Trioza guama Caldwell",NULL,"Pagan","1940",NULL
"3902","Insects of Micronesia 6(6)","Psyllidae","Trioza guama Caldwell",NULL,"Tnian","1945",NULL
"3903","Insects of Micronesia 6(6)","Psyllidae","Trioza guama Caldwell",NULL,"Guam","1936",NULL
"3904","Insects of Micronesia 6(6)","Psyllidae","Triosa suavis Tuthill",NULL,"Guam","1957",NULL
"3905","Insects of Micronesia 6(6)","Psyllidae","Triosa suavis Tuthill",NULL,"Babelthuap","1938",NULL
"3906","Insects of Micronesia 6(6)","Psyllidae","Triosza disjuncta Tuthill",NULL,"Babelthuap","1939",NULL
"3907","Insects of Micronesia 6(6)","Psyllidae","Trioza indigena Tuthill",NULL,"Ponape","1939",NULL
"3908","Insects of Micronesia 6(6)","Psyllidae","Trioza lyra Tuthill",NULL,"Ponape","1939",NULL
"3909","Insects of Micronesia 6(6)","Psyllidae","Trioza (Megatioza) vitiensis Kirkaldy",NULL,"Ponape","1938",NULL
"3910","Insects of Micronesia 6(6)","Psyllidae","Trioza(Megatrioza) swezeyi (Crawford)",NULL,"Babelthuap","1952",NULL
"3911","Insects of Micronesia 6(6)","Psyllidae","Trioza (Megatrioza) praelonga Tuthill",NULL,"Kusaie","1953",NULL
"3912","Insects of Micronesia 6(6)","Psyllidae","Trioza (Megatrioza) fulgidiceps Tuthill",NULL,"Babelthuap","1947",NULL
"3913","Insects of Micronesia 6(6)","Psyllidae","Trioza (Megatioza) catillus Tuthill",NULL,"Saipan","1945",NULL
"3914","Insects of Micronesia 6(5)","Cicadellidae","Agallia oceanides Linnavuori",NULL,"Ponape","1950",NULL
"3915","Insects of Micronesia 6(5)","Cicadellidae","Batrachomorphus viridoflavidus (metcalf)",NULL,"Guam","1936",NULL
"3916","Insects of Micronesia 6(5)","Cicadellidae","Batrachomorphus viridoflavidus (metcalf)",NULL,"Babelthuap","1947",NULL
"3917","Insects of Micronesia 6(5)","Cicadellidae","Batrachomorphus viridoflavidus (metcalf)",NULL,"Yap","1939",NULL
"3918","Insects of Micronesia 6(5)","Cicadellidae","Batrachomorphus viridoflavidus (metcalf)",NULL,"Caroline Atolls","1946",NULL
"3919","Insects of Micronesia 6(5)","Cicadellidae","Batrachomorphus viridoflavidus (metcalf)",NULL,"Truk","1946",NULL
"3920","Insects of Micronesia 6(5)","Cicadellidae","Batrachomorphus viridoflavidus (metcalf)",NULL,"Ponape","1938",NULL
"3921","Insects of Micronesia 6(5)","Cicadellidae","Batrachomorphus viridoflavidus (metcalf)",NULL,"Kusaie","1953",NULL
"3922","Insects of Micronesia 6(5)","Cicadellidae","Batrachomorphus atrifons (Metcalf)",NULL,"Saipan","1936",NULL
"3923","Insects of Micronesia 6(5)","Cicadellidae","Batrachomorphus harpago Linnavuori",NULL,"Kusaie","1953",NULL
"3924","Insects of Micronesia 6(5)","Cicadellidae","Batrachomorphus curvatus Linnavuori",NULL,"Peleliu","1945",NULL
"3925","Insects of Micronesia 6(5)","Cicadellidae","Batrachomorphus ogasawarensis (Matsumura)",NULL,"Bonin Is.","1912",NULL
"3926","Insects of Micronesia 6(5)","Cicadellidae","Pedioscopus tutuilanus Linnavuori",NULL,"Yap","1952",NULL
"3927","Insects of Micronesia 6(5)","Cicadellidae","Pedioscopus amabilis Linnavuori",NULL,"Palau","1952",NULL
"3928","Insects of Micronesia 6(5)","Cicadellidae","Alebroides boninensis Matsumura",NULL,"Bonin Is.","1905",NULL
"3929","Insects of Micronesia 6(5)","Cicadellidae","Alebroides flavonigra Linnavuori",NULL,"Ponape","1946",NULL
"3930","Insects of Micronesia 6(5)","Cicadellidae","Empoasca nocturna Linnavuori",NULL,"Palau","1953",NULL
"3931","Insects of Micronesia 6(5)","Cicadellidae","Empoasca acuticeps Linnavuori",NULL,"Palau","1952",NULL
"3932","Insects of Micronesia 6(5)","Cicadellidae","Empoasca fumatipennis Linnavuori",NULL,"Palau","1953",NULL
"3933","Insects of Micronesia 6(5)","Cicadellidae","Empoasca morindae Metcalf",NULL,"Guam","1936",NULL
"3934","Insects of Micronesia 6(5)","Cicadellidae","Empoasca morindae Metcalf",NULL,"Truk","1937",NULL
"3935","Insects of Micronesia 6(5)","Cicadellidae","Empoasca morindae Metcalf",NULL,"Ponape","1937",NULL
"3936","Insects of Micronesia 6(5)","Cicadellidae","Empoasca barringtoniae Metcalf",NULL,"Guam","1936",NULL
"3937","Insects of Micronesia 6(5)","Cicadellidae","Empoasca ngatpangensis Linnavuori",NULL,"Babelthuap","1952",NULL
"3938","Insects of Micronesia 6(5)","Cicadellidae","Empoasca puncticeps Linnavuori",NULL,"Palau","1954",NULL
"3939","Insects of Micronesia 6(5)","Cicadellidae","Empoasca yona Metcalf",NULL,"Guam","1936",NULL
"3940","Insects of Micronesia 6(5)","Cicadellidae","Empoasca pitiensis Metcalf",NULL,"Guam","1936",NULL
"3941","Insects of Micronesia 6(5)","Cicadellidae","Empoasca boninensis (Matsumura)",NULL,"Bonin Is.","1905",NULL
"3942","Insects of Micronesia 6(5)","Cicadellidae","Empoasca dentistylus Linnavuori",NULL,"Palau","1952",NULL
"3943","Insects of Micronesia 6(5)","Cicadellidae","Empoasca crenulata Linnavuori",NULL,"Sonsorol","1952",NULL
"3944","Insects of Micronesia 6(5)","Cicadellidae","Empoasca Xanthopus Linnavuori",NULL,"Palau","1953",NULL
"3945","Insects of Micronesia 6(5)","Cicadellidae","Empoasca esakii Linnavuori",NULL,"Ponape","1939",NULL
"3946","Insects of Micronesia 6(5)","Cicadellidae","Empoasca sesuvii Linnavuori",NULL,"Wake","1923",NULL
"3947","Insects of Micronesia 6(5)","Cicadellidae","Empoasca Macarangae Metcalf",NULL,"Guam","1936",NULL
"3948","Insects of Micronesia 6(5)","Cicadellidae","Empoasca Macarangae Metcalf",NULL,"Yap","1946",NULL
"3949","Insects of Micronesia 6(5)","Cicadellidae","Empoasca pipturi Metcalf",NULL,"Guam","1936",NULL
"3950","Insects of Micronesia 6(5)","Cicadellidae","Empoasca fuscovitta Metcalf",NULL,"Guam","1936",NULL
"3951","Insects of Micronesia 6(5)","Cicadellidae","Empoasca bipunctulata Metcalf",NULL,"Guam","1936",NULL
"3952","Insects of Micronesia 6(5)","Cicadellidae","Empoasca colorata Linavuori",NULL,"Kusaie","1953",NULL
"3953","Insects of Micronesia 6(5)","Cicadellidae","Empoasca colorata var.rubropunctata Linnavuori",NULL,"Ponape","1953",NULL
"3954","Insects of Micronesia 6(5)","Cicadellidae","Erythroneura macarangae Linnavuori",NULL,"Yap","1946",NULL
"3955","Insects of Micronesia 6(5)","Cicadellidae","Erythroneura marthae linnavuoti",NULL,"Truk","1952",NULL
"3956","Insects of Micronesia 6(5)","Cicadellidae","Pactana elegantula Linnavuori",NULL,"Yap","1952",NULL
"3957","Insects of Micronesia 6(5)","Cicadellidae","Pactana elegantula Linnavuori",NULL,"Babelthuap","1952",NULL
"3958","Insects of Micronesia 6(5)","Cicadellidae","Pactana ornata Linnavuori",NULL,"Truk","1953",NULL
"3959","Insects of Micronesia 6(5)","Cicadellidae","Parabolocratus gressiti Linnavuori",NULL,"Babelthuap","1947",NULL
"3960","Insects of Micronesia 6(5)","Cicadellidae","Parabolocratus gressiti Linnavuori",NULL,"Yap","1952",NULL
"3961","Insects of Micronesia 6(5)","Cicadellidae","Parabolocratus gressiti Linnavuori",NULL,"Ponape","1950",NULL
"3962","Insects of Micronesia 6(5)","Cicadellidae","Parabolocratus gressiti Linnavuori",NULL,"Ulithi Atolls","1952",NULL
"3963","Insects of Micronesia 6(5)","Cicadellidae","Tartessus ferrugineus proximus Linnavuori",NULL,"Bonin Is.","1949",NULL
"3964","Insects of Micronesia 6(5)","Cicadellidae","Tartessus swezeyi Metcalf",NULL,"Rota","1936",NULL
"3965","Insects of Micronesia 6(5)","Cicadellidae","Tartessus swezeyi Metcalf",NULL,"Guam","1936",NULL
"3966","Insects of Micronesia 6(5)","Cicadellidae","Tartessus cristatus Linnavuori",NULL,"Saipan","1939",NULL
"3967","Insects of Micronesia 6(5)","Cicadellidae","Tartessus cristatus Linnavuori",NULL,"Tinian","1945",NULL
"3968","Insects of Micronesia 6(5)","Cicadellidae","Tartessus cristatus Linnavuori",NULL,"Agiguan","1952",NULL
"3969","Insects of Micronesia 6(5)","Cicadellidae","Tartessus ochraceus Metcalf",NULL,"Guam","1936",NULL
"3970","Insects of Micronesia 6(5)","Cicadellidae","Tartessus fieberi sycipantus Linnavuori",NULL,"Babelthuap","1952",NULL
"3971","Insects of Micronesia 6(5)","Cicadellidae","Tartessus fieberi sycipantus Linnavuori",NULL,"Yap","1939",NULL
"3972","Insects of Micronesia 6(5)","Cicadellidae","Coelidia boninensis Matsumura",NULL,"Bonin Is.","1905",NULL
"3973","Insects of Micronesia 6(5)","Cicadellidae","Coelidia ogasawatrensis Matsumura",NULL,"Bonin Is.","1914",NULL
"3974","Insects of Micronesia 6(5)","Cicadellidae","Coelidia fuscovenosa Matsumura",NULL,"Bonin Is","1914",NULL
"3975","Insects of Micronesia 6(5)","Cicadellidae","Coelidia nigrifons Matsumura",NULL,"Bonin Is.","1931",NULL
"3976","Insects of Micronesia 6(5)","Cicadellidae","Coelidia virescens Matsumura",NULL,"Bonin Is.","1914",NULL
"3977","Insects of Micronesia 6(5)","Cicadellidae","Coelidia insularis Matsumura",NULL,"Bonin Is","1914",NULL
"3978","Insects of Micronesia 6(5)","Cicadellidae","Coelidia insualris var.lineatofrons Matsumura",NULL,"Bonin Is.","1914",NULL
"3979","Insects of Micronesia 6(5)","Cicadellidae","Tharra ocellata Metcalf",NULL,"Rota","1936",NULL
"3980","Insects of Micronesia 6(5)","Cicadellidae","Tharra rubrovittata Metcalf",NULL,"Babelthuap","1950",NULL
"3981","Insects of Micronesia 6(5)","Cicadellidae","Tharra flavomaculata flavomaculata Metcalf",NULL,"Truk","1939",NULL
"3982","Insects of Micronesia 6(5)","Cicadellidae","Tharra flavomaculata ponapensis Linnavuori",NULL,"Ponape","1948",NULL
"3983","Insects of Micronesia 6(5)","Cicadellidae","Tharra flavomaculata superva Linnavuori",NULL,"Kusaie","1946",NULL
"3984","Insects of Micronesia 6(5)","Cicadellidae","Tharra flavomaculata palauensis Linnavuori",NULL,"Palau","1948",NULL
"3985","Insects of Micronesia 6(5)","Cicadellidae","Tharra flavomaculata yapicola Linnavuori",NULL,"Yap","1949",NULL
"3986","Insects of Micronesia 6(5)","Cicadellidae","Xestocephalus izzardi izzardi Metcalf",NULL,"Palau","1952",NULL
"3987","Insects of Micronesia 6(5)","Cicadellidae","Xestocephalus izzardi sodalis Linnavuori",NULL,"Ponape","1948",NULL
"3988","Insects of Micronesia 6(5)","Cicadellidae","Xestocephalus izzardi sodalis Linnavuori",NULL,"Tinian","1945",NULL
"3989","Insects of Micronesia 6(5)","Cicadellidae","Xestocephalus izzardi sodalis Linnavuori",NULL,"Babelthuap","1945",NULL
"3990","Insects of Micronesia 6(5)","Cicadellidae","Xestocephalus izzardi sodalis Linnavuori",NULL,"Yap","1950",NULL
"3991","Insects of Micronesia 6(5)","Cicadellidae","Xestocephalus izzardi sodalis Linnavuori",NULL,"Truk","1946",NULL
"3992","Insects of Micronesia 6(5)","Cicadellidae","Xestocephalus izzardi sodalis Linnavuori",NULL,"Kusaie","1953",NULL
"3993","Insects of Micronesia 6(5)","Cicadellidae","Xestocephalus izzardi dissimilis Linnavuori",NULL,"Babelthuap","1947",NULL
"3994","Insects of Micronesia 6(5)","Cicadellidae","Oceanopona croceipennis Linnavuori",NULL,"Ponape","1953",NULL
"3995","Insects of Micronesia 6(5)","Cicadellidae","Oceanopona croceipennis Linnavuori",NULL,"Kusaie","1953",NULL
"3996","Insects of Micronesia 6(5)","Cicadellidae","Deltocephalus problematicus Linnavuori",NULL,"Babelthuap","1952",NULL
"3997","Insects of Micronesia 6(5)","Cicadellidae","Deltocephalus (Insulanus) subviridis (metcalf)",NULL,"Saipan","1936",NULL
"3998","Insects of Micronesia 6(5)","Cicadellidae","Deltocephalus (Insulanus) subviridis (metcalf)",NULL,"Babelthuap","1939",NULL
"3999","Insects of Micronesia 6(5)","Cicadellidae","Deltocephalus (Insulanus) subviridis (metcalf)",NULL,"Yap","1950",NULL
"4000","Insects of Micronesia 6(5)","Cicadellidae","Deltocephalus (Insulanus) subviridis (metcalf)",NULL,"Caroline Atolls","1952",NULL
"4001","Insects of Micronesia 6(5)","Cicadellidae","Deltocephalus (Insulanus) subviridis (metcalf)",NULL,"Truk","1940",NULL
"4002","Insects of Micronesia 6(5)","Cicadellidae","Deltocephalus (Insulanus) subviridis (metcalf)",NULL,"Ponape","1948",NULL
"4003","Insects of Micronesia 6(5)","Cicadellidae","Deltocephalus (Insulanus) subviridis (metcalf)",NULL,"Marshall Is.","1951",NULL
"4004","Insects of Micronesia 6(5)","Cicadellidae","Deltocephalus (Insulanus) hospes Kirkaldy",NULL,"Guam","1945",NULL
"4005","Insects of Micronesia 6(5)","Cicadellidae","Inemadara distincta (Motschulsky)",NULL,"Saipan","1945",NULL
"4006","Insects of Micronesia 6(5)","Cicadellidae","Inemadara distincta (Motschulsky)",NULL,"Babelthuap","1947",NULL
"4007","Insects of Micronesia 6(5)","Cicadellidae","Inemadara distincta (Motschulsky)",NULL,"Yap","1939",NULL
"4008","Insects of Micronesia 6(5)","Cicadellidae","Aconura grandis Matsumura",NULL,"Japan","1932",NULL
"4009","Insects of Micronesia 6(5)","Cicadellidae","Aconura grandis Matsumura",NULL,"Formosa","1953",NULL
"4010","Insects of Micronesia 6(5)","Cicadellidae","Exitianus capicola (Stal)",NULL,"Saipan","1936",NULL
"4011","Insects of Micronesia 6(5)","Cicadellidae","Exitianus capicola (Stal)",NULL,"Yap","1951",NULL
"4012","Insects of Micronesia 6(5)","Cicadellidae","Exitianus capicola (Stal)",NULL,"Caroline Atolls","1949",NULL
"4013","Insects of Micronesia 6(5)","Cicadellidae","Exitianus capicola (Stal)",NULL,"Truk","1940",NULL
"4014","Insects of Micronesia 6(5)","Cicadellidae","Exitianus capicola (Stal)",NULL,"Ponape","1946",NULL
"4015","Insects of Micronesia 6(5)","Cicadellidae","Exitianus capicola (Stal)",NULL,"Kusaie","1937",NULL
"4016","Insects of Micronesia 6(5)","Cicadellidae","Exitianus capicola (Stal)",NULL,"Marshall Is.","1950",NULL
"4017","Insects of Micronesia 6(5)","Cicadellidae","Exitianus simillimus (matsumura)",NULL,"Caroline Atolls","1952",NULL
"4018","Insects of Micronesia 6(5)","Cicadellidae","Nephotettix apicalis apicalis (Motshulsky)",NULL,"Saipan","1936",NULL
"4019","Insects of Micronesia 6(5)","Cicadellidae","Nephotettix apicalis apicalis (Motshulsky)",NULL,"Babelthuap","1939",NULL
"4020","Insects of Micronesia 6(5)","Cicadellidae","Nephotettix apicalis yapicola Linnavuori",NULL,"Yap","1950",NULL
"4021","Insects of Micronesia 6(5)","Cicadellidae","Nephotettix apicalis yapicola Linnavuori",NULL,"Babelthuap","1947",NULL
"4022","Insects of Micronesia 6(5)","Cicadellidae","Opianus picturatus (Metcalf)",NULL,"Guam","1936",NULL
"4023","Insects of Micronesia 6(5)","Cicadellidae","Satsumanus breviceps Linnavuori",NULL,"Palau","1952",NULL
"4024","Insects of Micronesia 6(5)","Cicadellidae","Satsumanus breviceps Linnavuori",NULL,"Kusaie","1953",NULL
"4025","Insects of Micronesia 6(5)","Cicadellidae","Nesophrosyne argentatus (Evans)",NULL,"Saipan","1944",NULL
"4026","Insects of Micronesia 6(5)","Cicadellidae","Nesophrosyne argentatus (Evans)",NULL,"Babelthuap","1947",NULL
"4027","Insects of Micronesia 6(5)","Cicadellidae","Nesophrosyne argentatus (Evans)",NULL,"Yap","1950",NULL
"4028","Insects of Micronesia 6(5)","Cicadellidae","Nesophrosyne argentatus (Evans)",NULL,"Marshall Is.","1952",NULL
"4029","Insects of Micronesia 6(5)","Cicadellidae","Nesophrosyne argentatus var. distans Linnavuori",NULL,"Wake","1923",NULL
"4030","Insects of Micronesia 6(5)","Cicadellidae","Athysanus ogasawarensis Matsumura",NULL,"Bonin Is.","1954",NULL
"4031","Insects of Micronesia 6(5)","Cicadellidae","Bhatia boninensis (matsumura)",NULL,"Bonin Is.","1854",NULL
"4032","Insects of Micronesia 6(5)","Cicadellidae","Jamitettrix guamensis Metcalf",NULL,"Saipan","1940",NULL
"4033","Insects of Micronesia 6(5)","Cicadellidae","Jamitettrix guamensis Metcalf",NULL,"Rota","1946",NULL
"4034","Insects of Micronesia 6(5)","Cicadellidae","Jamitettix metcalfi Linnavuori",NULL,"Yap","1952",NULL
"4035","Insects of Micronesia 6(5)","Cicadellidae","Jamitettix metcalfi Linnavuori",NULL,"Palau","1952",NULL
"4036","Insects of Micronesia 6(5)","Cicadellidae","Drabescus flavicollis Linnavuori",NULL,"Ponape","1953",NULL
"4037","Insects of Micronesia 6(5)","Cicadellidae","Drabescus modestus Linnavuori",NULL,"Kusaie","1953",NULL
"4038","Insects of Micronesia 6(5)","Cicadellidae","Irinula erythrocephala (Ferrari)",NULL,"Bonin Is.","1953",NULL
"4039","Insects of Micronesia 6(5)","Cicadellidae","Irinula declivata Linnavuori",NULL,"Tobi","1952",NULL
"4040","Insects of Micronesia 6(5)","Cicadellidae","Cicadulina bipunctella (Matsumura)",NULL,"Bonin Is","1954",NULL
"4041","Insects of Micronesia 6(5)","Cicadellidae","Cicadulina bipunctella (Matsumura)",NULL,"Saipan","1945",NULL
"4042","Insects of Micronesia 6(5)","Cicadellidae","Cicadulina bipunctella (Matsumura)",NULL,"Guam","1936",NULL
"4043","Insects of Micronesia 6(5)","Cicadellidae","Cicadulina bipunctella (Matsumura)",NULL,"Babelthuap","1948",NULL
"4044","Insects of Micronesia 6(5)","Cicadellidae","Cicadulina bipunctella (Matsumura)",NULL,"Yap","1950",NULL
"4045","Insects of Micronesia 6(5)","Cicadellidae","Cicadulina bipunctella (Matsumura)",NULL,"Caroline Atolls","1952",NULL
"4046","Insects of Micronesia 6(5)","Cicadellidae","Balclutha trilineata Linnavuori",NULL,"Yap","1952",NULL
"4047","Insects of Micronesia 6(5)","Cicadellidae","Balclutha trilineata Linnavuori",NULL,"Babelthuap","1947",NULL
"4048","Insects of Micronesia 6(5)","Cicadellidae","Balclutha barbiventris Linnavuori",NULL,"Babelthuap","1947",NULL
"4049","Insects of Micronesia 6(5)","Cicadellidae","Balclutha barbiventris Linnavuori",NULL,"Yap","1952",NULL
"4050","Insects of Micronesia 6(5)","Cicadellidae","Balclutha rufofasciata Merino",NULL,"Palau","1952",NULL
"4051","Insects of Micronesia 6(5)","Cicadellidae","Balclutha rufofasciata Merino",NULL,"Yap","1950",NULL
"4052","Insects of Micronesia 6(5)","Cicadellidae","Balclutha spiniloba Linnavuori",NULL,"Babelthuap","1947",NULL
"4053","Insects of Micronesia 6(5)","Cicadellidae","Balclutha spiniloba Linnavuori",NULL,"Yap","1952",NULL
"4054","Insects of Micronesia 6(5)","Cicadellidae","Balclutha spiniloba Linnavuori",NULL,"Ponape","1938",NULL
"4055","Insects of Micronesia 6(5)","Cicadellidae","Balclutha rosea (Scott)",NULL,"Ponape","1937",NULL
"4056","Insects of Micronesia 6(5)","Cicadellidae","Balclutha hebe (kirkaldy)",NULL,"Volcano Is.","1945",NULL
"4057","Insects of Micronesia 6(5)","Cicadellidae","Balclutha hebe (kirkaldy)",NULL,"Saipan","1946",NULL
"4058","Insects of Micronesia 6(5)","Cicadellidae","Balclutha hebe (kirkaldy)",NULL,"Guam","1946",NULL
"4059","Insects of Micronesia 6(5)","Cicadellidae","Balclutha hebe (kirkaldy)",NULL,"Babelthuap","1952",NULL
"4060","Insects of Micronesia 6(5)","Cicadellidae","Balclutha hebe (kirkaldy)",NULL,"Yap","1950",NULL
"4061","Insects of Micronesia 6(5)","Cicadellidae","Balclutha hebe (kirkaldy)",NULL,"Caroline Atolls","1952",NULL
"4062","Insects of Micronesia 6(5)","Cicadellidae","Balclutha hebe (kirkaldy)",NULL,"Ponape","1948",NULL
"4063","Insects of Micronesia 6(5)","Cicadellidae","Balclutha hebe (kirkaldy)",NULL,"Kusaie","1953",NULL
"4064","Insects of Micronesia 6(5)","Cicadellidae","Balclutha hebe (kirkaldy)",NULL,"Marshall Is.","1953",NULL
"4065","Insects of Micronesia 6(5)","Cicadellidae","Balclutha flexuosa Linnavuori",NULL,"Saipan","1945",NULL
"4066","Insects of Micronesia 6(5)","Cicadellidae","Balclutha flexuosa Linnavuori",NULL,"Palau","1952",NULL
"4067","Insects of Micronesia 6(5)","Cicadellidae","Balclutha filum Linnavuotri",NULL,"Babelthuap","1947",NULL
"4068","Insects of Micronesia 6(5)","Cicadellidae","Balclutha filum Linnavuotri",NULL,"Yap","1950",NULL
"4069","Insects of Micronesia 6(5)","Cicadellidae","Balclutha filum Linnavuotri",NULL,"Caroline Atolls","1952",NULL
"4070","Insects of Micronesia 6(5)","Cicadellidae","Balclutha filum Linnavuotri",NULL,"Marshall Is.","1953",NULL
"4071","Insects of Micronesia 6(5)","Cicadellidae","Balclutha ogasawarensis Matsumura",NULL,"Bonin Is.","1914",NULL
"4072","Insects of Micronesia 6(5)","Cicadellidae","Balclutha incisa (Matsumura)",NULL,"Saipan","1945",NULL
"4073","Insects of Micronesia 6(5)","Cicadellidae","Balclutha incisa (Matsumura)",NULL,"Babelthuap","1952",NULL
"4074","Insects of Micronesia 6(5)","Cicadellidae","Balclutha incisa (Matsumura)",NULL,"Yap","1950",NULL
"4075","Insects of Micronesia 6(5)","Cicadellidae","Balclutha incisa (Matsumura)",NULL,"Caroline Atolls","1938",NULL
"4076","Insects of Micronesia 6(5)","Cicadellidae","Balclutha incisa (Matsumura)",NULL,"Marshall Is.","1952",NULL
"4077","Insects of Micronesia 6(8)","Fulgoroidea","Bennaria consul Fennah",NULL,"Babelthuap","1957",NULL
"4078","Insects of Micronesia 6(8)","Cixiidae","Bennaria praetor Fennah",NULL,"Yap","1950",NULL
"4079","Insects of Micronesia 6(8)","Cixiidae","Mydus apicalis (Metcalf)",NULL,"Kusaie","1954",NULL
"4080","Insects of Micronesia 6(8)","Cixiidae","Myndus balatro Fennah",NULL,"Yap","1950",NULL
"4081","Insects of Micronesia 6(8)","Cixiidae","Euryphlesia palescens(Metcalf)",NULL,"Babelthuap","1957",NULL
"4082","Insects of Micronesia 6(8)","Delphacidae","Ugyops kinbergi magas Fennah",NULL,"Marshall Is.","1964",NULL
"4083","Insects of Micronesia 6(8)","Delphacidae","Ugyops kinbergi civilis Fennah",NULL,"Yap","1957",NULL
"4084","Insects of Micronesia 6(8)","Delphacidae","Ugyops kinbergi civilis Fennah",NULL,"Caroline Atolls","1954",NULL
"4085","Insects of Micronesia 6(8)","Delphacidae","Ugyops kinbergi palauanus",NULL,"Palau","1957",NULL
"4086","Insects of Micronesia 6(8)","Delphacidae","Ugyops superciliatus Fennah",NULL,"Marshall Is.","1964",NULL
"4087","Insects of Micronesia 6(8)","Delphacidae","Ugyops ariadne Fennah",NULL,"Ulithi Atolls","1956",NULL
"4088","Insects of Micronesia 6(8)","Delphacidae","Ugyops ariadne Fennah",NULL,"Yap","1956",NULL
"4089","Insects of Micronesia 6(8)","Delphacidae","Ugyops annulipes annulipes (Stal)",NULL,"Guam","1958",NULL
"4090","Insects of Micronesia 6(8)","Delphacidae","Ugyops eos Fennah",NULL,"Caroline Atolls","1954",NULL
"4091","Insects of Micronesia 6(8)","Delphacidae","Ugyops vittatus (Matsumura)",NULL,"Bonin Is.","1958",NULL
"4092","Insects of Micronesia 6(8)","Delphacidae","Ugyops cercyo Fennah",NULL,"Ocean Is.","1957",NULL
"4093","Insects of Micronesia 6(8)","Delphacidae","Perkinsiella saccharicida kirkaldy",NULL,"Bonin Is","1958",NULL
"4094","Insects of Micronesia 6(8)","Delphacidae","Perkinsiella bakeri Muir",NULL,"Palau","1957",NULL
"4095","Insects of Micronesia 6(8)","Delphacidae","Perkinsiella thompsoni Muir",NULL,"Palau","1953",NULL
"4096","Insects of Micronesia 6(8)","Delphacidae","Peregrinus maides (ashmead)",NULL,"Guam","1945",NULL
"4097","Insects of Micronesia 6(8)","Delphacidae","Tarophagus proserpina( Kirkaldy)",NULL,"Yap","1957",NULL
"4098","Insects of Micronesia 6(8)","Delphacidae","Tarophagus proserpina( Kirkaldy)",NULL,"Babelthuap","1957",NULL
"4099","Insects of Micronesia 6(8)","Delphacidae","Nycheuma cognatum (Muir)",NULL,"Guam","1956",NULL
"4100","Insects of Micronesia 6(8)","Delphacidae","Nycheuma cognatum (Muir)",NULL,"Babelthuap","1957",NULL
"4101","Insects of Micronesia 6(8)","Delphacidae","Nycheuma cognatum (Muir)",NULL,"Yap","1950",NULL
"4102","Insects of Micronesia 6(8)","Delphacidae","Nycheuma cognatum (Muir)",NULL,"Bonin Is","1958",NULL
"4103","Insects of Micronesia 6(8)","Delphacidae","Cemus granulinervis (Stal)",NULL,"Palau","1957",NULL
"4104","Insects of Micronesia 6(8)","Delphacidae","Cemus nigromaculosus (Muir)",NULL,"Yap","1950",NULL
"4105","Insects of Micronesia 6(8)","Delphacidae","Eudellana carolinensis Metcalf",NULL,"Babelthuap","1957",NULL
"4106","Insects of Micronesia 6(8)","Delphacidae","Sardia rostrata pluto (kirkaldy)",NULL,"Bonin Is.","1958",NULL
"4107","Insects of Micronesia 6(8)","Delphacidae","Sardia rostrata pluto (kirkaldy)",NULL,"Marshall Is.","1964",NULL
"4108","Insects of Micronesia 6(8)","Delphacidae","Sardia rostrata pluto (kirkaldy)",NULL,"Gilbert Is.","1957",NULL
"4109","Insects of Micronesia 6(8)","Delphacidae","Sardia rostrata pluto (kirkaldy)",NULL,"Ocean Is.","1957",NULL
"4110","Insects of Micronesia 6(8)","Delphacidae","Sardia melichari (Kirkaldy)",NULL,"Babelthuap","1957",NULL
"4111","Insects of Micronesia 6(8)","Delphacidae","Sardia melichari (Kirkaldy)",NULL,"Yap","1950",NULL
"4112","Insects of Micronesia 6(8)","Delphacidae","Sogatella furcifera (Horvath)",NULL,"Palau","1956",NULL
"4113","Insects of Micronesia 6(8)","Delphacidae","Sogatella kolophon (kirkaldy)",NULL,"Bonin Is.","1958",NULL
"4114","Insects of Micronesia 6(8)","Delphacidae","Sogatella kolophon (kirkaldy)",NULL,"Palau","1957",NULL
"4115","Insects of Micronesia 6(8)","Delphacidae","Sogatella kolophon (kirkaldy)",NULL,"Yap","1950",NULL
"4116","Insects of Micronesia 6(8)","Delphacidae","Sogatella kolophon (kirkaldy)",NULL,"Marshall Is.","1950",NULL
"4117","Insects of Micronesia 6(8)","Delphacidae","Sogatella kolophon (kirkaldy)",NULL,"Gilbert Is.","1957",NULL
"4118","Insects of Micronesia 6(8)","Delphacidae","Sogatella pusana (Distant)",NULL,"Babelthuap","1957",NULL
"4119","Insects of Micronesia 6(8)","Delphacidae","Sogatella pusana (Distant)",NULL,"Yap","1957",NULL
"4120","Insects of Micronesia 6(8)","Delphacidae","Sogatella longifurcifera (Esaki & Ishihara)",NULL,"Bonin Is.","1958",NULL
"4121","Insects of Micronesia 6(8)","Delphacidae","Sogatella geranor (kirk)",NULL,"Palau","1957",NULL
"4122","Insects of Micronesia 6(8)","Delphacidae","Sogatella geranor (kirk)",NULL,"Yap","1950",NULL
"4123","Insects of Micronesia 6(8)","Delphacidae","Sogatodes placitus (Van Duzee)",NULL,"Guam","1956",NULL
"4124","Insects of Micronesia 6(8)","Delphacidae","Sogatodes placitus (Van Duzee)",NULL,"Babelthuap","1957",NULL
"4125","Insects of Micronesia 6(8)","Delphacidae","Sogatodes placitus (Van Duzee)",NULL,"Yap","1950",NULL
"4126","Insects of Micronesia 6(8)","Delphacidae","Corbulo guamensis (Metcalf)",NULL,"Babelthuap","1957",NULL
"4127","Insects of Micronesia 6(8)","Delphacidae","Corbulo guamensis (Metcalf)",NULL,"Yap","1950",NULL
"4128","Insects of Micronesia 6(8)","Delphacidae","Corbulo guamensis (Metcalf)",NULL,"Caroline Atolls","1954",NULL
"4129","Insects of Micronesia 6(8)","Delphacidae","Corbulo guamensis (Metcalf)",NULL,"Marshall Is.","1956",NULL
"4130","Insects of Micronesia 6(8)","Delphacidae","Corbulo guamensis (Metcalf)",NULL,"Gilbert Is.","1957",NULL
"4131","Insects of Micronesia 6(8)","Delphacidae","Corbulo brontes Fennah",NULL,"Gilbert Is.","1957",NULL
"4132","Insects of Micronesia 6(8)","Delphacidae","Corbulo messalina Fennah",NULL,"Wake atoll","1959",NULL
"4133","Insects of Micronesia 6(8)","Delphacidae","Sogata hakonensis (Matsumura)",NULL,"Bonin Is.","1958",NULL
"4134","Insects of Micronesia 6(8)","Delphacidae","Epeurysa nawaii Matsumura",NULL,"Bonin Is","1958",NULL
"4135","Insects of Micronesia 6(8)","Delphacidae","Laodelphax striatella (Fallen)",NULL,"Palau","1957",NULL
"4136","Insects of Micronesia 6(8)","Delphacidae","Syndelphax matanito (Kirkaldy)",NULL,"Guam","1959",NULL
"4137","Insects of Micronesia 6(8)","Delphacidae","Syndelphax matanito (Kirkaldy)",NULL,"Palau","1957",NULL
"4138","Insects of Micronesia 6(8)","Delphacidae","Toya propinqua (Fieber)",NULL,"Bonin Is.","1958",NULL
"4139","Insects of Micronesia 6(8)","Delphacidae","Toya propinqua (Fieber)",NULL,"Saipan","1958",NULL
"4140","Insects of Micronesia 6(8)","Delphacidae","Toya propinqua (Fieber)",NULL,"Babelthuap","1957",NULL
"4141","Insects of Micronesia 6(8)","Delphacidae","Toya lyraeformis (Matsumura)",NULL,"Guam","1957",NULL
"4142","Insects of Micronesia 6(8)","Delphacidae","Toya lyraeformis (Matsumura)",NULL,"Caroline Atolls","1956",NULL
"4143","Insects of Micronesia 6(8)","Delphacidae","Coronacella kirkaldyi (Muir)",NULL,"Guam","1945",NULL
"4144","Insects of Micronesia 6(8)","Delphacidae","Coronacella kirkaldyi (Muir)",NULL,"Babelthuap","1957",NULL
"4145","Insects of Micronesia 6(8)","Delphacidae","Coronacella kirkaldyi (Muir)",NULL,"Yap","1950",NULL
"4146","Insects of Micronesia 6(8)","Delphacidae","Coronacella kirkaldyi (Muir)",NULL,"Marshall Is.","1958",NULL
"4147","Insects of Micronesia 6(8)","Delphacidae","Coronacella kirkaldyi (Muir)",NULL,"Gilbert Is.","1957",NULL
"4148","Insects of Micronesia 6(8)","Delphacidae","Harmalia sameshimae (Matsumura and Ishihara)",NULL,"Guam","1959",NULL
"4149","Insects of Micronesia 6(8)","Delphacidae","Harmalia tiphys Fennah",NULL,"Babelthuap","1957",NULL
"4150","Insects of Micronesia 6(8)","Meenoplidae","Nisia atravenosa carolinensis Fennah",NULL,"Yap","1950",NULL
"4151","Insects of Micronesia 6(8)","Derbidae","Zoraida fistulator",NULL,"Babelthuap","1957",NULL
"4152","Insects of Micronesia 6(8)","Derbidae","Proutista moesta (Westwood)",NULL,"Guam","1947",NULL
"4153","Insects of Micronesia 6(8)","Derbidae","Platocera calypso Fennah",NULL,"Babelthuap","1957",NULL
"4154","Insects of Micronesia 6(8)","Derbidae","Platocera achiles (Fennah)",NULL,"Palau","1957",NULL
"4155","Insects of Micronesia 6(8)","Derbidae","Paralyrisen soranus Fennah",NULL,"Babelthuap","1957",NULL
"4156","Insects of Micronesia 6(8)","Derbidae","Flaccia dione Fennah",NULL,"Marshall Is.","1964",NULL
"4157","Insects of Micronesia 6(8)","Derbidae","Kamendaka (Eosaccharissa) lar Fennah",NULL,"Yap","1950",NULL
"4158","Insects of Micronesia 6(8)","Derbidae","Swezeyia zephyrus Fennah",NULL,"Guam","1959",NULL
"4159","Insects of Micronesia 6(8)","Derbidae","Swezeyia zephyrus Fennah",NULL,"Caroline Atolls","1954",NULL
"4160","Insects of Micronesia 6(8)","Derbidae","Swezeyia zephyrus Fennah",NULL,"Marshall Is.","1964",NULL
"4161","Insects of Micronesia 6(8)","Derbidae","Swezeyia polyxo Fennah",NULL,"Yap","1954",NULL
"4162","Insects of Micronesia 6(8)","Derbidae","Swezeyia polyxo Fennah",NULL,"Caroline Atolls","1956",NULL
"4163","Insects of Micronesia 6(8)","Derbidae","Swezeyia maurellei Muir",NULL,"Ellice Is.","1956",NULL
"4164","Insects of Micronesia 6(8)","Derbidae","Swezeyia pero Fennah",NULL,"Gilbert Is.","1957",NULL
"4165","Insects of Micronesia 6(8)","Derbidae","Eusyphax bivittatus (Metcalf)",NULL,"Guam","1946",NULL
"4166","Insects of Micronesia 6(8)","Derbidae","Nesokaha (Tempora) boninensis( Matsumura)",NULL,"Bonin Is.","1958",NULL
"4167","Insects of Micronesia 6(8)","Derbidae","Nesorhamma chalcas Fennah",NULL,"Babelthuap","1957",NULL
"4168","Insects of Micronesia 6(8)","Derbidae","Lamenia caligenia charon Fennah",NULL,"Marshall Is.","1964",NULL
"4169","Insects of Micronesia 6(8)","Derbidae","Lamenia caligenia charon Fennah",NULL,"Gilbert Is.","1957",NULL
"4170","Insects of Micronesia 6(8)","Derbidae","Lamenia numitor buto Fennah",NULL,"Babelthuap","1957",NULL
"4171","Insects of Micronesia 6(8)","Derbidae","Lamenia candida Fennah",NULL,"Palau","1956",NULL
"4172","Insects of Micronesia 6(8)","Derbidae","Phaciocephalus carolinensis Metcalf",NULL,"Caroline Atolls","1954",NULL
"4173","Insects of Micronesia 6(8)","Derbidae","Levu matsumurae palauensis Fennah",NULL,"Babelthuap","1957",NULL
"4174","Insects of Micronesia 6(8)","Derbidae","Levu pallescens lactinea (Metcalf)",NULL,"Babelthuap","1957",NULL
"4175","Insects of Micronesia 6(8)","Derbidae","Levu pallecens pallescens (Metcalf)",NULL,"Guam","1957",NULL
"4176","Insects of Micronesia 6(8)","Achilidae Stal","Argelusa rhanis Fennah",NULL,"Babelthuap","1957",NULL
"4177","Insects of Micronesia 6(8)","Dicthyopharidae","Doryphorina sobrina (Stal)",NULL,"Guam","1957",NULL
"4178","Insects of Micronesia 6(8)","Dicthyopharidae","Doryphorina sobrina (Stal)",NULL,"Yap","1957",NULL
"4179","Insects of Micronesia 6(8)","Tropiduchidae Stal","Leptovanua serapis Fennah",NULL,"Ponape","1926",NULL
"4180","Insects of Micronesia 6(8)","Tropiduchidae Stal","Leptovanua telamon telamon Fennah",NULL,"Yap","1957",NULL
"4181","Insects of Micronesia 6(8)","Tropiduchidae Stal","Leptovanua telamon palauna Fennah",NULL,"Babelthuap","1957",NULL
"4182","Insects of Micronesia 6(8)","Tropiduchidae Stal","Swezeyaria viridana constricta Fennah",NULL,"Babelthuap","1957",NULL
"4183","Insects of Micronesia 6(8)","Tropiduchidae Stal","Nesotemora cinyras Fennah",NULL,"Yap","1957",NULL
"4184","Insects of Micronesia 6(8)","Tropiduchidae Stal","Mesepora ogasawarana Matsumura",NULL,"Bonin Is","1958",NULL
"4185","Insects of Micronesia 6(8)","Tropiduchidae Stal","Mesopora issiformis Matsumura",NULL,"Bonin Is","1958",NULL
"4186","Insects of Micronesia 6(8)","Tropiduchidae Stal","Mesopora boninensis Matsumura",NULL,"Bonin Is.","1958",NULL
"4187","Insects of Micronesia 6(8)","Tropiduchidae Stal","Kallitaxila suturalis(Matsumura)",NULL,"Bonin Is.","1958",NULL
"4188","Insects of Micronesia 6(8)","Tropiduchidae Stal","Kallitaxilla boninensis (Matsumura)",NULL,"Bonin Is","1958",NULL
"4189","Insects of Micronesia 6(8)","Tropiduchidae Stal","Kallitaxila crini Matsumura",NULL,"Bonin Is.","1958",NULL
"4190","Insects of Micronesia 6(8)","Tropiduchidae Stal","Kallitaxila auster Fennah",NULL,"Bonin Is","1958",NULL
"4191","Insects of Micronesia 6(8)","Tropiduchidae Stal","Kallitaxila auster murcia Fennah",NULL,"Bonin Is.","1958",NULL
"4192","Insects of Micronesia 6(8)","Tropiduchidae Stal","Tambinia metcalf(not Stal)",NULL,"Bonin Is.","1946",NULL
"4193","Insects of Micronesia 6(8)","Tropiduchidae Stal","Tambinia baucis Fennah",NULL,NULL,"1956",NULL
"4194","Insects of Micronesia 6(8)","Issidae","Issarius doricha Fennah",NULL,"Babelthuap","1957",NULL
"4195","Insects of Micronesia 6(8)","Issidae","Issarius tartarus Fennah",NULL,"Agiguan","1955",NULL
"4196","Insects of Micronesia 6(8)","Issidae","Armacia simaethis Fennah",NULL,"Palau","1957",NULL
"4197","Insects of Micronesia 6(8)","Issidae","Nesominas syrinx (Fennah)",NULL,"Yap","1957",NULL
"4198","Insects of Micronesia 6(8)","Issidae","Orosanga Xantho Fennah",NULL,"Bonin Is.","1958",NULL
"4199","Insects of Micronesia 6(8)","Issidae","Orasanga triton Fennah",NULL,"Bonin Is.","1958",NULL
"4200","Insects of Micronesia 6(8)","Issidae","Orosanga dido Fennah",NULL,"Bonin Is.","1958",NULL
"4201","Insects of Micronesia 6(8)","Issidae","Orosanga laverna Fennah",NULL,"Bonin Is.","1958",NULL
"4202","Insects of Micronesia 6(8)","Issidae","Orosanga laverna vicinalis Fennah",NULL,"Bonin Is.","1958",NULL
"4203","Insects of Micronesia 3(1)","Dithidae","Ditha(ditha)palauensis",NULL,"Peleliu","1945",NULL
"4204","Insects of Micronesia 3(1)","Dithidae","Ditha (paraditha) marcusensis (Morikawa)",NULL,"Marcus Is.","1952",NULL
"4205","Insects of Micronesia 3(1)","Dithidae","Compsaditha gressitti Beier",NULL,"Ponape","1953",NULL
"4206","Insects of Micronesia 3(1)","Dithidae","Tyrannochthonius (Tyrannochthonius)chamorro Chamberlain",NULL,"Saipan","1945",NULL
"4207","Insects of Micronesia 3(1)","Dithidae","Tyrannochthonius (Tyrannochthonius)chamorro Chamberlain",NULL,"Babelthuap","1952",NULL
"4208","Insects of Micronesia 3(1)","Dithidae","Tyrannochthonius (Tyrannochthonius)chamorro Chamberlain",NULL,"Truk","1952",NULL
"4209","Insects of Micronesia 3(1)","Dithidae","Tyrannochthonius (Tyrannochthonius)palauanus",NULL,"Babelthuap","1947",NULL
"4210","Insects of Micronesia 3(1)","Dithidae","Tyrannchthonius (Lafynochthonius) dybasi Beier",NULL,"Babelthuap","1952",NULL
"4211","Insects of Micronesia 3(1)","Dithidae","Tyrannochthomius (Lagynochthonius) ponapensis Beier",NULL,"Truk","1953",NULL
"4212","Insects of Micronesia 3(1)","Dithidae","Tyrannochthomius (Lagynochthonius) ponapensis Beier",NULL,"Ponape","1948",NULL
"4213","Insects of Micronesia 3(1)","Dithidae","Tyrannochthomius (Lagynochthonius) ponapensis Beier",NULL,"Kusaie","1953",NULL
"4214","Insects of Micronesia 3(1)","Dithidae","Lechytia sakagamii Morikawa",NULL,"Caroline Atolls","1947",NULL
"4215","Insects of Micronesia 3(1)","Dithidae","Lechytia sakagamii Morikawa",NULL,"Marshall Is.","1944",NULL
"4216","Insects of Micronesia 3(1)","Neobisiidae","Idiobisium palauense Beier",NULL,"Babelthuap","1952",NULL
"4217","Insects of Micronesia 3(1)","Hyidae","Parahya pacifica Beier",NULL,"Yap","1950",NULL
"4218","Insects of Micronesia 3(1)","Olpiidae","Indolpium sp.",NULL,"Palau","1947",NULL
"4219","Insects of Micronesia 3(1)","Olpiidae","Xenolpium oceanicum (with)",NULL,"Palau","1947",NULL
"4220","Insects of Micronesia 3(1)","Olpiidae","Xenolpium oceanicum oceanicum (With)",NULL,"Ellice Is.","1947",NULL
"4221","Insects of Micronesia 3(1)","Olpiidae","Xenolpium oceanicum palauense Beier",NULL,"Okinawa","1945",NULL
"4222","Insects of Micronesia 3(1)","Olpiidae","Xenolpium oceanicum palauense Beier",NULL,"Saipan","1945",NULL
"4223","Insects of Micronesia 3(1)","Olpiidae","Xenolpium oceanicum palauense Beier",NULL,"Babelthuap","1952",NULL
"4224","Insects of Micronesia 3(1)","Olpiidae","Xenoplium oceanicum reductum (Beier)",NULL,"Ponape","1953",NULL
"4225","Insects of Micronesia 3(1)","Olpiidae","Xenoplium oceanicum reductum (Beier)",NULL,"Kusaie","1953",NULL
"4226","Insects of Micronesia 3(1)","Olpiidae","Xenolpium oceanicum latum Beier",NULL,"Marshall Is.","1952",NULL
"4227","Insects of Micronesia 3(1)","Garypidae","Garypus ornatus Beier",NULL,"Marshall Is.","1946",NULL
"4228","Insects of Micronesia 3(1)","Garypidae","Geogarypus (Geogarypus) javanus formosanus Beier",NULL,"Saipan","1945",NULL
"4229","Insects of Micronesia 3(1)","Garypidae","Geogarypus (Geogarypus) javanus formosanus Beier",NULL,"Babelthuap","1947",NULL
"4230","Insects of Micronesia 3(1)","Garypidae","Geogarypus (Geogarypus) javanus formosanus Beier",NULL,"Yap","1950",NULL
"4231","Insects of Micronesia 3(1)","Garypidae","Geogarypus (Geogarypus) javanus formosanus Beier",NULL,"Caroline Atolls","1947",NULL
"4232","Insects of Micronesia 3(1)","Garypidae","Geogarypus (Geogarypus) javanus formosanus Beier",NULL,"Ponape","1950",NULL
"4233","Insects of Micronesia 3(1)","Garypidae","Geogarypus (Geogarypus) javanus formosanus Beier",NULL,"Kusaie","1953",NULL
"4234","Insects of Micronesia 3(1)","Garypidae","Geogarypus (Geogarypus) javanus formosanus Beier",NULL,"Marshall Is.","1951",NULL
"4235","Insects of Micronesia 3(1)","Garypidae","Geogarypus (geogarypus) micronesiensis Morikawa",NULL,"Marcus Is.","1951",NULL
"4236","Insects of Micronesia 3(1)","Garypidae","Geogarypus (Indogarypus) palauanus Beier",NULL,"Babelthuap","1947",NULL
"4237","Insects of Micronesia 3(1)","Cheiridiidae","Nesocheiridium stellatum Beier",NULL,"Saipan","1945",NULL
"4238","Insects of Micronesia 3(1)","Atemnidae","Paratemnus philippinus Beier",NULL,"Bonin Is.","1945",NULL
"4239","Insects of Micronesia 3(1)","Atemnidae","Paratemnus salomonis Beier",NULL,"Saipan","1945",NULL
"4240","Insects of Micronesia 3(1)","Atemnidae","Paratemnus salomonis Beier",NULL,"Babelthuap","1946",NULL
"4241","Insects of Micronesia 3(1)","Atemnidae","Paratemnus salomonis Beier",NULL,"Truk","1935",NULL
"4242","Insects of Micronesia 3(1)","Atemnidae","Paratemnus salomonis Beier",NULL,"Ponape","1950",NULL
"4243","Insects of Micronesia 3(1)","Atemnidae","Oratemnus samoanus samoanus Beier",NULL,"Marshall Is.","1952",NULL
"4244","Insects of Micronesia 3(1)","Atemnidae","Oratemnus samoanus whartoni Chamberlain",NULL,"Ryukyu Is. Okinawa","1945",NULL
"4245","Insects of Micronesia 3(1)","Atemnidae","Oratemnus samoanus whartoni Chamberlain",NULL,"Volcano Is.","1945",NULL
"4246","Insects of Micronesia 3(1)","Atemnidae","Oratemnus samoanus whartoni Chamberlain",NULL,"Saipan","1945",NULL
"4247","Insects of Micronesia 3(1)","Atemnidae","Oratemnus samoanus whartoni Chamberlain",NULL,"Guam","1945",NULL
"4248","Insects of Micronesia 3(1)","Atemnidae","Oratemnus samoanus whartoni Chamberlain",NULL,"Rota","1945",NULL
"4249","Insects of Micronesia 3(1)","Atemnidae","Oratemnus samoanus whartoni Chamberlain",NULL,"Tinian","1945",NULL
"4250","Insects of Micronesia 3(1)","Atemnidae","Oratemnus samoanus whartoni Chamberlain",NULL,"Babelthuap","1947",NULL
"4251","Insects of Micronesia 3(1)","Atemnidae","Oratemnus samoanus whartoni Chamberlain",NULL,"Yap","1952",NULL
"4252","Insects of Micronesia 3(1)","Atemnidae","Oratemnus samoanus whartoni Chamberlain",NULL,"Marshall Is.","1944",NULL
"4253","Insects of Micronesia 3(1)","Atemnidae","Stenatemnus kraussi Beier",NULL,"Ulebsehel","1952",NULL
"4254","Insects of Micronesia 3(1)","Atemnidae","Stenatemnus kraussi Beier",NULL,"Babelthuap","1952",NULL
"4255","Insects of Micronesia 3(1)","Atemnidae","Stentemnus procerus Beier",NULL,"Babelthuap","1952",NULL
"4256","Insects of Micronesia 3(1)","Chernetidae","Haplochernes kraepelini (Tullgreen)",NULL,"Babelthuap","1947",NULL
"4257","Insects of Micronesia 3(1)","Chernetidae","Haplochernes kraepelini (Tullgreen)",NULL,"Caroline Atolls","1946",NULL
"4258","Insects of Micronesia 3(1)","Chernetidae","Haplochernes insulanus Beier",NULL,"Saipan","1945",NULL
"4259","Insects of Micronesia 3(1)","Chernetidae","Haplochernes insulanus Beier",NULL,"Babelthuap","1947",NULL
"4260","Insects of Micronesia 3(1)","Chernetidae","Haplochernes insulanus Beier",NULL,"Yap","1952",NULL
"4261","Insects of Micronesia 3(1)","Chernetidae","Haplochernes insulanus Beier",NULL,"Truk","1952",NULL
"4262","Insects of Micronesia 3(1)","Chernetidae","Haplochernes insulanus Beier",NULL,"Ponape","1946",NULL
"4263","Insects of Micronesia 3(1)","Chernetidae","Haplochernes insulanus Beier",NULL,"Kusaie","1953",NULL
"4264","Insects of Micronesia 3(1)","Chernetidae","Haplochernes insulanus Beier",NULL,"Marshall Is.","1944",NULL
"4265","Insects of Micronesia 3(1)","Chernetidae","Haplochernes boninensis Beier",NULL,"Bonin Is.","1951",NULL
"4266","Insects of Micronesia 3(1)","Chernetidae","Teratochernes mirus Beier",NULL,"Ponape","1948",NULL
"4267","Insects of Micronesia 3(1)","Chernetidae","Verrucachernes oca Chamberlain",NULL,"Saipan","1945",NULL
"4268","Insects of Micronesia 3(1)","Chernetidae","Verrucachernes oca Chamberlain",NULL,"Truk","1953",NULL
"4269","Insects of Micronesia 3(1)","Chernetidae","Verrucachernes oca Chamberlain",NULL,"Babelthuap","1947",NULL
"4270","Insects of Micronesia 3(1)","Chernetidae","Verrucachernes oca Chamberlain",NULL,"Ponape","1953",NULL
"4271","Insects of Micronesia 3(1)","Chernetidae","Verrucachernes oca Chamberlain",NULL,"Marshall Is.","1950",NULL
"4272","Insects of Micronesia 3(1)","Chernetidae","Smeringochernes (Smeringochernes) yapensis",NULL,"Yap","1950",NULL
"4273","Insects of Micronesia 3(1)","Chernetidae","Smeringochernes (Smeringochernes) yapensis",NULL,"Caroline Atolls","1947",NULL
"4274","Insects of Micronesia 3(1)","Chernetidae","Smeingochernes (Smeringochernes) guamensis Beier",NULL,"Saipan","1945",NULL
"4275","Insects of Micronesia 3(1)","Chernetidae","Smeingochernes (Smeringochernes) guamensis Beier",NULL,"Kusaie","1953",NULL
"4276","Insects of Micronesia 3(1)","Chernetidae","Smeringochernes (Gressittochernes) carolinensis Beier",NULL,"Babelthuap","1952",NULL
"4277","Insects of Micronesia 3(1)","Chernetidae","Smeringochernes (Gressittochernes) carolinensis Beier",NULL,"Truk","1952",NULL
"4278","Insects of Micronesia 3(1)","Chernetidae","Smeringochernes (Gressittochernes) carolinensis Beier",NULL,"Ponape","1953",NULL
"4279","Insects of Micronesia 3(1)","Chernetidae","Sundochernes gressetti Beier",NULL,"Babelthuap","1952",NULL
"4280","Insects of Micronesia 3(1)","Chernetidae","Thapsinochernes flavus flavus Beier",NULL,"Guam","1947",NULL
"4281","Insects of Micronesia 3(1)","Chernetidae","Thapsinochernes flavus major Beier",NULL,"Koror","1948",NULL
"4282","Insects of Micronesia 3(1)","Chernetidae","Nesidiochernes maculatus Beier",NULL,"Kusaie","1953",NULL
"4283","Insects of Micronesia 3(1)","Chernetidae","Nesidiochernes maculatus Beier",NULL,"Marshall Is.","1950",NULL
"4284","Insects of Micronesia 3(1)","Chernetidae","Nesidiochernes carolinensis carolinensis Beier",NULL,"Caroline Atolls","1952",NULL
"4285","Insects of Micronesia 3(1)","Chernetidae","Nesidiochernes carolinensis carolinensis Beier",NULL,"Ponape","1948",NULL
"4286","Insects of Micronesia 3(1)","Chernetidae","Nesidiochernes carolinensis dybasi Beier",NULL,"Saipan","1945",NULL
"4287","Insects of Micronesia 3(1)","Chernetidae","Nesidiochernes palauensis Beier",NULL,"Babelthuap","1947",NULL
"4288","Insects of Micronesia 3(1)","Chernetidae","Nesidiochernes tumidimanus Beier",NULL,"Yap","1950",NULL
"4289","Insects of Micronesia 3(1)","Chernetidae","Nesidiochernes robustus Beier",NULL,"Saipan","1945",NULL
"4290","Insects of Micronesia 3(1)","Chernetidae","Nesidiochernes robustus Beier",NULL,"Tinian","1945",NULL
"4291","Insects of Micronesia 3(1)","Chernetidae","Nesidiochernes robustus Beier",NULL,"Rota","1946",NULL
"4292","Insects of Micronesia 3(1)","Chernetidae","Nesidiochernes robustus Beier",NULL,"Guam","1945",NULL
"4293","Insects of Micronesia 3(1)","Chernetidae","Nesidiochernes insociabilis Beier",NULL,"Truk","1948",NULL
"4294","Insects of Micronesia 3(1)","Chernetidae","Meiochernes dybasi Beier",NULL,"Ponape","1948",NULL
"4295","Insects of Micronesia 3(1)","Chernetidae","Allowithius australasia Beier",NULL,"Saipan","1945",NULL
"4296","Insects of Micronesia 3(1)","Chernetidae","Allowithius australasia Beier",NULL,"Marshall Is.","1945",NULL
"4297","Insects of Micronesia 3(3)","Ixodoidea","Ornithodoros capensis Neumann",NULL,"Guam","1945",NULL
"4298","Insects of Micronesia 3(3)","Ixodoidea","Ixodus mindanensis Kohls",NULL,"Palau","1945",NULL
"4299","Insects of Micronesia 3(3)","Ixodoidea","Amblyomma cyprium cyprium Neumann",NULL,"Guam","1945",NULL
"4300","Insects of Micronesia 3(3)","Ixodoidea","Amblyomma cyprium cyprium Neumann",NULL,"Caroline Atolls","1955",NULL
"4301","Insects of Micronesia 3(3)","Ixodoidea","Amblyomma cyprium cyprium Neumann",NULL,"Ponape","1956",NULL
"4302","Insects of Micronesia 3(3)","Ixodoidea","Amblyomma cyprium cyprium Neumann",NULL,"Kusaie","1953",NULL
"4303","Insects of Micronesia 3(3)","Ixodoidea","Amblyomma squamosus Kohls",NULL,"Guam","1945",NULL
"4304","Insects of Micronesia 3(3)","Ixodoidea","Boophilus microplus (Canestrini)",NULL,"Alamagan","1951",NULL
"4305","Insects of Micronesia 3(3)","Ixodoidea","Boophilus microplus (Canestrini)",NULL,"Saipan","1944",NULL
"4306","Insects of Micronesia 3(3)","Ixodoidea","Boophilus microplus (Canestrini)",NULL,"Babelthuap","1952",NULL
"4307","Insects of Micronesia 3(3)","Ixodoidea","Boophilus microplus (Canestrini)",NULL,"Ponape","1948",NULL
"4308","Insects of Micronesia 3(3)","Ixodoidea","Rhipicephalus sanguineus sanguineus (Latreille)",NULL,"Saipan","1945",NULL
"4309","Insects of Micronesia 3(3)","Ixodoidea","Rhipicephalus sanguineus sanguineus (Latreille)",NULL,"Gilbert Is.","1951",NULL
"4310","Insects of Micronesia 3(5)","Dermanyssidae","Ornithonyssus bacoti (Hirst)",NULL,"Volcano Is.","1966",NULL
"4311","Insects of Micronesia 3(5)","Laelapidae","Adrolaelaps casalis (Berlese)",NULL,"Ponape","1953",NULL
"4312","Insects of Micronesia 3(5)","Laelapidae","Adrolaelaps casalis (Berlese)",NULL,"Kusaie","1953",NULL
"4313","Insects of Micronesia 3(5)","Laelapidae","Androlaelaps sp.",NULL,"Volcano Is.","1966",NULL
"4314","Insects of Micronesia 3(5)","Laelapidae","Androlaelaps hermaphrodita (Berlese)",NULL,"Saipan","1945",NULL
"4315","Insects of Micronesia 3(5)","Laelapidae","Laelaps achidnina Berlese",NULL,"Volcano Is.","1966",NULL
"4316","Insects of Micronesia 3(5)","Laelapidae","Laelaps achidnina Berlese",NULL,"Saipan","1945",NULL
"4317","Insects of Micronesia 3(5)","Laelapidae","Laelaps achidnina Berlese",NULL,"Palau","1944",NULL
"4318","Insects of Micronesia 3(5)","Laelapidae","Laelaps achidnina Berlese",NULL,"Ponape","1948",NULL
"4319","Insects of Micronesia 3(5)","Laelapidae","Laelaps achidnina Berlese",NULL,"Kusaie","1953",NULL
"4320","Insects of Micronesia 3(5)","Laelapidae","Laelaps achidnina Berlese",NULL,"Marshall Is.","1955",NULL
"4321","Insects of Micronesia 3(5)","Laelapidae","Laelaps nuttalli Hirst",NULL,"Saipan","1944",NULL
"4322","Insects of Micronesia 3(5)","Laelapidae","Laelaps nuttalli Hirst",NULL,"Palau","1945",NULL
"4323","Insects of Micronesia 3(5)","Laelapidae","Laelaps nuttalli Hirst",NULL,"Yap","1950",NULL
"4324","Insects of Micronesia 3(5)","Laelapidae","Laelaps nuttalli Hirst",NULL,"Ponape","1949",NULL
"4325","Insects of Micronesia 3(5)","Laelapidae","Laelaps nuttalli Hirst",NULL,"Kusaie","1953",NULL
"4326","Insects of Micronesia 3(5)","Laelapidae","Laelaps nuttalli Hirst",NULL,"Marshall Is.","1955",NULL
"4327","Insects of Micronesia 3(5)","Spintunicidae","Meristaspis calcaratus Hirst",NULL,"Saipan1960","1960",NULL
"4328","Insects of Micronesia 3(5)","Spintunicidae","Meristaspis calcaratus Hirst",NULL,"Peleliu","1960",NULL
"4329","Insects of Micronesia 3(5)","Spintunicidae","Neolaelaps spinosa (Berlese)",NULL,"Peleliu","1967",NULL
"4330","Insects of Micronesia 3(5)","Machochelidae","Macrocheles Kraepelini (Berlese)",NULL,"Truk","1953",NULL
"4331","Insects of Micronesia 3(5)","Machochelidae","Macrocheles mammifer Berlese",NULL,"Saipan","1964",NULL
"4332","Insects of Micronesia 3(5)","Machochelidae","Glyptholaspis asperrima (Berlese)",NULL,"Koror","1945",NULL
"4333","Insects of Micronesia 3(5)","Machochelidae","Glyptholaspis asperrima (Berlese)",NULL,"Marshall Is.","1950",NULL
"4334","Insects of Micronesia 3(5)","Machochelidae","Glyptholaspis gressitti Krantz",NULL,"New Guinea","1959",NULL
"4335","Insects of Micronesia 3(5)","Machochelidae","Glyptholaspis gressitti Krantz",NULL,"Ponape","1948",NULL
"4336","Insects of Micronesia 3(5)","Machochelidae","Holostaspella crenulata Krantz",NULL,"Yap","1950",NULL
"4337","Insects of Micronesia 4(1)","Pauropoda","Sphaeropauropus malayus Silvestri",NULL,"Davao,Phil","1946",NULL
"4338","Insects of Micronesia 4(1)","Pauropoda","Allopauropus proximus Remy",NULL,"Peleliu","1948",NULL
"4339","Insects of Micronesia 4(1)","Pauropoda","Allopauropus clavator Remy",NULL,"Peleliu","1945",NULL
"4340","Insects of Micronesia 4(1)","Pauropoda","Allopauropus sp.",NULL,"Peleliu","1948",NULL
"4341","Insects of Micronesia 4(1)","Pauropoda","Allopauropus dybasi Remy",NULL,"Guam","1947",NULL
"4342","Insects of Micronesia 4(1)","Pauropoda","Allopauropua guamensis Remy",NULL,"Guam","1947",NULL
"4343","Insects of Micronesia 4(1)","Pauropoda","Hemipauropus gressitti Remy",NULL,"Guam","1947",NULL
"4344","Insects of Micronesia 4(2)","Talitridae","Talitrus hortulanus Calman",NULL,"Peleliu","1948",NULL
"4345","Insects of Micronesia 4(2)","Talitridae","Talitrus hortulanus Calman",NULL,"Truk","1953",NULL
"4346","Insects of Micronesia 4(2)","Talitridae","Talitrus toli Barnard",NULL,"Caroline Atolls","1953",NULL
"4347","Insects of Micronesia 4(2)","Talitridae","Talitrus toli Barnard",NULL,"Truk","1953",NULL
"4348","Insects of Micronesia 4(2)","Talitridae","Talitrus nesius Barnard",NULL,"Ponape","1953",NULL
"4349","Insects of Micronesia 4(2)","Talitridae","Talitrus (?) trukana Barnard",NULL,"Truk","1953",NULL
"4350","Insects of Micronesia 4(2)","Talitridae","Talitrus (?) trukana Barnard",NULL,"Yap","1950",NULL
"4351","Insects of Micronesia 4(2)","Talitridae","Talorchestia spinipalma (dana)",NULL,"Yap","1950",NULL
"4352","Insects of Micronesia 4(2)","Talitridae","Orchestia floresiana Weber",NULL,"Babelthuap","1947",NULL
"4353","Insects of Micronesia 4(2)","Talitridae","Orchestia floresiana Weber",NULL,"Yap","1950",NULL
"4354","Insects of Micronesia 4(2)","Talitridae","Orchestia floresiana Weber",NULL,"Caroline Atolls","1952",NULL
"4355","Insects of Micronesia 4(2)","Talitridae","Orchestia floresiana Weber",NULL,"Gilbert Is.","1951",NULL
"4356","Insects of Micronesia 4(2)","Talitridae","Orchestia floresiana Weber",NULL,"Fiji","1938",NULL
"4357","Insects of Micronesia 4(2)","Talitridae","Orchestia floresiana vitilevana Barnard",NULL,"Fiji","1938",NULL
"4358","Insects of Micronesia 4(2)","Talitridae","Orchestia ponapensis Barnard",NULL,"Ponape","1948",NULL
"4359","Insects of Micronesia5(1)","Chlorocyphidae","Rhinocypha ogasawarensis Oguna",NULL,"Bonin Is","1958",NULL
"4360","Insects of Micronesia5(1)","Lestidae","Lestes boninensis (Asahina)",NULL,"Bonin Is.","1960",NULL
"4361","Insects of Micronesia5(1)","Platystictidae","Drepanosticta palauensis Lieftinck",NULL,"Babelthuap","1938",NULL
"4362","Insects of Micronesia5(1)","Coenagrionidae","Teinobasis palauensis Lieftinck",NULL,"Babelthuap","1947",NULL
"4363","Insects of Micronesia5(1)","Coenagrionidae","Teinobasis carolinensis Lieftinck",NULL,"Truk","1937",NULL
"4364","Insects of Micronesia5(1)","Coenagrionidae","Teinobasis ponapensis Lieftinck",NULL,"Ponape","1950",NULL
"4365","Insects of Micronesia5(1)","Coenagrionidae","Teinobasis fortis Lieftinck",NULL,"Ponape","1936",NULL
"4366","Insects of Micronesia5(1)","Coenagrionidae","Teinobasis nigrolutia Lieftinck",NULL,"Ponape","1948",NULL
"4367","Insects of Micronesia5(1)","Coenagrionidae","Teinobasis ariel lieftinck",NULL,"Ponape","1937",NULL
"4368","Insects of Micronesia5(1)","Coenagrionidae","Teinobasis aerides Lieftinck",NULL,"Ponape","1950",NULL
"4369","Insects of Micronesia5(1)","Coenagrionidae","Pseudagrion palauense Lieftinck",NULL,"Babelthuap","1936",NULL
"4370","Insects of Micronesia5(1)","Coenagrionidae","Ischura aurora aurora Brauer",NULL,"Saipan","1937",NULL
"4371","Insects of Micronesia5(1)","Coenagrionidae","Ischura aurora aurora Brauer",NULL,"Yap","1950",NULL
"4372","Insects of Micronesia5(1)","Coenagrionidae","Ischura aurora aurora Brauer",NULL,"Caroline Atolls","1949",NULL
"4373","Insects of Micronesia5(1)","Coenagrionidae","Ischura aurora aurora Brauer",NULL,"Truk","1937",NULL
"4374","Insects of Micronesia5(1)","Coenagrionidae","Ischura aurora aurora Brauer",NULL,"Ponape","1938",NULL
"4375","Insects of Micronesia5(1)","Coenagrionidae","Ischura aurora aurora Brauer",NULL,"Kusaie","1937",NULL
"4376","Insects of Micronesia5(1)","Coenagrionidae","Ischura aurora aurora Brauer",NULL,"Marshall Is.","1937",NULL
"4377","Insects of Micronesia5(1)","Coenagrionidae","Ischura aurora aurora Brauer",NULL,"Gilbert Is.","1951",NULL
"4378","Insects of Micronesia5(1)","Coenagrionidae","Ischura senegalensis (Rambur)",NULL,"Bonin Is.","1958",NULL
"4379","Insects of Micronesia5(1)","Coenagrionidae","Ischura ezoin Asahina",NULL,"Bonin Is.","1958",NULL
"4380","Insects of Micronesia5(1)","Coenagrionidae","Ischura Torresisana Tillyard",NULL,"Babelthuap","1939",NULL
"4381","Insects of Micronesia5(1)","Coenagrionidae","Agriocemis femina femina Brauer",NULL,"Saipan","1945",NULL
"4382","Insects of Micronesia5(1)","Coenagrionidae","Agriocemis femina femina Brauer",NULL,"Babelthuap","1939",NULL
"4383","Insects of Micronesia5(1)","Coenagrionidae","Agriocemis femina femina Brauer",NULL,"Yap","1952",NULL
"4384","Insects of Micronesia5(1)","Coenagrionidae","Agriocemis femina oryzae Liftinck",NULL,"Ryukyu Is. Okinawa","1945",NULL
"4385","Insects of Micronesia5(1)","Aeshnidae","Anaciaschna jaspidea Burmeister",NULL,"Saipan","1951",NULL
"4386","Insects of Micronesia5(1)","Aeshnidae","Anaciaschna jaspidea Burmeister",NULL,"Babelthuap","1947",NULL
"4387","Insects of Micronesia5(1)","Aeshnidae","Anaciaschna jaspidea Burmeister",NULL,"Yap","1950",NULL
"4388","Insects of Micronesia5(1)","Aeshnidae","Anax parthenope julius Brauer",NULL,"Asahina","1952",NULL
"4389","Insects of Micronesia5(1)","Aeshnidae","Anax guttatus Burmeister",NULL,"Caroline Atolls","1953",NULL
"4390","Insects of Micronesia5(1)","Aeshnidae","Anax guttatus Burmeister",NULL,"Ponape","1928",NULL
"4391","Insects of Micronesia5(1)","Aeshnidae","Anax guttatus Burmeister",NULL,"Kusaie","1953",NULL
"4392","Insects of Micronesia5(1)","Aeshnidae","Anax guttatus Burmeister",NULL,"Wake atoll","1952",NULL
"4393","Insects of Micronesia5(1)","Aeshnidae","Anax guttatus Burmeister",NULL,"Marshall Is.","1950",NULL
"4394","Insects of Micronesia5(1)","Aeshnidae","Anax guttatus Burmeister",NULL,"Gilbert Is.","1951",NULL
"4395","Insects of Micronesia5(1)","Aeshnidae","Anax Piraticus Kennedy",NULL,"Saipan","1944",NULL
"4396","Insects of Micronesia5(1)","Corduliidae","Hermicordulia mindana Needham and Gyger",NULL,"Mindanao","1937",NULL
"4397","Insects of Micronesia5(1)","Corduliidae","Hermicordulia mindana Needham and Gyger",NULL,"Guam","1936",NULL
"4398","Insects of Micronesia5(1)","Corduliidae","Hermicordulia ogasawarensis Oguma",NULL,"Bonin Is.","1949",NULL
"4399","Insects of Micronesia5(1)","Corduliidae","Hermicordulia  lulico Asahina",NULL,"Babelthuap","1941",NULL
"4400","Insects of Micronesia5(1)","Corduliidae","Hermicordulia  lulico Asahina",NULL,"Yap","1939",NULL
"4401","Insects of Micronesia5(1)","Corduliidae","Hermicordulia haluco Asahina",NULL,"Ponape","1948",NULL
"4402","Insects of Micronesia5(1)","Corduliidae","Hermicordulia erico Asahina",NULL,"Kusaie","1949",NULL
"4403","Insects of Micronesia5(1)","Libellulidae","Pacificothemis esakii Asahina",NULL,"Ponape","1950",NULL
"4404","Insects of Micronesia5(1)","Libellulidae","Lyriothemis insularis(Oguma)",NULL,"Bonin Is.","1951",NULL
"4405","Insects of Micronesia5(1)","Libellulidae","Agrionoptera insignis yapensis Lieftinck",NULL,"Yap","1950",NULL
"4406","Insects of Micronesia5(1)","Libellulidae","Agrionoptera insignis guamensis Lieftinck",NULL,"Guam","1945",NULL
"4407","Insects of Micronesia5(1)","Libellulidae","Agrionoptera cardinalis Lieftinck",NULL,"Babelthuap","1947",NULL
"4408","Insects of Micronesia5(1)","Libellulidae","Agrionoptera sanguinolenta Lieftinck",NULL,"Caroline Atolls","1949",NULL
"4409","Insects of Micronesia5(1)","Libellulidae","Agrionoptera Sangguinolenta pusilla Lieftinck",NULL,"Truk","1949",NULL
"4410","Insects of Micronesia5(1)","Libellulidae","Orthetrum sabina sabina (Drury)",NULL,"Asahina","1940",NULL
"4411","Insects of Micronesia5(1)","Libellulidae","Neurothemis terminata terminata Ris",NULL,"Babelthuap","1947",NULL
"4412","Insects of Micronesia5(1)","Libellulidae","Neurothemis terminata terminata Ris",NULL,"Yap","1951",NULL
"4413","Insects of Micronesia5(1)","Libellulidae","Diplacodes Trivialis (Rambur)",NULL,"Caroline Atolls","1952",NULL
"4414","Insects of Micronesia5(1)","Libellulidae","Diplacodis bipunctata (Brauer)",NULL,"Bonin Is.","1951",NULL
"4415","Insects of Micronesia5(1)","Libellulidae","Diplacodis bipunctata (Brauer)",NULL,"Pagan","1951",NULL
"4416","Insects of Micronesia5(1)","Libellulidae","Diplacodis bipunctata (Brauer)",NULL,"Saipan","1944",NULL
"4417","Insects of Micronesia5(1)","Libellulidae","Diplacodis bipunctata (Brauer)",NULL,"Babelthuap","1947",NULL
"4418","Insects of Micronesia5(1)","Libellulidae","Diplacodis bipunctata (Brauer)",NULL,"Yap","1950",NULL
"4419","Insects of Micronesia5(1)","Libellulidae","Diplacodis bipunctata (Brauer)",NULL,"Truk","1949",NULL
"4420","Insects of Micronesia5(1)","Libellulidae","Diplacodis bipunctata (Brauer)",NULL,"Ponape","1948",NULL
"4421","Insects of Micronesia5(1)","Libellulidae","Diplacodis bipunctata (Brauer)",NULL,"Kusaie","1952",NULL
"4422","Insects of Micronesia5(1)","Libellulidae","Diplacodis bipunctata (Brauer)",NULL,"Marshall Is.","1945",NULL
"4423","Insects of Micronesia5(1)","Libellulidae","Diplacodis bipunctata (Brauer)",NULL,"Gilbert Is.","1944",NULL
"4424","Insects of Micronesia5(1)","Libellulidae","Zyxomma petiolatum Rambur",NULL,"Asahina","1940",NULL
"4425","Insects of Micronesia5(1)","Libellulidae","Tholymis tillarga (Fabricius)",NULL,"Anatahan","1951",NULL
"4426","Insects of Micronesia5(1)","Libellulidae","Tholymis tillarga (Fabricius)",NULL,"Saipan","1944",NULL
"4427","Insects of Micronesia5(1)","Libellulidae","Tholymis tillarga (Fabricius)",NULL,"Babelthuap","1949",NULL
"4428","Insects of Micronesia5(1)","Libellulidae","Tholymis tillarga (Fabricius)",NULL,"Yap","1950",NULL
"4429","Insects of Micronesia5(1)","Libellulidae","Tholymis tillarga (Fabricius)",NULL,"Caroline Atolls","1953",NULL
"4430","Insects of Micronesia5(1)","Libellulidae","Tholymis tillarga (Fabricius)",NULL,"Truk","1949",NULL
"4431","Insects of Micronesia5(1)","Libellulidae","Tholymis tillarga (Fabricius)",NULL,"Ponape","1949",NULL
"4432","Insects of Micronesia5(1)","Libellulidae","Tholymis tillarga (Fabricius)",NULL,"Gilbert Is.","1956",NULL
"4433","Insects of Micronesia5(1)","Libellulidae","Pantala flavescens ( Fabricius)",NULL,"Saipan","1944",NULL
"4434","Insects of Micronesia5(1)","Libellulidae","Pantala flavescens ( Fabricius)",NULL,"Bonin Is","1951",NULL
"4435","Insects of Micronesia5(1)","Libellulidae","Pantala flavescens ( Fabricius)",NULL,"Babelthuap","1949",NULL
"4436","Insects of Micronesia5(1)","Libellulidae","Pantala flavescens ( Fabricius)",NULL,"Yap","1952",NULL
"4437","Insects of Micronesia5(1)","Libellulidae","Pantala flavescens ( Fabricius)",NULL,"Caroline Atolls","1953",NULL
"4438","Insects of Micronesia5(1)","Libellulidae","Pantala flavescens ( Fabricius)",NULL,"Ponape","1950",NULL
"4439","Insects of Micronesia5(1)","Libellulidae","Pantala flavescens ( Fabricius)",NULL,"Kusaie","1953",NULL
"4440","Insects of Micronesia5(1)","Libellulidae","Pantala flavescens ( Fabricius)",NULL,"Marshall Is.","1958",NULL
"4441","Insects of Micronesia5(1)","Libellulidae","Rhyothemis phyllis vitelina Braeur",NULL,"Guam","1945",NULL
"4442","Insects of Micronesia5(1)","Libellulidae","Rhyothemis phyllis vitelina Braeur",NULL,"Babelthuap","1947",NULL
"4443","Insects of Micronesia5(1)","Libellulidae","Rhyothemis phyllis vitelina Braeur",NULL,"Yap","1950",NULL
"4444","Insects of Micronesia5(1)","Libellulidae","Rhyothemis regia chalcoptilon (Brauer)",NULL,"Pagan","1951",NULL
"4445","Insects of Micronesia5(1)","Libellulidae","Rhyothemis regia chalcoptilon (Brauer)",NULL,"Saipan","1951",NULL
"4446","Insects of Micronesia5(1)","Libellulidae","Tramea virginia (Rambur)",NULL,"Asahina","1952",NULL
"4447","Insects of Micronesia5(1)","Libellulidae","Tramea loewi Brauer",NULL,"Yap","1950",NULL
"4448","Insects of Micronesia5(1)","Libellulidae","Tramea transmarina Brauer",NULL,"Treubia","1949",NULL
"4449","Insects of Micronesia5(1)","Libellulidae","Tramea transmarina euryale Selys",NULL,"Bonin Is.","1951",NULL
"4450","Insects of Micronesia5(1)","Libellulidae","Tramea transmarina euryale Selys",NULL,"Saipan","1944",NULL
"4451","Insects of Micronesia5(1)","Libellulidae","Tramea transmarina euryale Selys",NULL,"Babelthuap","1952",NULL
"4452","Insects of Micronesia5(1)","Libellulidae","Tramea transmarina propinqua Lieftinck",NULL,"Truk","1952",NULL
"4453","Insects of Micronesia5(1)","Libellulidae","Tramea transmarina propinqua Lieftinck",NULL,"Ponape","1928",NULL
"4454","Insects of Micronesia5(1)","Libellulidae","Tramea transmarina propinqua Lieftinck",NULL,"Kusaie","1949",NULL
"4455","Insects of Micronesia5(1)","Libellulidae","Tramea transmarina propinqua Lieftinck",NULL,"Marshall Is.","1941",NULL
"4456","Insects of Micronesia5(1)","Libellulidae","Tramea transmarina propinqua Lieftinck",NULL,"Gilbert Is.","1944",NULL
"4457","Insects of Micronesia5(1)","Libellulidae","Macrodiplax cora Brauer",NULL,"Saipan","1951",NULL
"4458","Insects of Micronesia5(1)","Libellulidae","Macrodiplax cora Brauer",NULL,"Yap","1950",NULL
"4459","Insects of Micronesia 5(2)","Cacinophoridae","Gonolabis insulana Brindle",NULL,"Yap","1950",NULL
"4460","Insects of Micronesia 5(2)","Cacinophoridae","Gonolabis insulana Brindle",NULL,"Ponape","1936",NULL
"4461","Insects of Micronesia 5(2)","Cacinophoridae","Euborellia stali (Dohrn)",NULL,"Bonin Is","1958",NULL
"4462","Insects of Micronesia 5(2)","Cacinophoridae","Euborellia stali (Dohrn)",NULL,"Saipan","1944",NULL
"4463","Insects of Micronesia 5(2)","Cacinophoridae","Euborellia stali (Dohrn)",NULL,"Tinian","1945",NULL
"4464","Insects of Micronesia 5(2)","Cacinophoridae","Euborellia stali (Dohrn)",NULL,"Guam","1945",NULL
"4465","Insects of Micronesia 5(2)","Cacinophoridae","Euborellia stali (Dohrn)",NULL,"Babelthuap","1947",NULL
"4466","Insects of Micronesia 5(2)","Cacinophoridae","Euborellia stali (Dohrn)",NULL,"Yap","1950",NULL
"4467","Insects of Micronesia 5(2)","Cacinophoridae","Euborellia stali (Dohrn)",NULL,"Truk","1949",NULL
"4468","Insects of Micronesia 5(2)","Cacinophoridae","Euborellia stali (Dohrn)",NULL,"Ponape","1950",NULL
"4469","Insects of Micronesia 5(2)","Cacinophoridae","Euborellia stali (Dohrn)",NULL,"Marshall Is.","1957",NULL
"4470","Insects of Micronesia 5(2)","Cacinophoridae","Euborellia stali (Dohrn)",NULL,"Gilbert Is.","1957",NULL
"4471","Insects of Micronesia 5(2)","Cacinophoridae","Euborellia stali (Dohrn)",NULL,"Wake atoll","1957",NULL
"4472","Insects of Micronesia 5(2)","Cacinophoridae","Euborellia annulipes (Lucas)",NULL,"Bonin Is.","1931",NULL
"4473","Insects of Micronesia 5(2)","Cacinophoridae","Euborellia annulipes (Lucas)",NULL,"Volcano Is.","1945",NULL
"4474","Insects of Micronesia 5(2)","Cacinophoridae","Euborellia annulipes (Lucas)",NULL,"Saipan","1944",NULL
"4475","Insects of Micronesia 5(2)","Cacinophoridae","Euborellia annulipes (Lucas)",NULL,"Peleliu","1948",NULL
"4476","Insects of Micronesia 5(2)","Cacinophoridae","Euborellia annulipes (Lucas)",NULL,"Yap","1950",NULL
"4477","Insects of Micronesia 5(2)","Cacinophoridae","Euborellia annulipes (Lucas)",NULL,"Truk","1949",NULL
"4478","Insects of Micronesia 5(2)","Cacinophoridae","Euborellia annulipes (Lucas)",NULL,"Marshall Is.","1949",NULL
"4479","Insects of Micronesia 5(2)","Cacinophoridae","Euborellia annulipes (Lucas)",NULL,"Gilbert Is.","1956",NULL
"4480","Insects of Micronesia 5(2)","Cacinophoridae","Euborellia annulipes (Lucas)",NULL,"Guam","1945",NULL
"4481","Insects of Micronesia 5(2)","Cacinophoridae","Euborellia annulipes (Lucas)",NULL,"Wake atoll","1959",NULL
"4482","Insects of Micronesia 5(2)","Cacinophoridae","Euborellia femoralis (Dohrn)",NULL,"Babelthuap","1957",NULL
"4483","Insects of Micronesia 5(2)","Cacinophoridae","Anisolabis maritima (Bonelli)",NULL,"Bonin Is","1949",NULL
"4484","Insects of Micronesia 5(2)","Cacinophoridae","Anisolabis maritima (Bonelli)",NULL,"Marshall Is.","1953",NULL
"4485","Insects of Micronesia 5(2)","Cacinophoridae","Anisolabis minutissima Brindle",NULL,"Peleliu","1948",NULL
"4486","Insects of Micronesia 5(2)","Cacinophoridae","Brachylabis greensladei Brindle",NULL,"Babelthuap","1947",NULL
"4487","Insects of Micronesia 5(2)","Cacinophoridae","Labidura riparia (Pallas)",NULL,"Saipan","1944",NULL
"4488","Insects of Micronesia 5(2)","Cacinophoridae","Labidura riparia (Pallas)",NULL,"Peleliu","1945",NULL
"4489","Insects of Micronesia 5(2)","Cacinophoridae","Labidura riparia (Pallas)",NULL,"Truk","1949",NULL
"4490","Insects of Micronesia 5(2)","Cacinophoridae","Labidura riparia (Pallas)",NULL,"Ponape","1950",NULL
"4491","Insects of Micronesia 5(2)","Cacinophoridae","Labidura riparia (Pallas)",NULL,"Marshall Is.","1946",NULL
"4492","Insects of Micronesia 5(2)","Cacinophoridae","Labidura riparia (Pallas)",NULL,"Wake atoll","1947",NULL
"4493","Insects of Micronesia 5(2)","Labiidae","Nesogaster reditus Rehn",NULL,"Guam","1945",NULL
"4494","Insects of Micronesia 5(2)","Labiidae","Nesogaster aculeatus (Bormans)",NULL,"Guam","1945",NULL
"4495","Insects of Micronesia 5(2)","Labiidae","Nesogaster aculeatus (Bormans)",NULL,"Babelthuap","1947",NULL
"4496","Insects of Micronesia 5(2)","Labiidae","Nesogaster aculeatus (Bormans)",NULL,"Yap","1950",NULL
"4497","Insects of Micronesia 5(2)","Labiidae","Nesogaster aculeatus (Bormans)",NULL,"Ponape","1950",NULL
"4498","Insects of Micronesia 5(2)","Labiidae","Nesogaster aculeatus (Bormans)",NULL,"Kusaie","1953",NULL
"4499","Insects of Micronesia 5(2)","Labiidae","Auchenomus javanus (Bormans)",NULL,"Babelthuap","1947",NULL
"4500","Insects of Micronesia 5(2)","Labiidae","Chaetospania nigritula Brindle",NULL,"Palau","1945",NULL
"4501","Insects of Micronesia 5(2)","Labiidae","Chaetospania fuscata Brindle",NULL,"Kusaie","1953",NULL
"4502","Insects of Micronesia 5(2)","Labiidae","Chaetospania fuscata clavata Brindle",NULL,"Guam","1945",NULL
"4503","Insects of Micronesia 5(2)","Labiidae","Chaetospania fuscata yapensis Brindle",NULL,"Yap","1950",NULL
"4504","Insects of Micronesia 5(2)","Labiidae","Chaetospania ponapensis Brindle",NULL,"Ponape","1948",NULL
"4505","Insects of Micronesia 5(2)","Labiidae","Chaetolabia esakii (Menozzi)",NULL,"Ponape","1948",NULL
"4506","Insects of Micronesia 5(2)","Labiidae","Chaetolabia esakii (Menozzi)",NULL,"Kusaie","1952",NULL
"4507","Insects of Micronesia 5(2)","Labiidae","Chaetolabia appendicina (Menozzi)",NULL,"Ponape","1948",NULL
"4508","Insects of Micronesia 5(2)","Labiidae","Chaetolabia appendicina (Menozzi)",NULL,"Truk","1941",NULL
"4509","Insects of Micronesia 5(2)","Labiidae","Chaetolabia spicata Brindle",NULL,"Peleliu","1948",NULL
"4510","Insects of Micronesia 5(2)","Labiidae","Labia curvicauda (Motsculsky)",NULL,"Volcano Is.","1944",NULL
"4511","Insects of Micronesia 5(2)","Labiidae","Labia curvicauda (Motsculsky)",NULL,"Saipan","1945",NULL
"4512","Insects of Micronesia 5(2)","Labiidae","Labia curvicauda (Motsculsky)",NULL,"Tinian","1945",NULL
"4513","Insects of Micronesia 5(2)","Labiidae","Labia curvicauda (Motsculsky)",NULL,"Guam","1945",NULL
"4514","Insects of Micronesia 5(2)","Labiidae","Labia curvicauda (Motsculsky)",NULL,"Babelthuap","1947",NULL
"4515","Insects of Micronesia 5(2)","Labiidae","Labia curvicauda (Motsculsky)",NULL,"Yap","1950",NULL
"4516","Insects of Micronesia 5(2)","Labiidae","Labia curvicauda (Motsculsky)",NULL,"Caroline Atolls","1947",NULL
"4517","Insects of Micronesia 5(2)","Labiidae","Labia curvicauda (Motsculsky)",NULL,"Truk","1949",NULL
"4518","Insects of Micronesia 5(2)","Labiidae","Labia curvicauda (Motsculsky)",NULL,"Ponape","1948",NULL
"4519","Insects of Micronesia 5(2)","Labiidae","Labia curvicauda (Motsculsky)",NULL,"Kusaie","1953",NULL
"4520","Insects of Micronesia 5(2)","Labiidae","Labia curvicauda (Motsculsky)",NULL,"Marshall Is.","1950",NULL
"4521","Insects of Micronesia 5(2)","Labiidae","Labia pilicornis (Motschulsky)",NULL,"Peleliu","1945",NULL
"4522","Insects of Micronesia 5(2)","Labiidae","Labia pilicornis (Motschulsky)",NULL,"Yap","1950",NULL
"4523","Insects of Micronesia 5(2)","Labiidae","Labia pilicornis (Motschulsky)",NULL,"Ponape","1950",NULL
"4524","Insects of Micronesia 5(2)","Labiidae","Labia pilicornis (Motschulsky)",NULL,"Kusaie","1953",NULL
"4525","Insects of Micronesia 5(2)","Labiidae","Marava arachidis (Yersin)",NULL,"Babelthuap","1951",NULL
"4526","Insects of Micronesia 5(2)","Labiidae","Marava arachidis (Yersin)",NULL,"Yap","1950",NULL
"4527","Insects of Micronesia 5(2)","Labiidae","Marava arachidis (Yersin)",NULL,"Truk","1952",NULL
"4528","Insects of Micronesia 5(2)","Labiidae","Marava arachidis (Yersin)",NULL,"Ponape","1946",NULL
"4529","Insects of Micronesia 5(2)","Labiidae","Marava arachidis (Yersin)",NULL,"Kusaie","1953",NULL
"4530","Insects of Micronesia 5(2)","Labiidae","Marava arachidis (Yersin)",NULL,"Marshall Is.","1944",NULL
"4531","Insects of Micronesia 5(2)","Labiidae","Marava arachidis (Yersin)",NULL,"Gilbert Is.","1957",NULL
"4532","Insects of Micronesia 5(2)","Labiidae","Marava feae (Dubrony)",NULL,"Peleliu","1945",NULL
"4533","Insects of Micronesia 5(2)","Chelisochidae","Proreus Laetior (Dohrn)",NULL,"Babelthuap","1947",NULL
"4534","Insects of Micronesia 5(2)","Chelisochidae","Proreus Laetior (Dohrn)",NULL,"Peleliu","1948",NULL
"4535","Insects of Micronesia 5(2)","Chelisochidae","Chelisoches morio (Fabricius)",NULL,"Saipan","1945",NULL
"4536","Insects of Micronesia 5(2)","Chelisochidae","Chelisoches morio (Fabricius)",NULL,"Guam","1945",NULL
"4537","Insects of Micronesia 5(2)","Chelisochidae","Chelisoches morio (Fabricius)",NULL,"Babelthuap","1947",NULL
"4538","Insects of Micronesia 5(2)","Chelisochidae","Chelisoches morio (Fabricius)",NULL,"Yap","1950",NULL
"4539","Insects of Micronesia 5(2)","Chelisochidae","Chelisoches morio (Fabricius)",NULL,"Caroline Atolls","1945",NULL
"4540","Insects of Micronesia 5(2)","Chelisochidae","Chelisoches morio (Fabricius)",NULL,"Ponape","1948",NULL
"4541","Insects of Micronesia 5(2)","Chelisochidae","Chelisoches morio (Fabricius)",NULL,"Kusaie","1953",NULL
"4542","Insects of Micronesia 5(2)","Chelisochidae","Chelisoches morio (Fabricius)",NULL,"Marshall Is.","1946",NULL
"4543","Insects of Micronesia 5(2)","Chelisochidae","Chelisoches morio (Fabricius)",NULL,"Gilbert Is.","1944",NULL
"4544","Insects of Micronesia 5(2)","Chelisochidae","Form with metallic eluytra",NULL,"Saipan","1945",NULL
"4545","Insects of Micronesia 5(2)","Chelisochidae","Form with metallic eluytra",NULL,"Babelthuap","1956",NULL
"4546","Insects of Micronesia 5(2)","Chelisochidae","Form with metallic eluytra",NULL,"Ponape","1927",NULL
"4547","Insects of Micronesia 5(2)","Chelisochidae","Form with metallic eluytra",NULL,"Marshall Is.","1945",NULL
"4548","Insects of Micronesia 5(2)","Chelisochidae","Unicolorous reddish-brown form",NULL,"Yap","1950",NULL
"4549","Insects of Micronesia 5(2)","Chelisochidae","Unicolorous reddish-brown form",NULL,"Caroline Atolls","1946",NULL
"4550","Insects of Micronesia 5(2)","Chelisochidae","Unicolorous reddish-brown form",NULL,"Truk","1949",NULL
"4551","Insects of Micronesia 5(2)","Chelisochidae","Unicolorous reddish-brown form",NULL,"Ponape","1946",NULL
"4552","Insects of Micronesia 5(2)","Chelisochidae","Unicolorous reddish-brown form",NULL,"Kusaie","1953",NULL
"4553","Insects of Micronesia 5(2)","Chelisochidae","Hamaxas nigrorufus (Burr)",NULL,"Saipan","1945",NULL
"4554","Insects of Micronesia 5(2)","Chelisochidae","Hamaxas nigrorufus (Burr)",NULL,"Babelthuap","1947",NULL
"4555","Insects of Micronesia 5(2)","Chelisochidae","Hamaxas nigrorufus (Burr)",NULL,"Yap","1950",NULL
"4556","Insects of Micronesia 5(2)","Chelisochidae","Hamaxas nigrorufus (Burr)",NULL,"Truk","1946",NULL
"4557","Insects of Micronesia 5(2)","Chelisochidae","Hamaxas nigrorufus (Burr)",NULL,"Ponape","1953",NULL
"4558","Insects of Micronesia 5(2)","Chelisochidae","Hamaxas nigrorufus (Burr)",NULL,"Kusaie","1953",NULL
"4559","Insects of Micronesia 8(1)","Oligotomidae","Oligotoma (Aposthonia) oceana Ross",NULL,"Kusaie","1953",NULL
"4560","Insects of Micronesia 8(1)","Oligotomidae","Oligotoma (Aposthonia) microniseae Ross",NULL,"Anatahan Is.","1951",NULL
"4561","Insects of Micronesia 8(1)","Oligotomidae","Oligotoma (Aposthonia) microniseae Ross",NULL,"Marshall Is.","1953",NULL
"4562","Insects of Micronesia 8(1)","Oligotomidae","Oligotoma (Aposthonia) microniseae Ross",NULL,"Gilbert Is.","1944",NULL
"4563","Insects of Micronesia 8(1)","Oligotomidae","Oligotoma sp.",NULL,"Ponape","1948",NULL
"4564","Insects of Micronesia 8(1)","Oligotomidae","Oligotoma(Oligotoma) humbertiana (Saussure)",NULL,"Saipan","1945",NULL
"4565","Insects of Micronesia 8(1)","Oligotomidae","Oligotoma(Oligotoma) humbertiana (Saussure)",NULL,"Tinian","1945",NULL
"4566","Insects of Micronesia 8(1)","Oligotomidae","Oligotoma(Oligotoma) humbertiana (Saussure)",NULL,"Guam","1945",NULL
"4567","Insects of Micronesia 8(1)","Oligotomidae","Oligotomo (Oligotomo) saundersii (Westwood)",NULL,"Marcus Is.","1953",NULL
"4568","Insects of Micronesia 8(3)","Hemerobiidae","Annandalia maculosa Carpenter",NULL,"Palau","1952",NULL
"4569","Insects of Micronesia 8(3)","Hemerobiidae","Ananadalia irrigularis Carpenter",NULL,"Truk","1952",NULL
"4570","Insects of Micronesia 8(3)","Hemerobiidae","Micromus navigatorum Brauer",NULL,"Bonin Is.","1931",NULL
"4571","Insects of Micronesia 8(3)","Hemerobiidae","Micromus navigatorum Brauer",NULL,"Volcano Is.","1945",NULL
"4572","Insects of Micronesia 8(3)","Hemerobiidae","Micromus navigatorum Brauer",NULL,"Saipan","1940",NULL
"4573","Insects of Micronesia 8(3)","Hemerobiidae","Micromus navigatorum Brauer",NULL,"Guam","1945",NULL
"4574","Insects of Micronesia 8(3)","Hemerobiidae","Micromus navigatorum Brauer",NULL,"Babelthuap","1953",NULL
"4575","Insects of Micronesia 8(3)","Hemerobiidae","Micromus navigatorum Brauer",NULL,"Yap","1952",NULL
"4576","Insects of Micronesia 8(3)","Hemerobiidae","Micromus navigatorum Brauer",NULL,"Caroline Atolls","1946",NULL
"4577","Insects of Micronesia 8(3)","Hemerobiidae","Micromus navigatorum Brauer",NULL,"Truk","1946",NULL
"4578","Insects of Micronesia 8(3)","Hemerobiidae","Micromus navigatorum Brauer",NULL,"Ponape","1953",NULL
"4579","Insects of Micronesia 8(3)","Hemerobiidae","Micromus navigatorum Brauer",NULL,"Kusaie","1953",NULL
"4580","insects of Micronesia 8(4)","Lepidopsocidae","Cytophania marginata Thorton,Lee and Chui",NULL,"Saipan","1951",NULL
"4581","insects of Micronesia 8(4)","Lepidopsocidae","Cytophania marginata Thorton,Lee and Chui",NULL,"Marshall Is.","1945",NULL
"4582","insects of Micronesia 8(4)","Lepidopsocidae","Cytophania marginata Thorton,Lee and Chui",NULL,"Tinian","1945",NULL
"4583","insects of Micronesia 8(4)","Lepidopsocidae","Cytophania marginata Thorton,Lee and Chui",NULL,"Guam","1958",NULL
"4584","insects of Micronesia 8(4)","Lepidopsocidae","Echmepteryx (Thylacopsis) lunulata Thornton,Lee and Chui",NULL,"Hawii","1961",NULL
"4585","insects of Micronesia 8(4)","Lepidopsocidae","Echmepteryx (Thylacopsis) lunulata Thornton,Lee and Chui",NULL,"Bonin Is.","1940",NULL
"4586","insects of Micronesia 8(4)","Lepidopsocidae","Echmepteryx (Thylacopsis) lunulata Thornton,Lee and Chui",NULL,"Saipan","1945",NULL
"4587","insects of Micronesia 8(4)","Lepidopsocidae","Echmepteryx (Thylacopsis) lunulata Thornton,Lee and Chui",NULL,"Guam","1945",NULL
"4588","insects of Micronesia 8(4)","Lepidopsocidae","Echmepteryx (Thylacopsis) lunulata Thornton,Lee and Chui",NULL,"Babelthuap","1952",NULL
"4589","insects of Micronesia 8(4)","Lepidopsocidae","Echmepteryx (Thylacopsis) lunulata Thornton,Lee and Chui",NULL,"Yap","1950",NULL
"4590","insects of Micronesia 8(4)","Lepidopsocidae","Echmepteryx  (Thylacopsis) madagascariensis (kolbe)",NULL,"Bonin Is.","1951",NULL
"4591","insects of Micronesia 8(4)","Lepidopsocidae","Echmepteryx  (Thylacopsis) madagascariensis (kolbe)",NULL,"Saipan","1945",NULL
"4592","insects of Micronesia 8(4)","Lepidopsocidae","Echmepteryx (Thylacopsis) picticeps Thornton,Lee and Chui",NULL,"Saipan","1945",NULL
"4593","insects of Micronesia 8(4)","Lepidopsocidae","Echmepteryx (Thylacopsis) picticeps Thornton,Lee and Chui",NULL,"Tinian","1945",NULL
"4594","insects of Micronesia 8(4)","Lepidopsocidae","Echmepteryx dybasi Thornton<Lee and Chui",NULL,"Saipan","1945",NULL
"4595","insects of Micronesia 8(4)","Lepidopsocidae","Echmepteryx (Thylacopsis)carolinenesis Thornton,Lee and Chui",NULL,"Palau","1954",NULL
"4596","insects of Micronesia 8(4)","Lepidopsocidae","Echmepteryx (Thylacopsis)carolinenesis Thornton,Lee and Chui",NULL,"Yap","1952",NULL
"4597","insects of Micronesia 8(4)","Lepidopsocidae","Echmepteryx (Thylacopsis)carolinenesis Thornton,Lee and Chui",NULL,"Truk","1940",NULL
"4598","insects of Micronesia 8(4)","Lepidopsocidae","Echmepteryx (Thylacopsis)carolinenesis Thornton,Lee and Chui",NULL,"Ponape","1950",NULL
"4599","insects of Micronesia 8(4)","Lepidopsocidae","Lepidopsocus maculatus Thornton,Lee and Chui",NULL,"Hawaii","1945",NULL
"4600","insects of Micronesia 8(4)","Lepidopsocidae","Lepidopsocus maculatus Thornton,Lee and Chui",NULL,"Saipan","1945",NULL
"4601","insects of Micronesia 8(4)","Lepidopsocidae","Lepidopsocus maculatus Thornton,Lee and Chui",NULL,"Tinian","1945",NULL
"4602","insects of Micronesia 8(4)","Lepidopsocidae","Lepidopsocus pretiosus (Banks )",NULL,"Pagan","1940",NULL
"4603","insects of Micronesia 8(4)","Lepidopsocidae","Lepidopsocus pretiosus (Banks )",NULL,"Saipan","1951",NULL
"4604","insects of Micronesia 8(4)","Lepidopsocidae","Lepidopsocus pretiosus (Banks )",NULL,"Tinian","1945",NULL
"4605","insects of Micronesia 8(4)","Lepidopsocidae","Lepidopsocus pretiosus (Banks )",NULL,"Guam","1950",NULL
"4606","insects of Micronesia 8(4)","Lepidopsocidae","Lepidopsocus pretiosus (Banks )",NULL,"Yap","1950",NULL
"4607","insects of Micronesia 8(4)","Lepidopsocidae","Lepidopsocus pretiosus (Banks )",NULL,"Ponape","1950",NULL
"4608","insects of Micronesia 8(4)","Lepidopsocidae","Lepidopsocus pretiosus (Banks )",NULL,"Caroline Atolls","1953",NULL
"4609","insects of Micronesia 8(4)","Lepidopsocidae","Lepidopsocus pretiosus (Banks )",NULL,"Kusaie","1953",NULL
"4610","insects of Micronesia 8(4)","Lepidopsocidae","Lepidopsocus pretiosus (Banks )",NULL,"Marshall Is.","1950",NULL
"4611","insects of Micronesia 8(4)","Lepidopsocidae","Lepidopsocus pallidus Thornton,Lee and Chui",NULL,"Saipan","1945",NULL
"4612","insects of Micronesia 8(4)","Lepidopsocidae","Nepticulomina bothriata Thornto,Lee and Chui",NULL,"Koror","1952",NULL
"4613","insects of Micronesia 8(4)","Lepidopsocidae","Nepticulomina bothriata Thornto,Lee and Chui",NULL,"Yap","1951",NULL
"4614","insects of Micronesia 8(4)","Lepidopsocidae","Nepticulomina lineatus Thornton,Lee and Chui",NULL,"Tinian","1945",NULL
"4615","insects of Micronesia 8(4)","Lepidopsocidae","Soa dahliana Enderlein",NULL,"Guam","1945",NULL
"4616","insects of Micronesia 8(4)","Psoquillidae","Rhyopsocus pandanicola Thornto, Lee and Chui",NULL,"Saipan","1945",NULL
"4617","insects of Micronesia 8(4)","Psoquillidae","Rhyopsocus pandanicola Thornto, Lee and Chui",NULL,"Guam","1945",NULL
"4618","insects of Micronesia 8(4)","Psoquillidae","Rhyopsocus pandanicola Thornto, Lee and Chui",NULL,"Tinian","1945",NULL
"4619","insects of Micronesia 8(4)","Psyllipsocidae","Psyllipsocus ramburi Selys-Longchamps",NULL,"Guam","1945",NULL
"4620","insects of Micronesia 8(4)","Pachytroctidae","Pachytroctes insularis Thornton,Lee and Chui",NULL,"Saipan","1944",NULL
"4621","insects of Micronesia 8(4)","Pachytroctidae","Pachytroctes insularis Thornton,Lee and Chui",NULL,"Tinian","1945",NULL
"4622","insects of Micronesia 8(4)","Pachytroctidae","Tapinella formosa Enderlein",NULL,"Saipan","1944",NULL
"4623","insects of Micronesia 8(4)","Pachytroctidae","Tapinella formosa Enderlein",NULL,"Tinian","1945",NULL
"4624","insects of Micronesia 8(4)","Pachytroctidae","Tapinella pictipenna Thornton ,Lee and Chui",NULL,"Saipan","1945",NULL
"4625","insects of Micronesia 8(4)","Pachytroctidae","Tapinella pictipenna Thornton ,Lee and Chui",NULL,"Philippines","1965",NULL
"4626","insects of Micronesia 8(4)","Caiciliidae","Caecilius analis Banks",NULL,"Pagan","1951",NULL
"4627","insects of Micronesia 8(4)","Caiciliidae","Caecilius analis Banks",NULL,"Saipan","1945",NULL
"4628","insects of Micronesia 8(4)","Caiciliidae","Caecilius analis Banks",NULL,"Tinian","1945",NULL
"4629","insects of Micronesia 8(4)","Caiciliidae","Caecilius analis Banks",NULL,"Rota","1951",NULL
"4630","insects of Micronesia 8(4)","Caiciliidae","Caecilius analis Banks",NULL,"Kusaie","1953",NULL
"4631","insects of Micronesia 8(4)","Caiciliidae","Caecilius analis Banks",NULL,"Ponape","1937",NULL
"4632","insects of Micronesia 8(4)","Caiciliidae","Caecilius analis Banks",NULL,"Marshall Is.","1953",NULL
"4633","insects of Micronesia 8(4)","Caiciliidae","Caecilius arotellus Banks",NULL,"Guam","1942",NULL
"4634","insects of Micronesia 8(4)","Caiciliidae","Caecilius casarum Badonnel",NULL,"Saipan","1944",NULL
"4635","insects of Micronesia 8(4)","Caiciliidae","Caecilius casarum Badonnel",NULL,"Tinian","1945",NULL
"4636","insects of Micronesia 8(4)","Caiciliidae","Caecilius casarum Badonnel",NULL,"Yap","1950",NULL
"4637","insects of Micronesia 8(4)","Caiciliidae","Caecilius casarum Badonnel",NULL,"Caroline Atolls","1952",NULL
"4638","insects of Micronesia 8(4)","Caiciliidae","Caecilius casarum Badonnel",NULL,"Marshall Is.","1945",NULL
"4639","insects of Micronesia 8(4)","Caiciliidae","Caecilius casarum Badonnel",NULL,"Gilbert Is.","1957",NULL
"4640","insects of Micronesia 8(4)","Caiciliidae","Caecilius novoguinensis Enderlein",NULL,"Bonin Is.","1958",NULL
"4641","insects of Micronesia 8(4)","Caiciliidae","Caecilius novoguinensis Enderlein",NULL,"Koror","1952",NULL
"4642","insects of Micronesia 8(4)","Caiciliidae","Caeclius apicatus Thornton,Lee and Chui",NULL,"Truk","1953",NULL
"4643","insects of Micronesia 8(4)","Caiciliidae","Caecilius fuscipennis Thornton,Lee and Chui",NULL,"Palau","1952",NULL
"4644","insects of Micronesia 8(4)","Caiciliidae","Caecilius fuscipennis Thornton,Lee and Chui",NULL,"Babelthuap","1952",NULL
"4645","insects of Micronesia 8(4)","Caiciliidae","Caecilius fuscipennis Thornton,Lee and Chui",NULL,"Yap","1952",NULL
"4646","insects of Micronesia 8(4)","Caiciliidae","Caeclius Kraussei Thornton,Lee and Chui",NULL,"Tobi Is.","1952",NULL
"4647","insects of Micronesia 8(4)","Caiciliidae","Caeclius Kraussei Thornton,Lee and Chui",NULL,"Caroline Atolls","1952",NULL
"4648","insects of Micronesia 8(4)","Caiciliidae","Caecilius leuroceps Thornrton,Lee and Chui",NULL,"Guam","1957",NULL
"4649","insects of Micronesia 8(4)","Caiciliidae","Caecilius leuroceps Thornrton,Lee and Chui",NULL,"Saipan","1940",NULL
"4650","insects of Micronesia 8(4)","Caiciliidae","Caeclius marginatus Tornton,Lee and Chui",NULL,"Koror","1953",NULL
"4651","insects of Micronesia 8(4)","Caiciliidae","Caecilius marianus Thornton,Lee and Chui",NULL,"Guam","1945",NULL
"4652","insects of Micronesia 8(4)","Caiciliidae","Caeclius Pseudanalis Thornton ,Lee and Chui",NULL,"Gilbert Is.","1957",NULL
"4653","insects of Micronesia 8(4)","Caiciliidae","Caeclius Pseudanalis Thornton ,Lee and Chui",NULL,"Ocean Is.","1957",NULL
"4654","insects of Micronesia 8(4)","Caiciliidae","Caecilius trukensis Thornron,Lee and Chui",NULL,"Truk","1954",NULL
"4655","insects of Micronesia 8(4)","Philotarsidae","Aaroniella gressitti Thornton,Lee and Chui",NULL,"Palau","1954",NULL
"4656","insects of Micronesia 8(4)","Philotarsidae","Aaroniella gressitti Thornton,Lee and Chui",NULL,"Yap","1952",NULL
"4657","insects of Micronesia 8(4)","Philotarsidae","Aaroniella gressitti Thornton,Lee and Chui",NULL,"Ponape","1952",NULL
"4658","insects of Micronesia 8(4)","Philotarsidae","Aaroniella gressitti Thornton,Lee and Chui",NULL,"Kusaie","1963",NULL
"4659","insects of Micronesia 8(4)","Philotarsidae","Aaroniella trukensis Thornton,Lee and Chui",NULL,"Truk","1953",NULL
"4660","insects of Micronesia 8(4)","Philotarsidae","Haplophallus boninensis Thornton,Lee and Chui",NULL,"Bonin Is","1958",NULL
"4661","insects of Micronesia 8(4)","Philotarsidae","Haplophallus boninensis Thornton,Lee and Chui",NULL,"Volcano Is.","1956",NULL
"4662","insects of Micronesia 8(4)","Philotarsidae","Haplophallus fuscistigma Thornton,Lee and Chui",NULL,"Saipan","1945",NULL
"4663","insects of Micronesia 8(4)","Lachisillidae","Lachesilla pedicularia (L.)",NULL,"Saipan","1945",NULL
"4664","insects of Micronesia 8(4)","Ectopsocidae","Ectopsocopsis cryptomeriae (Enderlein)",NULL,"Saipan","1945",NULL
"4665","insects of Micronesia 8(4)","Ectopsocidae","Ectopsocopsis cryptomeriae (Enderlein)",NULL,"Tinian","1945",NULL
"4666","insects of Micronesia 8(4)","Ectopsocidae","Ectopsocus briggsi McLachlan",NULL,"Saipan","1945",NULL
"4667","insects of Micronesia 8(4)","Ectopsocidae","Ectopsocus fullawayi Enderlein",NULL,"Wake atoll","1957",NULL
"4668","insects of Micronesia 8(4)","Ectopsocidae","Ectopsocus maindroni Badonnel",NULL,"Saipan","1945",NULL
"4669","insects of Micronesia 8(4)","Ectopsocidae","Ectopsocus maindroni Badonnel",NULL,"Tinian","1945",NULL
"4670","insects of Micronesia 8(4)","Ectopsocidae","Ectopsocus maindroni Badonnel",NULL,"Koror","1957",NULL
"4671","insects of Micronesia 8(4)","Ectopsocidae","Ectopsocus maindroni Badonnel",NULL,"Kusaie","1953",NULL
"4672","insects of Micronesia 8(4)","Ectopsocidae","Ectopsocus maindroni Badonnel",NULL,"Marshall Is.","1944",NULL
"4673","insects of Micronesia 8(4)","Ectopsocidae","Ectopsocus maindroni Badonnel",NULL,"Gilbert Is.","1957",NULL
"4674","insects of Micronesia 8(4)","Ectopsocidae","Ectopsocus pumiles (Banks)",NULL,"Saipan","1945",NULL
"4675","insects of Micronesia 8(4)","Ectopsocidae","Ectopsocus waterstradti (Enderlein)",NULL,"Guam","1945",NULL
"4676","insects of Micronesia 8(4)","Ectopsocidae","Ectopsocus boharte Thornton and Wong",NULL,"Bonin Is","1957",NULL
"4677","insects of Micronesia 8(4)","Ectopsocidae","Ectopsocus denervus Thornton and Wong",NULL,"Saipan","1944",NULL
"4678","insects of Micronesia 8(4)","Ectopsocidae","Ectopsocus denervus Thornton and Wong",NULL,"Guam","1945",NULL
"4679","insects of Micronesia 8(4)","Ectopsocidae","Ectopsocus denervus Thornton and Wong",NULL,"Babelthuap","1957",NULL
"4680","insects of Micronesia 8(4)","Ectopsocidae","Ectopsocus denervus Thornton and Wong",NULL,"Koror","1952",NULL
"4681","insects of Micronesia 8(4)","Ectopsocidae","Ectopsocus denervus Thornton and Wong",NULL,"Yap","1957",NULL
"4682","insects of Micronesia 8(4)","Ectopsocidae","Ectopsocus denervus Thornton and Wong",NULL,"Truk","1952",NULL
"4683","insects of Micronesia 8(4)","Ectopsocidae","Ectopsocus denervus Thornton and Wong",NULL,"Ponape","1953",NULL
"4684","insects of Micronesia 8(4)","Ectopsocidae","Ectopsocus denervus Thornton and Wong",NULL,"Kusaie","1953",NULL
"4685","insects of Micronesia 8(4)","Ectopsocidae","Ectopsocus denervus Thornton and Wong",NULL,"Gilbert Is.","1957",NULL
"4686","insects of Micronesia 8(4)","Ectopsocidae","Ectopsocus fenestratus Thornton and Wong",NULL,"Saipan","1940",NULL
"4687","insects of Micronesia 8(4)","Ectopsocidae","Ectopsocus fenestratus Thornton and Wong",NULL,"Tinian","1945",NULL
"4688","insects of Micronesia 8(4)","Ectopsocidae","Ectopsocus fenestratus Thornton and Wong",NULL,"Guam","1952",NULL
"4689","insects of Micronesia 8(4)","Ectopsocidae","Ectopsocus marginatus Thornton and Wong",NULL,"Saipan","1945",NULL
"4690","insects of Micronesia 8(4)","Ectopsocidae","Ectopsocus marginatus Thornton and Wong",NULL,"Tinian","1945",NULL
"4691","insects of Micronesia 8(4)","Ectopsocidae","Ectopsocus marginatus Thornton and Wong",NULL,"Guam","1958",NULL
"4692","insects of Micronesia 8(4)","Ectopsocidae","Ectopsocus ornatoides Thornton and Wong",NULL,"Bonin Is.","1951",NULL
"4693","insects of Micronesia 8(4)","Ectopsocidae","Ectopsocus ornatoides Thornton and Wong",NULL,"Saipan","1944",NULL
"4694","insects of Micronesia 8(4)","Ectopsocidae","Ectopsocus ornatoides Thornton and Wong",NULL,"Tinian","1945",NULL
"4695","insects of Micronesia 8(4)","Ectopsocidae","Ectopsocus ornatoides Thornton and Wong",NULL,"Truk","1953",NULL
"4696","insects of Micronesia 8(4)","Ectopsocidae","Ectopsocus ornatoides Thornton and Wong",NULL,"Peleliu","1945",NULL
"4697","insects of Micronesia 8(4)","Ectopsocidae","Ectopsocus ornatoides Thornton and Wong",NULL,"Ponape","1953",NULL
"4698","insects of Micronesia 8(4)","Ectopsocidae","Ectopsocus ornatoides Thornton and Wong",NULL,"Kusaie","1953",NULL
"4699","insects of Micronesia 8(4)","Ectopsocidae","Ectopsocus ornatoides Thornton and Wong",NULL,"Marshall Is.","1958",NULL
"4700","insects of Micronesia 8(4)","Ectopsocidae","Ectopsocus paraplesius Thornton and Wong",NULL,"Truk","1953",NULL
"4701","insects of Micronesia 8(4)","Ectopsocidae","Ectopsocus salpinx Thornton and Wong",NULL,"Guam","1958",NULL
"4702","insects of Micronesia 8(4)","Ectopsocidae","Ectopsocus separatus Thornton and Wang",NULL,"Kusaie","1953",NULL
"4703","insects of Micronesia 8(4)","Ectopsocidae","Ectopsocus speciosus Thornton and Wong",NULL,"Babelthuap","1957",NULL
"4704","insects of Micronesia 8(4)","Ectopsocidae","Ectopsocus spilotus Thornton and Wong",NULL,"Marshall Is.","1950",NULL
"4705","insects of Micronesia 8(4)","Ectopsocidae","Ectopsocus spilotus Thornton and Wong",NULL,"Gilbert Is.","1957",NULL
"4706","insects of Micronesia 8(4)","Ectopsocidae","Ectopsocus Thysanus Thornton and Wong",NULL,"Saipan","1945",NULL
"4707","insects of Micronesia 8(4)","Ectopsocidae","Ectopsocus Thysanus Thornton and Wong",NULL,"Guam","1958",NULL
"4708","insects of Micronesia 8(4)","Ectopsocidae","Ectopsocus Thysanus Thornton and Wong",NULL,"Tinian","1945",NULL
"4709","insects of Micronesia 8(4)","Ectopsocidae","Ectopsocus villosus Thornton and Wong",NULL,"Truk","1952",NULL
"4710","insects of Micronesia 8(4)","Ectopsocidae","Ectopsocus villosus Thornton and Wong",NULL,"Ponape","1953",NULL
"4711","insects of Micronesia 8(4)","Ectopsocidae","Ectopsocus villosus Thornton and Wong",NULL,"Kusaie","1953",NULL
"4712","insects of Micronesia 8(4)","Ectopsocidae","Ectopsocus villosus Thornton and Wong",NULL,"Marshall Is.","1958",NULL
"4713","insects of Micronesia 8(4)","Peripsocidae","PeripsocusFerrogeneus Thornton and Wong",NULL,"Saipan","1944",NULL
"4714","insects of Micronesia 8(4)","Peripsocidae","PeripsocusFerrogeneus Thornton and Wong",NULL,"Tinian","1945",NULL
"4715","insects of Micronesia 8(4)","Peripsocidae","PeripsocusFerrogeneus Thornton and Wong",NULL,"Guam","1952",NULL
"4716","insects of Micronesia 8(4)","Peripsocidae","PeripsocusFerrogeneus Thornton and Wong",NULL,"Caroline Atolls","1952",NULL
"4717","insects of Micronesia 8(4)","Peripsocidae","PeripsocusFerrogeneus Thornton and Wong",NULL,"Truk","1953",NULL
"4718","insects of Micronesia 8(4)","Peripsocidae","PeripsocusFerrogeneus Thornton and Wong",NULL,"Yap","1952",NULL
"4719","insects of Micronesia 8(4)","Peripsocidae","PeripsocusFerrogeneus Thornton and Wong",NULL,"Ponape","1950",NULL
"4720","insects of Micronesia 8(4)","Peripsocidae","PeripsocusFerrogeneus Thornton and Wong",NULL,"Kusaie","1953",NULL
"4721","insects of Micronesia 8(4)","Peripsocidae","Peripsocus pauliani Badonnel",NULL,"Volcano Is.","1958",NULL
"4722","insects of Micronesia 8(4)","Peripsocidae","Peripsocus pauliani Badonnel",NULL,"Saipan","1944",NULL
"4723","insects of Micronesia 8(4)","Peripsocidae","Peripsocus pauliani Badonnel",NULL,"Tinian","1945",NULL
"4724","insects of Micronesia 8(4)","Peripsocidae","Peripsocus pauliani Badonnel",NULL,"Babelthuap","1957",NULL
"4725","insects of Micronesia 8(4)","Peripsocidae","Peripsocus pauliani Badonnel",NULL,"Yap","1950",NULL
"4726","insects of Micronesia 8(4)","Peripsocidae","Peripsocus pauliani Badonnel",NULL,"Marshall Is.","1956",NULL
"4727","insects of Micronesia 8(4)","Peripsocidae","Peripsocus suffitus Enderlein",NULL,"Guam","1942",NULL
"4728","insects of Micronesia 8(4)","Hemipsocidae","Hemipsocuds chloroticus (Hagen)",NULL,"Guam","1958",NULL
"4729","insects of Micronesia 8(4)","Hemipsocidae","Hemipsocuds chloroticus (Hagen)",NULL,"Yap","1950",NULL
"4730","insects of Micronesia 8(4)","Hemipsocidae","Hemipsocuds chloroticus (Hagen)",NULL,"Caroline Atolls","1952",NULL
"4731","insects of Micronesia 8(4)","Hemipsocidae","Hemipsocuds chloroticus (Hagen)",NULL,"Truk","1949",NULL
"4732","insects of Micronesia 8(4)","Hemipsocidae","Hemipsocuds chloroticus (Hagen)",NULL,"Kusaie","1953",NULL
"4733","insects of Micronesia 8(4)","Hemipsocidae","Hemipsocuds chloroticus (Hagen)",NULL,"Marshall Is.","1950",NULL
"4734","insects of Micronesia 8(4)","Hemipsocidae","Hemipsocus roseus (Hagen)",NULL,"Babelthuap","1939",NULL
"4735","insects of Micronesia 8(4)","Hemipsocidae","Hemipsocus roseus (Hagen)",NULL,"Koror","1952",NULL
"4736","insects of Micronesia 8(4)","Hemipsocidae","Hemipsocus roseus (Hagen)",NULL,"Ponape","1953",NULL
"4737","insects of Micronesia 8(4)","Pseudocaecilliidae","Heterocaecilius adamsi Lee and Thornton",NULL,"Ponape","1950",NULL
"4738","insects of Micronesia 8(4)","Pseudocaecilliidae","Heterocaecilius minotus Lee and Thornton",NULL,"Peleliu","1945",NULL
"4739","insects of Micronesia 8(4)","Pseudocaecilliidae","Heterocaecilius minotus Lee and Thornton",NULL,"Truk","1953",NULL
"4740","insects of Micronesia 8(4)","Pseudocaecilliidae","Heterocaecilius minotus Lee and Thornton",NULL,"Ponape","1953",NULL
"4741","insects of Micronesia 8(4)","Pseudocaecilliidae","Heterocaecilius minotus Lee and Thornton",NULL,"Kusaie","1953",NULL
"4742","insects of Micronesia 8(4)","Pseudocaecilliidae","Heterocaecilius minotus Lee and Thornton",NULL,"Marshall Is.","1946",NULL
"4743","insects of Micronesia 8(4)","Pseudocaecilliidae","Heterocaecilius campanula Lee and Thornton",NULL,"Ponape","1953",NULL
"4744","insects of Micronesia 8(4)","Pseudocaecilliidae","Heterocaecilius campanula Lee and Thornton",NULL,"Caroline Atolls","1946",NULL
"4745","insects of Micronesia 8(4)","Pseudocaecilliidae","Heterocaecilius campanula Lee and Thornton",NULL,"Marshall Is.","1946",NULL
"4746","insects of Micronesia 8(4)","Pseudocaecilliidae","Heterocaecilius campanula Lee and Thornton",NULL,"Gilbert Is.","1957",NULL
"4747","insects of Micronesia 8(4)","Pseudocaecilliidae","Heterocaecilius dybasi Lee and Thornton",NULL,"Saipan","1945",NULL
"4748","insects of Micronesia 8(4)","Pseudocaecilliidae","Heterocaecilius dybasi Lee and Thornton",NULL,"Gilbert Is.","1957",NULL
"4749","insects of Micronesia 8(4)","Pseudocaecilliidae","Lobocaecilius cynara Lee and Thornton",NULL,"Babelthuap","1946",NULL
"4750","insects of Micronesia 8(4)","Pseudocaecilliidae","Lobocaecilius fennecus Lee and Thornton",NULL,"Anatahan Is.","1951",NULL
"4751","insects of Micronesia 8(4)","Pseudocaecilliidae","Lobocaecilius fennecus Lee and Thornton",NULL,"Saipan","1945",NULL
"4752","insects of Micronesia 8(4)","Pseudocaecilliidae","Lobocaecilius fennecus Lee and Thornton",NULL,"Tinian","1945",NULL
"4753","insects of Micronesia 8(4)","Pseudocaecilliidae","Lobocaecilius fennecus Lee and Thornton",NULL,"Guam","1952",NULL
"4754","insects of Micronesia 8(4)","Pseudocaecilliidae","Lobocaecilius fennecus Lee and Thornton",NULL,"Koror","1952",NULL
"4755","insects of Micronesia 8(4)","Pseudocaecilliidae","Lobocaecilius fennecus Lee and Thornton",NULL,"Yap","1952",NULL
"4756","insects of Micronesia 8(4)","Pseudocaecilliidae","Lobocaecilius fennecus Lee and Thornton",NULL,"Ponape","1950",NULL
"4757","insects of Micronesia 8(4)","Pseudocaecilliidae","Lobocaecilius fennecus Lee and Thornton",NULL,"Caroline Atolls","1952",NULL
"4758","insects of Micronesia 8(4)","Pseudocaecilliidae","Pseudocaecilius criniger (Perkins)",NULL,"Bonin Is.","1957",NULL
"4759","insects of Micronesia 8(4)","Pseudocaecilliidae","Pseudocaecilius criniger (Perkins)",NULL,"Saipan","1944",NULL
"4760","insects of Micronesia 8(4)","Pseudocaecilliidae","Pseudocaecilius criniger (Perkins)",NULL,"Tinian","1945",NULL
"4761","insects of Micronesia 8(4)","Pseudocaecilliidae","Pseudocaecilius criniger (Perkins)",NULL,"Guam","1945",NULL
"4762","insects of Micronesia 8(4)","Pseudocaecilliidae","Pseudocaecilius criniger (Perkins)",NULL,"Koror","1954",NULL
"4763","insects of Micronesia 8(4)","Pseudocaecilliidae","Pseudocaecilius criniger (Perkins)",NULL,"Yap","1950",NULL
"4764","insects of Micronesia 8(4)","Pseudocaecilliidae","Pseudocaecilius criniger (Perkins)",NULL,"Ponape","1950",NULL
"4765","insects of Micronesia 8(4)","Pseudocaecilliidae","Psuedocaecilius Marshalli Karny",NULL,"Guam","1945",NULL
"4766","insects of Micronesia 8(4)","Pseudocaecilliidae","Psuedocaecilius Marshalli Karny",NULL,"Tinian","1945",NULL
"4767","insects of Micronesia 8(4)","Pseudocaecilliidae","Pseudocaecilius tahitiensis (Karny)",NULL,"Saipan","1945",NULL
"4768","insects of Micronesia 8(4)","Pseudocaecilliidae","Pseudoscottiella ornatus (Banks)",NULL,"Guam","1952",NULL
"4769","insects of Micronesia 8(4)","Pseudocaecilliidae","Psuedoscottiella bifasciata Thornton ,Lee and Chui",NULL,"Truk","1953",NULL
"4770","insects of Micronesia 8(4)","Pseudocaecilliidae","Pseudoscottiella circularis Thornton ,Lee and Chui",NULL,"Ponape","1950",NULL
"4771","insects of Micronesia 8(4)","Pseudocaecilliidae","Pseudoscottiella clarkei Thornton,Lee and Chui",NULL,"Babelthuap","1957",NULL
"4772","insects of Micronesia 8(4)","Pseudocaecilliidae","Pseudoscottiella fuscistigma Thornton ,Lee and Chui",NULL,"Palau","1957",NULL
"4773","insects of Micronesia 8(4)","Pseudocaecilliidae","Pseudoscottiella gressitti Thornton,Lee and Chui",NULL,"Koror","1952",NULL
"4774","insects of Micronesia 8(4)","Pseudocaecilliidae","Pseudoscottiella pallida Thornton,Lee and Chui",NULL,"Koror","1952",NULL
"4775","insects of Micronesia 8(4)","Pseudocaecilliidae","Pseudoscottiella postica Thornton,Lee and Chui",NULL,"Yap","1950",NULL
"4776","insects of Micronesia 8(4)","Pseudocaecilliidae","Pseudoscottiella pseudornatus Thornton,Lee and Chui",NULL,"Palau","1952",NULL
"4777","insects of Micronesia 8(4)","Archipsocidae","Archipsocus (Archipsocopsis) dybasi Thornton,Lee and Chui",NULL,"Tinian","1945",NULL
"4778","insects of Micronesia 8(4)","Archipsocidae","Archipsocus (Archipsocus)spinosus Thornton,Lee and Chui",NULL,"Saipan","1945",NULL
"4779","insects of Micronesia 8(4)","Archipsocidae","Archipsocus (Archipsocus)spinosus Thornton,Lee and Chui",NULL,"Tinian","1945",NULL
"4780","insects of Micronesia 8(4)","Myopsocidae","Lophopterygella cincticornis Thornton,Lee and Chui",NULL,"Tinian","1945",NULL
"4781","insects of Micronesia 8(4)","Myopsocidae","Myopsocus bekeri Banks",NULL,"Guam","1936",NULL
"4782","insects of Micronesia 8(4)","Myopsocidae","Myopsocus clunius Thornton,Lee and Chui",NULL,"Saipan","1940",NULL
"4783","insects of Micronesia 8(4)","Myopsocidae","Myopsocus clunius Thornton,Lee and Chui",NULL,"Truk","1953",NULL
"4784","insects of Micronesia 8(4)","Myopsocidae","Myopsocus Palauensis Thornton,Lee and Chui",NULL,"Peleliu","1952",NULL
"4785","insects of Micronesia 8(4)","Psocidae","Ptycta angulata Thornton,Lee and Chui",NULL,"Saipan","1944",NULL
"4786","insects of Micronesia 8(4)","Psocidae","Ptycta angulata Thornton,Lee and Chui",NULL,"Tinian","1945",NULL
"4787","insects of Micronesia 8(4)","Psocidae","Ptycta angulata Thornton,Lee and Chui",NULL,"Guam","1936",NULL
"4788","insects of Micronesia 8(4)","Psocidae","Ptycta angulata Thornton,Lee and Chui",NULL,"Majuro","1950",NULL
"4789","insects of Micronesia 8(4)","Psocidae","Ptycta angulata Thornton,Lee and Chui",NULL,"Kusaie","1953",NULL
"4790","insects of Micronesia 8(4)","Psocidae","Ptycta maculata Thornton,Lee and Chui",NULL,"Ponape","1950",NULL
"4791","insects of Micronesia 8(4)","Psocidae","Ptycta marianensis Thornton,Lee and Chui",NULL,"Saipan","1945",NULL
"4792","insects of Micronesia 8(4)","Psocidae","Ptycta marianensis Thornton,Lee and Chui",NULL,"Tinian","1945",NULL
"4793","insects of Micronesia 8(4)","Psocidae","Ptycta marianensis Thornton,Lee and Chui",NULL,"Guam","1958",NULL
"4794","insects of Micronesia 8(4)","Psocidae","Ptycta micromaculata Thornton,Lee and Chui",NULL,"Bonin Is.","1958",NULL
"4795","insects of Micronesia 8(4)","Psocidae","Ptycta nitens Thornton,Lee and Chui",NULL,"Koror","1952",NULL
"4796","insects of Micronesia 8(4)","Psocidae","Ptycta nitens Thornton,Lee and Chui",NULL,"Truk","1939",NULL
"4797","insects of Micronesia 8(4)","Psocidae","Ptycta pervula Thornto,Lee and Chui",NULL,"Babelthuap","1957",NULL
"4798","insects of Micronesia 8(4)","Psocidae","Ptycta pervula Thornto,Lee and Chui",NULL,"Guam","1957",NULL
"4799","insects of Micronesia 8(4)","Haematopinidae","Haematopinus tuberculatus (Burmeister)",NULL,"Guam","1936",NULL
"4800","insects of Micronesia 8(4)","Haematopinidae","Haematopinus suis( Linnaeus)",NULL,"Guam","1939",NULL
"4801","insects of Micronesia 8(4)","Hoplopleuridae","Hoplopleura pacifica Ewing",NULL,"Saipan","1944",NULL
"4802","insects of Micronesia 8(4)","Hoplopleuridae","Hoplopleura pacifica Ewing",NULL,"Tinian","1945",NULL
"4803","insects of Micronesia 8(4)","Hoplopleuridae","Hoplopleura pacifica Ewing",NULL,"Peleliu","1945",NULL
"4804","insects of Micronesia 8(4)","Hoplopleuridae","Hoplopleura pacifica Ewing",NULL,"Caroline Atolls","1971",NULL
"4805","insects of Micronesia 8(4)","Hoplopleuridae","Hoplopleura pacifica Ewing",NULL,"Ponape","1955",NULL
"4806","insects of Micronesia 8(4)","Hoplopleuridae","Hoplopleura pacifica Ewing",NULL,"Kusaie","1953",NULL
"4807","insects of Micronesia 8(4)","Hoplopleuridae","Hoplopleura pacifica Ewing",NULL,"Marshall Is.","1944",NULL
"4808","insects of Micronesia 8(4)","Hoplopleuridae","Hoplopleura pacifica Ewing",NULL,"Gilbert Is.","1944",NULL
"4809","insects of Micronesia 8(4)","Linognathidae","Linognathus africanus Kellogg",NULL,"Saipan","1944",NULL
"4810","insects of Micronesia 8(4)","Pediculidae","Pediculus humanus (Linnaeus)",NULL,"Guam","1937",NULL
"4811","insects of Micronesia 8(4)","Pediculidae","Pediculus humanus (Linnaeus)",NULL,"Caroline Atolls","1946",NULL
"4812","insects of Micronesia 8(4)","Pediculidae","Pediculus humanus (Linnaeus)",NULL,"Gilbert Is.","1957",NULL
"4813","CABI CPC 2003","Hesperiidae","Erionota thrax","banana skipper","Guam","1956",NULL
"4814","CABI CPC 2003","Hesperiidae","Erionota thrax","banana skipper","Saipan","1960",NULL
"4815","CABI CPC 2003","Hesperiidae","Erionota thrax","banana skipper","Papua New Guinea","1961",NULL
"4816","CABI CPC 2003","Hesperiidae","Erionota thrax","banana skipper","Okinawa","1986",NULL
"4817","CABI CPC 2003","Hesperiidae","Erionota thrax","banana skipper","Hawaii","1973",NULL
"4818","CABI CPC 2003","Hesperiidae","Erionota thrax","banana skipper","Mauritius","1970",NULL
"4819","Schreiner 1991","Acrididae","Stenocatantops splendens",NULL,"Guam","1984",NULL
"4820","Schreiner 1991","Thripidae","Thrips palmi","melon thrips","Guam","1983",NULL
"4821","CABI CPC 2003","Thripidae","Thrips palmi","melon thrips","Thailand","1947",NULL
"4822","CABI CPC 2003","Thripidae","Thrips palmi","melon thrips","India","1950",NULL
"4823","CABI CPC 2003","Thripidae","Thrips palmi","melon thrips","Pakistan","1951",NULL
"4824","CABI CPC 2003","Thripidae","Thrips palmi","melon thrips","Malaysia","1971",NULL
"4825","CABI CPC 2003","Thripidae","Thrips palmi","melon thrips","Philippines","1977",NULL
"4826","CABI CPC 2003","Thripidae","Thrips palmi","melon thrips","Japan","1978",NULL
"4827",NULL,"Thripidae","Thrips palmi","melon thrips","Hawaii","9999",NULL
"4828","Schreiner 1991","Aleyrodidae","Aleurodicus dispersus","spiralling whitefly","Hawaii","1978",NULL
"4829","Schreiner 1991","Aleyrodidae","Aleurodicus dispersus","spiralling whitefly","Guam","1981",NULL
"4830","Schreiner 1991","Aleyrodidae","Aleurothrixus flocosus","woolly whitefly","Guam","1984",NULL
"4831","Schreiner 1991","Coccidae","Ceroplastes ceriferus","Indian wax scale","Guam","1984",NULL
"4832","Beardsley 1986","Coccidae","Ceroplastes ceriferus","Indian wax scale","Palau","9999",NULL
"4833","Schreiner 1991","Margarodidae","Steatococcus samaraius",NULL,"Guam","1985",NULL
"4834","Beardsley 1986","Margarodidae","Steatococcus samaraius",NULL,"Papua New Guinea","9999",NULL
"4835","Beardsley 1986","Margarodidae","Steatococcus samaraius",NULL,"Palau","9999",NULL
"4836","Beardsley 1986","Margarodidae","Steatococcus samaraius",NULL,"Yap","9999",NULL
"4837","Nakahara & Lai 1984?","Psyllidae","Heteropsylla cubana","leucaena psyllid","Florida","1983",NULL
"4838","Nakahara & Lai 1984","Psyllidae","Heteropsylla cubana","leucaena psyllid","Hawaii","1984",NULL
"4839","Schreiner 1991","Aphididae","Cerataphis sp.","palm aphid","Guam","1988",NULL
"4840","Schreiner 1991","Derbidae","Flaccia dione",NULL,"Guam","1985",NULL
"4841","Schreiner 1991","Flatidae","Melormenis basilis",NULL,"Guam","1985",NULL
"4842","Shiroma 1968","Flatidae","Melormenis basilis",NULL,"Hawaii","1967",NULL
"4843","McConnell & Muniappan 1988a","Diaspididae","Furcaspis biformis",NULL,"Guam","9999",NULL
"4844","McConnell & Muniappan 1988b","Diaspididae","Genaparlatoria pseudoaspidiotus",NULL,"Guam","9999",NULL
"4845","Schreiner 1991","Diaspididae","Lindingaspis tingi",NULL,"Guam","1988","From Gillian Watson in 2013 concerning L. tingi ex. Cycas revoluta 
https://mail.google.com/mail/u/0/?pli=1#search/Chrysomphalus/13e61dcae5dd66dd 

Lindingaspis tingi McKenzie

See http://www.sel.barc.usda.gov/catalogs/diaspidi/Lindingaspistingi.htm

Virtually nothing is known about this species, which was described from the Philippines on orchid leaves. I found 1 male, so it is sexual. Luckily we had a few slides in the collection here for comparison!

 

I’m not sure how helpful this is!  I’m way behind on slide labeling but once that gets done I’ll send you a slide.  


Unfortunately, although you sent lots of specimens, there were very few that had not been damaged by parasitoids and I only managed to make a couple of slides.

"
"4846","Schreiner 1991","Diaspididae","Lindingaspis tingi",NULL,"Philippines","9999",NULL
"4847","Schreiner 1991","Diaspididae","Pseudaonidia trilobitiformis",NULL,"Guam","9999",NULL
"4848","Schreiner 1991","Chrysomelidae","Rhyparida sp.",NULL,"Guam","1985",NULL
"4849","Schreiner 1991","Scarabaeidae","Popilia lewisii",NULL,"Guam","1985",NULL
"4850","Schreiner 1991","Chrysomelidae","Epitrix hirtipennis","tobacco flea beetle","Guam","1983",NULL
"4851","Schreiner 1991","Chrysomelidae","Chaetocnema confinis","sweet potato flea beetle","Guam","1986",NULL
"4852","Lai 1985","Chrysomelidae","Chaetocnema confinis","sweet potato flea beetle","Hawaii","1983",NULL
"4853","Schreiner 1991","Chrysomelidae","Chaetocnema confinis","sweet potato flea beetle","Saipan","9999",NULL
"4854","Schreiner 1991","Chrysomelidae","Chaetocnema confinis","sweet potato flea beetle","Majuro","9999",NULL
"4855","Schreiner 1991","Noctuidae","Helicoverpa assulta",NULL,"Guam","1987",NULL
"4856","Schreiner 1991","Noctuidae","Platyja umminia",NULL,"Guam","1988",NULL
"4857","Schreiner 1991","Noctuidae","Parallelia palumba",NULL,"Guam","1989",NULL
"4858","Schreiner 1991","Noctuidae","Hulodes caranea",NULL,"Guam","1986",NULL
"4859","Schreiner 1991","Noctuidae","Hulodes caranea",NULL,"Palau","9999",NULL
"4860","Schreiner 1991","Agromyzidae","Melanagromyza splendida",NULL,"Guam","1986",NULL
"4861","Schreiner 1991","Agromyzidae","Melanagromyza splendida",NULL,"Hawaii","9999",NULL
"4862","Schreiner 1991","Formicidae","Pheidole megacephala",NULL,"Guam","9999",NULL
"4863","Schreiner 1991","Tetranychidae","Eotetranychus cendanai",NULL,"Guam","1983",NULL
"4864","Schreiner 1991","Coleoptera family","Pyropotasia pryeria",NULL,"Guam","1990",NULL
"4865","Schreiner 1991","Coleoptera family","Pyropotasia pryeria",NULL,"Midway","9999",NULL
"4866","PHES 27:11","Thysanoptera","Thrips palmi",NULL,"Oahu","1982",NULL
"4867","PHES 27:11","Thysanoptera","Thrips palmi",NULL,"Kauai","1984",NULL
"4868","PHES 27:11","Thysanoptera","Thrips palmi",NULL,"Hawaii","1984",NULL
"4869","PHES 27:11","Thysanoptera","Thrips palmi",NULL,"Maui","1985",NULL
"4870","PHES 27:11","Thysanoptera","Thrips palmi",NULL,"Molokai","1985",NULL
"4871","PHES 27:2","Psychidae","Brachycyttarus griseus?","grass bagworm","Oahu","1984",NULL
"4872","PHES 27:2","Buprestidae","Aphanticus sp.",NULL,"Oahu","1984",NULL
"4873","PHES 27:2","Cecidomyiidae","Contarinia sp.",NULL,"Maui","1984",NULL
"4874","PHES 27:2","Pseudococcidae","Pseudococcus elisae",NULL,"Hawaiian Islands","1984",NULL
"4875","PHES 27:4","Noctuidae","Endocima fullonia",NULL,"Oahu","1985",NULL
"4876","PHES 27:7","Aleurodidae","Bemisia tabaci",NULL,"Oahu","1982",NULL
"4877","PHES 27:7","Noctuidae","Eudocima fullonia",NULL,"Kauai","1985",NULL
"4878","PHES 27:7","Helodidae","Scirtes sp.",NULL,"Kauai","1985",NULL
"4879","PHES 27:8","Helodidae","Scirtes sp.",NULL,"Oahu","1975",NULL
"4880","PHES 27:8","Thripidae","Elixothrips brevisetis","banana rind thrips","Hawaiian Islands","1981",NULL
"4881","PHES 27:8","Cupedidae","Tenomerga mucida",NULL,"Oahu","1969",NULL
"4882","PHES 27:9","Diaspididae","Andaspis leucophloeae",NULL,"Oahu","1984",NULL
"4883","PHES 27:9","Pseudococcidae","Pseudococcus dendrobium",NULL,"Hawaii","1976",NULL
"4884","PHES 27:10","Tingidae","Leptodictya tabida",NULL,"Maui","1985",NULL
"4885","PHES 27:10","Dryophthoridae","Cosmopolites sordidus","banana root borer","Molokai","1985",NULL
"4886","PHES 27:10","Dryophthoridae","Cosmopolites sordidus","banana root borer","Oahu","1981",NULL
"4887","PHES 27:10","Dryophthoridae","Cosmopolites sordidus","banana root borer","Maui","1983",NULL
"4888","PHES 27:10","Chrysomelidae","Chaetocnema confinis","sweet potato flea beetle","Molokai","1985",NULL
"4889","PHES 27:10","Chrysomelidae","Chaetocnema confinis","sweet potato flea beetle","Oahu","1982",NULL
"4890","PHES 27:10","Chrysomelidae","Chaetocnema confinis","sweet potato flea beetle","Kauai","1983",NULL
"4891","PHES 27:10","Chrysomelidae","Chaetocnema confinis","sweet potato flea beetle","Hawaii","1984",NULL
"4892","PHES 27:10","Neriidae","Telostylinus lineolatus",NULL,"Hawaii","1985",NULL
"4893","PHES 27:10","Neriidae","Telostylinus lineolatus",NULL,"Oahu","1978",NULL
"4894","PHES 27:10","Neriidae","Telostylinus lineolatus",NULL,"Kauai","1981",NULL
"4895","PHES 27:11","Aphididae","Aphis nasturtii",NULL,"Oahu","1983",NULL
"4896","PHES 27:12","Scarabeidae","Trox suberosus",NULL,"Kauai","1985",NULL
"4897","PHES 27:12","Scarabeidae","Trox suberosus",NULL,"Oahu","1970",NULL
"4898","PHES 27:12","Eurytomidae","Bruchophagus mellipes",NULL,"Hawaii","1985",NULL
"4899","PHES 24:173","Eurytomidae","Bruchophagus mellipes",NULL,"Oahu","1969",NULL
"4900","PHES 27:12","Eulophidae","Tetrastichus chrysopae",NULL,"Hawaii","1985",NULL
"4901","PHES 21:18","Eulophidae","Tetrastichus chrysopae",NULL,"Oahu","1969",NULL
"4902","PHES 27:12","Pseudococcidae","Pseudococcus elisae",NULL,"Molokai","1985",NULL
"4903","PHES 26:31-34","Pseudococcidae","Pseudococcus elisae",NULL,"Oahu","1984",NULL
"4904","PHES 27:13","Cicadellidae","Agallia lingula",NULL,"Oahu","1985",NULL
"4905","PHES 27:13","Delphacidae","Sogata eupompe (=Chloriona eupompe)",NULL,"Oahu","1985",NULL
"4906","PHES 27:13","Margarodidae","Steatococcus samaraius",NULL,"Guam","1985",NULL
"4907","PHES 27:14","Pseudococcidae","Maconellicoccus hirsutus","Egyptian Hibiscus mealybug","Maui","1985",NULL
"4908","PHES 25:27","Pseudococcidae","Maconellicoccus hirsutus","Egyptian Hibiscus mealybug","Oahu","1983",NULL
"4909","PHES 27:14","Aleurodidae","Aleurotuberculatas minutus",NULL,"Oahu","1985",NULL
"4910","PHES 27:14","Thripidae","Sericothrips gracilipes",NULL,"Oahu","1985",NULL
"4911","PHES 25:30","Thripidae","Sericothrips gracilipes",NULL,"Maui","1985",NULL
"4912","PHES 27:14","Thripidae","Echinothrips americanus",NULL,"Oahu","1985",NULL
"4913","PHES 24:192","Thripidae","Echinothrips americanus",NULL,"Hawaii","1983",NULL
"4914","PHES 27:16","Brontispidae","Brontispa chalybeipennis?",NULL,"Oahu","1985",NULL
"4915","PHES 27:17","Sphecidae","Liris opulenta",NULL,"Kauai","1985",NULL
"4916","PHES:13:22","Sphecidae","Liris opulenta",NULL,"Oahu","1946",NULL
"4917","PHES 21:309","Sphecidae","Liris opulenta",NULL,"Hawaii","1971",NULL
"4918","PHES 27:17","Muscidae","Muscina stabulans","false stable fly","Molokai","1963",NULL
"4919","PHES 27:17","Muscidae","Muscina stabulans","false stable fly","Kauai","1965",NULL
"4920","PHES 27:17","Muscidae","Muscina stabulans","false stable fly","Hawaii","1964",NULL
"4921","PHES 27:17","Sarcophagidae","Parasarcophaga albiceps",NULL,"Kauai","1963",NULL
"4922","PHES 27:17","Sarcophagidae","Parasarcophaga albiceps",NULL,"Hawaii","1963",NULL
"4923","PHES 27:17","Sarcophagidae","Parasarcophaga albiceps",NULL,"Molokai","1965",NULL
"4924","PHES 27:17","Pulicidae","Xenopsylla cheopis",NULL,"Molokai","1963",NULL
"4925","PHES 27:17","Hoploplueuridae","Polyplax spinulosa",NULL,"Molokai","1965",NULL
"4926","PHES 27:17","Hoploplueuridae","Polyplax spinulosa",NULL,"Kauai","1965",NULL
"4927","Schreiner & Nafus 1986","Tephritidae","Dacus dorsalis",NULL,"Guam","1947",NULL
"4928","Schreiner & Nafus 1986","Tephritidae","Dacus dorsalis",NULL,"Saipan","1935",NULL
"4929","Schreiner & Nafus 1986","Coccinelidae","Epilachna philippinensis",NULL,"Guam","1948",NULL
"4930","Schreiner & Nafus 1986","Aleyrodidae","Aleurocanthus spiniferus",NULL,"Guam","1951",NULL
"4931","Schreiner & Nafus 1986","Agromyzidae","Liriomyza brassicae",NULL,"Guam","1951",NULL
"4932","Schreiner & Nafus 1986","Rhinotermitidae","Coptotermes formosanus",NULL,"Guam","1950",NULL
"4933","Schreiner & Nafus 1986","Scarabeidae","Adoretus sinicus",NULL,"Guam","1948",NULL
"4934","Schreiner & Nafus 1986","Agromyzidae","Ophiomyia phaseoli",NULL,"Guam","1951",NULL
"4935","Schreiner & Nafus 1986","Chrysomelidae","Aulacophora similis",NULL,"Guam","1951",NULL
"4936","Schreiner & Nafus 1986","Scarabeidae","Protaetia fusca",NULL,"Guam","1954",NULL
"4937","Schreiner & Nafus 1986","Plutellidae","Plutella xylostella",NULL,"Guam","1950",NULL
"4938","Schreiner & Nafus 1986","Papilionidae","Papilio polytes",NULL,"Guam","1950",NULL
"4939","Schreiner & Nafus 1986","Hesperiidae","Erionata thrax",NULL,"Guam","1957",NULL
"4940","Schreiner & Nafus 1986","Coreidae","Physomerus grossipes",NULL,"Guam","1964",NULL
"4941","Schreiner & Nafus 1986","Coreidae","Physomerus grossipes",NULL,"Palau Islands","1984",NULL
"4942","Schreiner & Nafus 1986","Nitidulidae","Conotelus mexicanus",NULL,"Hawaiian Islands","1955",NULL
"4943","Schreiner & Nafus 1986","Nitidulidae","Conotelus mexicanus",NULL,"Guam","1964",NULL
"4944","Schreiner & Nafus 1986","Pentatomidae","Brachyplatus sp.",NULL,"Guam","1964",NULL
"4945","Schreiner & Nafus 1986","Pseudococcidae","Phaenococcus gossypii",NULL,"Guam","1972",NULL
"4946","Schreiner & Nafus 1986","Diaspididae","Furcapis oceanica",NULL,"Saipan","1943",NULL
"4947","Schreiner & Nafus 1986","Diaspididae","Furcapis oceanica",NULL,"Guam","1960",NULL
"4948","Schreiner & Nafus 1986","Agromyzidae","Liriomyza sativae",NULL,"Guam","1969",NULL
"4949","Schreiner & Nafus 1986","Noctuidae","Pericyma cruegeri",NULL,"Guam","1971",NULL
"4950","Schreiner & Nafus 1986","Noctuidae","Pericyma cruegeri",NULL,"Rota","9999",NULL
"4951","Schreiner & Nafus 1986","Eumenidae","Delta pyriforme",NULL,"Guam","1973",NULL
"4952","Schreiner & Nafus 1986","Eumenidae","Delta circinalis",NULL,"Guam","1973",NULL
"4953","Schreiner & Nafus 1986","Scarabeidae","Protaetia orientalis",NULL,"Guam","1972",NULL
"4954","Schreiner & Nafus 1986","Brontispidae","Brontispa palauensis",NULL,"Guam","1973",NULL
"4955","Schreiner & Nafus 1986","Psychidae","Brachycyttarus poss. Griseus",NULL,"Guam","1976",NULL
"4956","Schreiner & Nafus 1986; Proc. Haw. Ent. Soc. 1986","Psychidae","Brachycyttarus poss. Griseus",NULL,"Hawaiian Islands","1984",NULL
"4957","Schreiner & Nafus 1986","Pseudococcidae","Nipaecoccus vastator",NULL,"Guam","1977",NULL
"4958","Schreiner & Nafus 1986","Pseudococcidae","Nipaecoccus vastator",NULL,"Hawaiian Islands","9999",NULL
"4959","Schreiner & Nafus 1986","Agromyzidae","Lyriomyza trifolii",NULL,"Guam","1981",NULL
"4960","Schreiner & Nafus 1986","Agromyzidae","Lyriomyza trifolii",NULL,"Hawaiian Islands","9999",NULL
"4961","Schreiner & Nafus 1986","Agromyzidae","Lyriomyza trifolii",NULL,"Northern Mariana Islands","9999",NULL
"4962","Schreiner & Nafus 1986","Agromyzidae","Lyriomyza trifolii",NULL,"Yap","9999",NULL
"4963","Schreiner & Nafus 1986","Agromyzidae","Lyriomyza trifolii",NULL,"Pohnpei","9999",NULL
"4964","Schreiner & Nafus 1986","Pseudococcidae","Maconellicoccus hirsutus","Egyptian Hibiscus mealybug","Guam","1984",NULL
"4965","Schreiner & Nafus 1986","Pseudococcidae","Maconellicoccus hirsutus","Egyptian Hibiscus mealybug","Truk","9999",NULL
"4966","Schreiner & Nafus 1986","Pseudococcidae","Maconellicoccus hirsutus","Egyptian Hibiscus mealybug","Hawaiian Islands","9999",NULL
"4967","Schreiner & Nafus 1986","Coccidae","Ceroplastes ceriferus","Indian wax scale","Guam","1982",NULL
"4968","Schreiner & Nafus 1986","Magarodidae","Steatococcus samaraius",NULL,"Guam","1985",NULL
"4969","Schreiner & Nafus 1986","Magarodidae","Steatococcus samaraius",NULL,"Palau Islands","9999",NULL
"4970","Schreiner & Nafus 1986","Magarodidae","Steatococcus samaraius",NULL,"Yap","9999",NULL
"4971","Schreiner & Nafus 1986","Aleyrodidae","Aleurodicus dispersus",NULL,"Guam","1981",NULL
"4972","Schreiner & Nafus 1986","Aleyrodidae","Aleurodicus dispersus",NULL,"Hawaiian Islands","9999",NULL
"4973","Schreiner & Nafus 1986","Aleyrodidae","Aleurodicus dispersus",NULL,"Palau Islands","9999",NULL
"4974","Schreiner & Nafus 1986","Aleyrodidae","Aleurodicus dispersus",NULL,"Pohnpei","9999",NULL
"4975","http://entnemdept.ufl.edu/creatures/veg/melon_thrips.htm","Thripidae","Thrips palmi",NULL,"Hawaiian Islands","1982",NULL
"4976","Schreiner & Nafus 1986","Thripidae","Thrips palmi",NULL,"Guam","1983",NULL
"4977","Schreiner & Nafus 1986","Aleyrodidae","Aleurothrixus floccosus",NULL,"Guam","1984",NULL
"4978","Schreiner & Nafus 1986","Aleyrodidae","Aleurothrixus floccosus",NULL,"Hawaiian Islands","1981",NULL
"4979","Schreiner & Nafus 1986","Psyllidae","Heteropsylla sp. poss. incisa",NULL,"Hawaiian Islands","1984",NULL
"4980","Schreiner & Nafus 1986","Psyllidae","Heteropsylla sp. poss. incisa",NULL,"Guam","1985",NULL
"4981","Schreiner & Nafus 1986","Psyllidae","Heteropsylla sp. poss. incisa",NULL,"Saipan","1985",NULL
"4982","Schreiner & Nafus 1986","Psyllidae","Heteropsylla sp. poss. incisa",NULL,"Palau Islands","1985",NULL
"4983","Schreiner & Nafus 1986","Psyllidae","Heteropsylla sp. poss. incisa",NULL,"Tonga","1985",NULL
"4984","Schreiner & Nafus 1986","Psyllidae","Heteropsylla sp. poss. incisa",NULL,"Fiji","1985",NULL
"4985","Schreiner & Nafus 1986","Chrysomelidae","Rhyparida sp.",NULL,"Guam","1985",NULL
"4986","Schreiner & Nafus 1986","Scarabeidae","Popillia lewisi",NULL,"Guam","1985",NULL
"4987","Proc. Haw. Ent. Soc. 1986","Noctuidae","Endocima fullonia",NULL,"Oahu","1985",NULL
"4988","Aubrey Moore, unpublished","Diaspididae","Aulacaspis yasumatsui","Aulacaspis cycad scale","Guam","2003",NULL
"4990","Aubrey Moore, unpublished","Pseudococcidae","Nipaecoccus nipae","coconut mealybug","Guam","2004",NULL
"4991","Aubrey Moore, unpublished","Aleyrodidae","Metaleurodes cardini","Cardin's whitefly","Guam","2004",NULL
"4992","Muniappan, unpublished","Orthezidae","Orthezia insignis (unconfirmed)","greenhouse ensign coccid","Guam","2003",NULL
NULL,"Muniappan","Pseudococcidae","Paracoccus marginatus","papaya mealybug","Guam","2002",NULL
NULL,"Moore","Lycaenidae","Chilades pandava","cycad blue butterfly","Guam","2005","ex Cycas yasumatsui"
NULL,"Moore","Sphingidae","Daphnis nerii","oleander hawk moth","Guam","2005",NULL
NULL,"Moore","Eulophidae","Quadrastichus erythrinae","Erythrina gall wasp","Guam","2006",NULL
NULL,"Moore","Formicidae","Lepisiota frauenfeldi","ant","Guam","2006",NULL
NULL,"Moore","Aleuridae","Tetraleurodes acaciae","acacia whitefly","Guam","2007",NULL
NULL,"Moore","Coccinellidae","Epilachna cucrubitae","cucurbit lady beetle","Guam","2007",NULL
NULL,"Moore","Buprestidae","Aphanisticus cochinchinae","buprestid","Guam","2009",NULL
NULL,"Moore","Eulophidae","Selitrichoides casuarinae","Casuarina gall wasp","Guam","2009",NULL
NULL,"Moore","Scolytidae","Coccotrypes advena",NULL,"Guam","2011",NULL
NULL,"Moore","Scolytidae","Hypothemus burmanus",NULL,"Guam","2011",NULL
NULL,"Moore","Scolytidae","Hypothemus crudiae",NULL,"Guam","2011",NULL
NULL,"Moore","Scolytidae","Xylosandrus crassiusculus",NULL,"Guam","2011",NULL
NULL,"SwansonReeves2011","Ceratopogonidae","Culicoides peliliouensis","biting midge","Guam","2010","New records of biting midges (Diptera: Ceratopogonidae) from Guam Island, USA.
Swanson, D.A.; W.K. Reeves.
Check List 7(3):313-314

http://www.checklist.org.br/getpdf?NGD023-11"
NULL,"SwansonReeves2011","Ceratopogonidae","Dasyhelia carolinensis","biting midge","Guam","2010","New records of biting midges (Diptera: Ceratopogonidae) from Guam Island, USA.
Swanson, D.A.; W.K. Reeves.
Check List 7(3):313-314

http://www.checklist.org.br/getpdf?NGD023-11"
NULL,"SwansonReeves2011","Ceratopogonidae","Dasyhelea dupliforceps","biting midge","Guam","2010","New records of biting midges (Diptera: Ceratopogonidae) from Guam Island, USA.
Swanson, D.A.; W.K. Reeves.
Check List 7(3):313-314

http://www.checklist.org.br/getpdf?NGD023-11"
NULL,"Nunn","Culicidae","Anopheles aureohirtum",NULL,"Guam","2011",NULL
NULL,"Chiba","Hesperiidae","species needed",NULL,"Guam","2011",NULL
NULL,"Moore","Aleyrodidae","Dialeuropora decempunctata",NULL,"Guam","2011","unconfirme"
NULL,"APHIS","Diaspididae","Chrysomphalus aonidium",NULL,"Guam",NULL,"APHIS int "
NULL,"Moore","Coccidae","Pulvinaria urbicola",NULL,"Guam","2011",NULL
NULL,"Jerzy and Zack","Cydnidae","Byrsinus varians",NULL,"Guam","2010",NULL
NULL,"Jerzy and Zack","Cydnidae","Fromundus biimpressus",NULL,"Guam","2010",NULL
NULL,"Jerzy and Zack","Cydnidae","Rhytidoporus indentatus",NULL,"Guam","2010",NULL
NULL,"Miller","Formicidae","Wasmannia auropunctata","little fire ant","Guam","2011",NULL
NULL,"Moore","Formicidae","Polyrachis sp. (not dives)",NULL,"Guam","2012",NULL
NULL,"Mankin and Moore","Termitidae","Nasutitermes luzonicus",NULL,"Guam","2010",NULL
NULL,"Marler 2011","Termitidae","Schederorhinotermes longirostris",NULL,"Guam","2010",NULL
NULL,"Moore2012a","Thripidae","Dinurothrips hookeri",NULL,"Guam","2012",NULL
NULL,"Reddy2011","Tenuipalpidae","Brevipalpus californicus",NULL,"Guam","2011",NULL
NULL,"Reddy2011","Cunaxidae","Cunaxa sp.","mite","Guam","2011",NULL
NULL,"Reddy2011","Eupodidae","Eupodes sp.","mite","Guam","2011",NULL
NULL,"Reddy2011","Phytoseidae","Phytoseis horridus species group prob. P. mayottae","mite","Guam","2011",NULL
NULL,"Reddy2011","Phytoseidae","Amblyscius obtusus species group A. nr lentiginosus","mite","Guam","2011",NULL
NULL,"Moore","Eriophyidae","Acerimina tiliaceae","hibiscus gall mite","Guam","2011",NULL
NULL,"Reddy2011","Glyciphagidae","Lepidoglyphus destructor","mite","Guam","2011",NULL
NULL,"Moore2010","Aranaeidae","Araneus ventricosus","orb web spider","Guam","2010",NULL
NULL,"Moore2010","Aranaeidae","Larinioides cornutus","orb web spider","Guam","2010",NULL
NULL,"Moore","Pentatomidae","Halymorpha halys","brown marmorated stink bug","Guam","2014",NULL
NULL,"Moore","Diaspididae","Pseudaonidia duplex","camphor scale","Guam","2014",NULL
NULL,"Moore","Arctiidae","Olepa ricini","castor hairy caterpillar","Saipan","2014",NULL
NULL,"Moore","Chrysomelidae","Diabrotica undecimpuntata","spotted cucmber beetle; so","Guam","2014",NULL
NULL,"Moore","Varroidae","Varroa destructor","varroa mite","Guam","2014",NULL
NULL,"Moore","Pseudococcidae","Coccidohystrix insolita","eggplant mealybug","Guam","2013",NULL
NULL,"NunnReevesUtter2011","Culicidae","Anopheles campestris","mosquito","Guam","2010","New Records for Micronesian Mosquitoes
Peter V. Nunn, Will K. Reeves, and Curtis M. UtterJournal of the American Mosquito Control Association 2011 27 (3), 300-302
"
NULL,"Muniappan2002","Tetranychidae","Eotetranychus sexmaculatus","six spooted spider mite","Guam","2002","@article {Muniappan2002,
	title = {Pests of \textit{Elaeocarpus joga} in Guam},
	journal = {Micronesica},
	volume = {34},
	number = {2},
	year = {2002},
	pages = {109{\textendash}111},
	author = {Muniappan, R. and Marler, Thomas and Lawrence, John H.}
}"
NULL,"Muniappan2000","Eulophidae","Thripobius semiluteus","thrips parasitoid","Guam","2000","@article {Muniappan2000,
	title = {Greenhouse and red banded thrips and two of their natural enemies on \textit{Elaeocarpus joga} in Guam},
	journal = {J. Hawaiian Pacific Agric.},
	volume = {11},
	year = {2000},
	pages = {61{\textendash}63},
	author = {Muniappan, R. and Lawrence, John H. and Marler, Thomas}
}"
NULL,"Muniappan2000","Bdellidae","Bdella distincta","predatory mite","Guam","2000","@article {Muniappan2000,
	title = {Greenhouse and red banded thrips and two of their natural enemies on \textit{Elaeocarpus joga} in Guam},
	journal = {J. Hawaiian Pacific Agric.},
	volume = {11},
	year = {2000},
	pages = {61{\textendash}63},
	author = {Muniappan, R. and Lawrence, John H. and Marler, Thomas}
}"
NULL,"Marler2006a","Tineidae","Erechthisa sp.","cycad leaf miner","Guam","2003","@article {Marler2006a,
	title = {Pests of Cycas micronesica leaf, stem, and male reproductive tissues with notes on current threat status},
	journal = {Micronesica},
	volume = {39},
	number = {1},
	year = {2006},
	pages = {1{\textendash}9},
	url = {http://www.uog.edu/up/micronesica/dynamicdata/assetmanager/images/pdf/marler.pdf},
	author = {Marler, Thomas and Muniappan, R.}
}"
NULL,"Marler2006a","Tineidae","Dasyses rugosella","stem borer","Guam","2005","@article {Marler2006a,
	title = {Pests of Cycas micronesica leaf, stem, and male reproductive tissues with notes on current threat status},
	journal = {Micronesica},
	volume = {39},
	number = {1},
	year = {2006},
	pages = {1{\textendash}9},
	url = {http://www.uog.edu/up/micronesica/dynamicdata/assetmanager/images/pdf/marler.pdf},
	author = {Marler, Thomas and Muniappan, R.}
}"
NULL,"Marler2006a","Cosmopterigidae","Anatrychintis sp.","cycad male cone borer","Guam","2005","@article {Marler2006a,
	title = {Pests of Cycas micronesica leaf, stem, and male reproductive tissues with notes on current threat status},
	journal = {Micronesica},
	volume = {39},
	number = {1},
	year = {2006},
	pages = {1{\textendash}9},
	url = {http://www.uog.edu/up/micronesica/dynamicdata/assetmanager/images/pdf/marler.pdf},
	author = {Marler, Thomas and Muniappan, R.}
}"
NULL,"marutani1995outbreak","Aleyrodidae","Bemisia argentifolia","silverleaf whitefly","Guam","1993","@article{marutani1995outbreak,
  title={An Outbreak of a New Whitefly in Guam},
  author={Marutani, M and Yudin, L and Nafus, D and Cruz, F and Santos, V},
  journal={HortScience},
  volume={30},
  number={4},
  pages={829--829},
  year={1995},
  publisher={American Society for Horticultural Science}
}
"
NULL,"Moore","Diaspididae","Pseudaulacaspis cockerelli","false oleander scale","Guam","2003",NULL
NULL,"Moore","Psyllidae","Diaphorina citri","Asian citrus psyllid","Guam","2007","http://www.dddi.org/pacific/mainmenu.cfm?evaluate=INSECTID&sampleno=375"
NULL,"Moore","Scarabaeidae","Oryctes rhinoceros","coconut rhinoceros beetle","Guam","2007",NULL
NULL,"Moore","Lycaenidae","Chilades pandava","cycad blue butterfly","Guam","2005",NULL
NULL,"Moore","Aphelinidae","Aphytis sp.",,"Guam","2013","ex Lingaspis rossi"
NULL,"Moore","Encyrtidae","Arrhenophagus sp.",NULL,"Guam","2013","ex Aulacaspis yasumatsui"
NULL,"Watson","Diaspididae","Pseudaonidia trilobitiformis",NULL,"Guam","2013","https://mail.google.com/mail/u/0/?pli=1#search/Chrysomphalus/13e61dcae5dd66dd"
